date,bitcoin,doge,stellar,little,monero,tether,tesla,tsmc,nvidia,intel,amd,qualcom
6/22/2015,246.990005,0.000219,0.003682,3.02846,0.540599,1,51.958,23.84,21.780001,32.259998,2.62,67.360001
6/23/2015,244.296005,0.000187,0.003508,2.97453,0.526921,1,53.534,23.93,21.219999,32.09,2.61,66.980003
6/24/2015,240.514999,0.000178,0.003436,2.77863,0.506506,1,53.034,23.9,21.01,31.91,2.62,65.349998
6/25/2015,242.798996,0.000186,0.003477,2.85033,0.503678,1,53.757999,24.08,21.17,31.99,2.58,65.260002
6/26/2015,243.593994,0.000201,0.003407,2.86024,0.484247,1,53.417999,23.629999,20.74,31.02,2.47,64.669998
6/29/2015,257.063995,0.000214,0.003503,3.7365,0.493447,1,52.403999,22.379999,20.120001,30.389999,2.34,62.619999
6/30/2015,263.071991,0.000199,0.00347,4.08676,0.500266,1,53.652,22.709999,20.110001,30.42,2.4,62.630001
7/1/2015,258.621002,0.000193,0.003458,3.92427,0.498848,1,53.830002,22.93,20.4,30.18,2.42,62.900002
7/2/2015,255.412003,0.000191,0.003401,4.06537,0.492605,1,56.004002,23.15,20.42,30.559999,2.53,63.110001
7/6/2015,269.029999,0.000192,0.003228,5.41723,0.505507,1,55.944,22.940001,20.17,30.040001,2.47,63.110001
7/7/2015,266.207001,0.000189,0.003141,5.23463,0.512376,1,53.576,22.959999,19.790001,29.9,2.09,62.799999
7/8/2015,270.785004,0.000189,0.003214,6.36112,0.51399,1,50.992001,22.23,19.65,29.5,2.01,61.91
7/9/2015,269.227997,0.000195,0.003059,7.53694,0.497226,1,51.584,22.219999,19.41,28.93,1.98,61.860001
7/10/2015,284.894012,0.000203,0.003115,4.50522,0.520876,1,51.830002,22.57,19.75,29.17,1.96,62.73
7/13/2015,292.053986,0.0002,0.003219,4.6799,0.572132,1,52.431999,22.860001,19.879999,29.73,1.96,63.43
7/14/2015,287.463989,0.000194,0.003077,4.64989,0.570033,1,53.130001,22.799999,19.889999,29.65,2.05,63.939999
7/15/2015,285.82901,0.000186,0.003003,4.21409,0.541855,1,52.627998,22.559999,19.75,29.690001,1.96,63.880001
7/16/2015,278.088989,0.000171,0.002831,3.68978,0.536325,1,53.335999,22.73,20.190001,29.9,1.87,64.550003
7/17/2015,279.471985,0.00018,0.002853,3.78681,0.535182,1,54.931999,23.030001,20.07,29.469999,1.79,64.339996
7/20/2015,278.980988,0.000174,0.002986,3.93859,0.547709,1,56.452,22.9,19.700001,29.1,1.8,63.790001
7/21/2015,275.833008,0.00017,0.003067,3.76621,0.587578,1,53.354,22.879999,19.790001,28.719999,1.8,65.139999
7/22/2015,277.221985,0.000184,0.003118,3.82366,0.57342,1,53.574001,22.219999,19.41,28.610001,1.79,64.190002
7/23/2015,276.049011,0.000178,0.003037,3.78444,0.570335,1,53.439999,22.309999,19.65,28.6,1.76,61.779999
7/24/2015,288.278015,0.000188,0.003094,4.60183,0.576016,1,53.082001,21.639999,19.42,28.059999,1.67,61.639999
7/27/2015,293.623993,0.000189,0.002945,4.67137,0.59605,1,50.602001,21.629999,19.309999,28.35,1.62,61.98
7/28/2015,294.427002,0.000188,0.002727,5.0584,0.615015,1,52.964001,21.879999,19.73,28.959999,1.77,63.099998
7/29/2015,289.589996,0.000184,0.002823,4.79768,0.589967,1,52.764,22.110001,19.969999,29.01,1.96,63.169998
7/30/2015,287.721985,0.000183,0.002811,4.57803,0.583228,1,53.358002,22.700001,20.02,28.91,1.93,64.410004
7/31/2015,284.649994,0.000184,0.002644,4.64104,0.574956,1,53.23,22.110001,19.950001,28.950001,1.93,64.389999
8/3/2015,281.22699,0.000173,0.002631,4.16219,0.595818,1,51.998001,21.719999,20.290001,29.049999,2.2,64.43
8/4/2015,285.217987,0.000176,0.002632,4.37793,0.618406,1,53.256001,21.450001,20.370001,29.129999,2.13,63.450001
8/5/2015,281.881989,0.000173,0.002634,4.34922,0.618616,1,54.026001,21.610001,20.58,29.120001,2.16,63.880001
8/6/2015,278.576996,0.000168,0.002524,4.06467,0.729102,1,49.226002,21.280001,20.450001,29.01,2.11,62.84
8/7/2015,279.584991,0.000168,0.002432,4.20828,0.742292,1,48.501999,21.030001,22.98,28.879999,2.09,63.02
8/10/2015,264.470001,0.00016,0.002466,3.94888,0.656576,1,48.228001,21.610001,23.780001,29.639999,1.93,63.150002
8/11/2015,270.385986,0.000164,0.002398,4.15955,0.603582,1,47.473999,20.83,23.66,28.969999,1.9,62.549999
8/12/2015,266.376007,0.00016,0.00238,3.98545,0.622923,1,47.633999,20.75,23.719999,29.459999,1.9,62.580002
8/13/2015,264.079987,0.000156,0.002264,3.88034,0.575855,1,48.501999,20.540001,23.52,28.870001,1.79,62.029999
8/14/2015,265.679993,0.000158,0.002314,4.02623,0.609906,1,48.630001,20.379999,23.540001,29.02,1.84,61.91
8/17/2015,257.976013,0.00015,0.00217,3.98396,0.610122,1,50.998001,20.280001,23.389999,29.08,1.8,62.07
8/18/2015,211.078995,0.000134,0.001878,3.46971,0.493284,1,52.144001,20.030001,23.08,28.91,1.8,61.32
8/19/2015,226.684006,0.000131,0.00181,3.47782,0.534101,1,51.049999,19.91,22.99,28.360001,1.8,61.18
8/20/2015,235.350006,0.000139,0.00203,3.60509,0.597797,1,48.436001,19.610001,22.16,27.530001,1.7,60.150002
8/21/2015,232.569,0.000145,0.001995,3.56502,0.568307,1,46.153999,18.879999,21.469999,26.559999,1.78,57.610001
8/24/2015,210.494995,0.000128,0.001892,2.99474,0.434871,1,43.773998,18.76,20.709999,26.25,1.75,55.279999
8/25/2015,221.608994,0.000129,0.001855,2.9372,0.490286,1,44.006001,18.76,20.280001,25.870001,1.66,53.880001
8/26/2015,225.830994,0.000133,0.002035,2.94651,0.496679,1,44.967999,19.450001,21.809999,27.299999,1.72,56.66
8/27/2015,224.768997,0.000129,0.002005,2.86605,0.465475,1,48.598,19.940001,22.629999,27.719999,1.78,57.360001
8/28/2015,231.395996,0.000132,0.002354,2.90629,0.481627,1,49.695999,20,22.73,28.42,1.85,57.450001
8/31/2015,230.056,0.000129,0.002479,2.84207,0.467238,1,49.812,19.879999,22.48,28.540001,1.81,56.580002
9/1/2015,228.121002,0.000127,0.002435,2.82001,0.458517,1,47.726002,19.41,21.559999,27.82,1.71,55.02
9/2/2015,229.283997,0.000126,0.002423,2.79545,0.468083,1,49.537998,19.940001,22.209999,28.6,1.77,55.860001
9/3/2015,227.182999,0.000122,0.002377,2.63314,0.45929,1,49.113998,20.07,22.27,29.08,1.79,55.549999
9/4/2015,230.298004,0.000125,0.002321,2.70112,0.467874,1,48.386002,19.67,21.75,28.52,1.82,54.290001
9/8/2015,243.606995,0.000131,0.0023,3.04738,0.517402,1,49.633999,20.049999,22.68,29.5,1.88,55.200001
9/9/2015,238.167999,0.00013,0.002195,2.92392,0.506011,1,49.782001,19.879999,22.23,29.24,1.85,54.32
9/10/2015,238.477005,0.000129,0.002208,2.94936,0.497247,1,49.695999,19.700001,22.58,29.27,1.84,55.330002
9/11/2015,240.106995,0.000131,0.002231,2.95746,0.495325,1,50.048,19.9,22.65,29.469999,2.01,54.66
9/14/2015,230.643997,0.000125,0.002139,2.84465,0.482289,1,50.638,20.040001,22.690001,29.389999,1.82,54.310001
9/15/2015,230.304001,0.000126,0.002183,2.82319,0.502379,1,50.714001,20.389999,22.940001,29.73,1.86,54.869999
9/16/2015,229.091003,0.000124,0.002159,2.80298,0.509974,1,52.450001,20.67,23.1,29.77,1.89,55.200001
9/17/2015,229.809998,0.000125,0.002228,2.90637,0.494782,1,52.414001,20.66,23.309999,29.709999,1.89,54.98
9/18/2015,232.975006,0.000127,0.002243,2.95696,0.50044,1,52.124001,20.610001,23.290001,29.02,1.87,54.450001
9/21/2015,227.085007,0.00013,0.002142,2.79913,0.480452,1,52.84,20.530001,23.530001,29.16,1.81,54.389999
9/22/2015,230.617996,0.000126,0.002138,2.84465,0.471829,1,52.188,19.950001,22.889999,28.67,1.73,53.939999
9/23/2015,230.283005,0.000124,0.002082,2.86555,0.464606,1,52.212002,20.01,23,28.74,1.7,53.560001
9/24/2015,234.529007,0.000124,0.002058,2.92998,0.468678,1,52.624001,19.99,23.440001,28.48,1.72,53.27
9/25/2015,235.143997,0.000122,0.002056,2.89286,0.451515,1,51.382,20.049999,23.610001,28.809999,1.71,53.220001
9/28/2015,239.141998,0.000124,0.002091,3.0728,0.448998,1,49.686001,19.629999,23.299999,28.76,1.66,52.540001
9/29/2015,236.686996,0.000121,0.002055,2.96999,0.435817,1,49.330002,19.889999,23.709999,29.24,1.67,52.43
9/30/2015,236.059998,0.000123,0.001985,3.00978,0.399882,1,49.68,20.75,24.65,30.139999,1.72,53.73
10/1/2015,237.548996,0.000122,0.002224,3.00192,0.404696,1,47.976002,20.860001,24.17,30,1.74,53.18
10/2/2015,237.292999,0.000123,0.002076,2.9932,0.409897,1,49.514,20.76,24.799999,30.51,1.83,55.07
10/5/2015,240.382996,0.000117,0.001989,3.01599,0.416151,1,49.23,21.4,25.42,31.209999,1.8,56.23
10/6/2015,246.063004,0.000121,0.002077,3.14593,0.411378,1,48.292,21.23,25.75,31.74,1.83,56.32
10/7/2015,242.968994,0.000121,0.002075,3.05858,0.393186,1,46.391998,21.93,26.02,32.32,1.86,56.610001
10/8/2015,242.304001,0.000119,0.001996,3.06403,0.387872,1,45.344002,22.25,26.17,32.52,1.93,57.66
10/9/2015,243.931,0.000119,0.002121,3.10797,0.397329,1,44.138,21.950001,26.07,32.139999,1.96,57.779999
10/12/2015,245.307999,0.000119,0.002031,3.1372,0.395317,1,43.116001,22.09,26.35,32.209999,1.87,57.790001
10/13/2015,249.507996,0.000121,0.002101,3.17974,0.388015,1,43.849998,21.940001,26.4,32.040001,1.92,57.509998
10/14/2015,251.988998,0.00012,0.001915,3.14418,0.384266,1,43.375999,22.34,27.360001,32.799999,1.95,58.630001
10/15/2015,254.320007,0.00012,0.001934,3.10489,0.390841,1,44.262001,21.950001,27.43,32.75,1.97,59.259998
10/16/2015,262.868988,0.000121,0.001936,3.10735,0.411511,1,45.402,22.16,27.860001,33.040001,1.94,59.91
10/19/2015,263.437012,0.000119,0.001933,3.04797,0.403212,1,45.619999,22.23,27.809999,33.59,2.01,59.099998
10/20/2015,269.463013,0.000118,0.00187,3.0926,0.399646,1,42.605999,22.309999,27.77,33.439999,2.02,59
10/21/2015,266.272003,0.000117,0.001975,3.07515,0.394597,1,42.018002,22.219999,27.41,33.369999,2.1,58.970001
10/22/2015,274.02301,0.000118,0.001957,3.11465,0.403236,1,42.344002,22.51,28.4,34.400002,2.14,60.43
10/23/2015,276.496002,0.000115,0.001956,3.11154,0.393922,1,41.818001,22.469999,28.59,34.900002,2.21,60.73
10/26/2015,285.299988,0.000116,0.00186,3.10443,0.38796,1,43.051998,22.16,28.459999,34.59,2.15,59.209999
10/27/2015,293.787994,0.000118,0.001997,3.09455,0.409574,1,42.07,22.200001,28.440001,34.470001,2.15,59.279999
10/28/2015,304.618011,0.000126,0.00202,3.10077,0.448829,1,42.591999,22.08,28.67,34.709999,2.18,60.27
10/29/2015,313.855011,0.000141,0.002069,3.78221,0.447103,1,42.326,21.82,27.68,34.029999,2.13,60
10/30/2015,328.015015,0.000151,0.002184,4.06168,0.456442,1,41.386002,21.959999,28.370001,33.860001,2.12,59.419998
11/2/2015,361.188995,0.000147,0.00219,4.1649,0.442886,1,42.757999,22.1,28.700001,34.110001,2.19,60.639999
11/3/2015,403.416992,0.000156,0.002189,4.5898,0.442707,1,41.669998,22.77,28.5,34.310001,2.28,60.869999
11/4/2015,411.562988,0.000149,0.00218,4.23022,0.505869,1,46.326,23.549999,28.030001,34.150002,2.2,60.259998
11/5/2015,386.354004,0.000146,0.002012,3.96164,0.43253,1,46.354,22.98,27.709999,34,2.2,51.07
11/6/2015,374.470001,0.000141,0.001917,3.54801,0.439195,1,46.472,22.82,31.549999,33.84,2.15,53.419998
11/9/2015,380.256989,0.000135,0.002033,3.39662,0.472776,1,45.066002,22.959999,31.41,33.349998,2.11,52.939999
11/10/2015,336.819,0.000123,0.002039,3.11515,0.460954,1,43.299999,22.51,30.809999,33.209999,2.02,52.27
11/11/2015,311.084015,0.000125,0.001964,2.96939,0.450299,1,43.816002,22.58,30.51,32.860001,2.07,52.849998
11/12/2015,338.152008,0.00013,0.002124,3.2787,0.443275,1,42.588001,22.24,30.4,32.400002,2,52.580002
11/13/2015,336.752991,0.00013,0.001974,3.22599,0.452619,1,41.438,21.889999,29.799999,32.110001,1.99,51.939999
11/16/2015,330.751007,0.000131,0.001922,3.18945,0.435954,1,42.862,22.35,30.4,32.099998,1.99,52.77
11/17/2015,335.093994,0.000133,0.002015,3.20198,0.428999,1,42.799999,22.52,30.4,32.639999,1.98,52.98
11/18/2015,334.589996,0.000135,0.001909,3.18551,0.415567,1,44.214001,22.52,31.030001,33.16,2.12,48
11/19/2015,326.148987,0.00013,0.00193,3.13361,0.407052,1,44.360001,22.67,31.120001,34.299999,2.14,48.389999
11/20/2015,322.022003,0.000131,0.001895,3.11557,0.389316,1,44.001999,22.83,31.389999,34.66,2.22,49.619999
11/23/2015,323.04599,0.00013,0.0019,3.1241,0.391113,1,43.549999,22.57,30.92,34.48,2.22,48.970001
11/24/2015,320.04599,0.000128,0.001867,3.10783,0.390148,1,43.650002,22.5,31.17,34.360001,2.34,49.41
11/25/2015,328.205994,0.00013,0.001908,3.34444,0.387684,1,45.928001,22.559999,31.129999,34.450001,2.38,49.099998
11/27/2015,358.041992,0.000133,0.001766,3.57861,0.386268,1,46.321999,22.450001,31.389999,34.459999,2.33,48.540001
11/30/2015,377.321014,0.000128,0.001732,3.62122,0.395225,1,46.051998,22.76,31.719999,34.77,2.36,48.790001
12/1/2015,362.488007,0.000127,0.001739,3.4349,0.376028,0.999993,47.438,23.280001,32.75,35.09,2.34,49.299999
12/2/2015,359.187012,0.00013,0.001767,3.34225,0.368688,1,46.397999,23.190001,32.5,34.830002,2.27,51.849998
12/3/2015,361.04599,0.000129,0.001712,3.37749,0.366891,1,46.542,22.93,32.43,34.040001,2.23,51.400002
12/4/2015,363.183014,0.000129,0.00201,3.36181,0.370805,1,46.076,23.309999,33.75,34.939999,2.28,52.34
12/7/2015,395.536011,0.000133,0.001965,3.64514,0.421295,1,46.226002,23.24,33.110001,34.990002,2.36,52.43
12/8/2015,415.562988,0.000136,0.002292,3.68692,0.42936,1.00016,45.344002,23.08,33.560001,34.75,2.39,49.48
12/9/2015,417.562988,0.000142,0.002063,3.66903,0.452073,1.00008,44.903999,22.73,32.709999,34.810001,2.35,48.59
12/10/2015,415.479004,0.000139,0.002026,3.66394,0.431434,1,45.414001,22.65,32.98,34.77,2.45,48.57
12/11/2015,451.937988,0.00015,0.002135,3.83645,0.458294,1,43.403999,22.18,32.490002,34.27,2.36,47.459999
12/14/2015,444.182007,0.000145,0.002002,3.61457,0.534761,1,43.716,22.219999,32.57,34.470001,2.34,46.830002
12/15/2015,465.321014,0.00015,0.00187,3.83377,0.556358,1,44.217999,22.82,32.970001,35.18,2.36,48.02
12/16/2015,454.93399,0.00015,0.001846,3.69892,0.518993,1,46.902,23.16,33.169998,35.299999,2.54,48.07
12/17/2015,456.078003,0.000155,0.001857,3.74,0.501231,1,46.678001,22.959999,32.669998,34.91,2.56,47.540001
12/18/2015,463.615997,0.000155,0.001849,3.75696,0.499438,1,46.091999,22.93,32.139999,33.869999,2.45,47.43
12/21/2015,438.639008,0.000143,0.00178,3.45869,0.488745,0.999864,46.512001,22.950001,32.900002,34.240002,2.53,48.759998
12/22/2015,436.571991,0.000142,0.001728,3.41953,0.480099,0.999801,45.990002,23.059999,32.93,34.73,2.77,49.07
12/23/2015,442.401001,0.000147,0.001742,3.57807,0.482244,1,45.939999,23.08,33.060001,35,2.83,49.040001
12/24/2015,454.984985,0.000147,0.00177,3.644,0.490058,1,46.113998,23.15,33.169998,34.98,2.92,49.549999
12/28/2015,422.278992,0.000139,0.001777,3.46603,0.446928,1,45.790001,23.01,33.139999,34.93,3,49.580002
12/29/2015,432.983002,0.000155,0.001743,3.50026,0.45616,1,47.438,23.08,33.68,35.439999,3,50.880001
12/30/2015,426.619995,0.000153,0.001763,3.45914,0.441028,1,47.618,22.879999,33.389999,34.990002,2.98,50.41
12/31/2015,430.566986,0.000151,0.001751,3.48017,0.470402,1,48.001999,22.75,32.959999,34.450001,2.87,49.990002
1/4/2016,433.091003,0.000144,0.001748,3.49539,0.517388,1,44.681999,22.09,32.369999,33.990002,2.77,50.119999
1/5/2016,431.959991,0.000137,0.001721,3.46967,0.499272,1.00025,44.686001,21.950001,32.889999,33.830002,2.75,49.139999
1/6/2016,429.105011,0.000135,0.001672,3.45356,0.505053,1,43.807999,21.34,31.530001,33.080002,2.51,48.639999
1/7/2016,458.048004,0.000139,0.001728,3.60414,0.492529,1,43.130001,21.1,30.280001,31.84,2.28,46.139999
1/8/2016,453.230011,0.000158,0.001681,3.56888,0.488417,1,42.200001,20.809999,29.629999,31.51,2.14,45.880001
1/11/2016,448.428009,0.000171,0.001739,3.55662,0.482049,1,41.57,20.93,29.68,32.060001,2.34,46.07
1/12/2016,435.690002,0.00018,0.001743,3.49368,0.490113,1,41.993999,20.75,30.18,32.68,2.39,46.52
1/13/2016,432.371002,0.000177,0.001824,3.47602,0.484302,1.00045,40.062,20.48,29.26,31.91,2.25,46.099998
1/14/2016,430.306,0.000175,0.001914,3.46599,0.486483,1,41.236,21.82,28.67,32.740002,2.21,47.73
1/15/2016,364.330994,0.000149,0.001737,2.99678,0.428456,1,40.998001,21.1,27.110001,29.76,2.03,45.82
1/19/2016,380.148987,0.000148,0.001826,3.01744,0.545904,1,40.944,21.66,27.33,29.799999,1.95,46.09
1/20/2016,420.230011,0.000168,0.001821,3.38853,0.535095,1,39.740002,21.09,27.48,29.59,1.8,45.93
1/21/2016,410.261993,0.000163,0.001738,3.22078,0.549362,1,39.993999,21.33,27.799999,29.66,2.09,47.049999
1/22/2016,382.492004,0.000168,0.001704,3.07657,0.536995,1.00007,40.509998,21.93,28.450001,29.93,2.02,48.07
1/25/2016,391.726013,0.000212,0.001709,3.12728,0.581354,1.00001,39.276001,21.790001,28.42,29.6,2.12,47.580002
1/26/2016,392.153015,0.000356,0.001901,3.15482,0.584982,1,38.712002,21.59,28.700001,29.940001,2.07,48.52
1/27/2016,394.971985,0.000455,0.002235,3.28745,0.61087,1,37.613998,21.68,28.360001,29.809999,2.13,47.529999
1/28/2016,380.289001,0.000344,0.001908,3.12016,0.563129,0.999999,37.939999,21.629999,28.049999,29.969999,2.08,43.59
1/29/2016,379.473999,0.000316,0.001888,3.11138,0.51825,0.999978,38.240002,22.35,29.290001,31.02,2.2,45.34
2/1/2016,373.056,0.00027,0.001792,3.07724,0.497962,0.999969,39.388,22.459999,29.299999,30.82,2.14,46.110001
2/2/2016,374.447998,0.000262,0.001796,3.07587,0.501037,1,36.556,22.559999,28.059999,29.799999,1.99,43.150002
2/3/2016,369.949005,0.000265,0.001807,3.04753,0.491974,1,34.695999,22.92,28.200001,29.34,2.07,44.73
2/4/2016,389.593994,0.000287,0.001803,3.16277,0.507164,1,35.066002,23.23,28.209999,29.77,2.09,45.66
2/5/2016,386.549011,0.000305,0.001834,3.13741,0.496352,1,32.52,22.75,26.43,29.040001,1.98,44.02
2/8/2016,373.446991,0.000287,0.001841,3.06216,0.481636,1,29.598,22.799999,25.219999,28.82,1.93,43.889999
2/9/2016,376.028992,0.000292,0.001826,3.08155,0.46485,1,29.65,22.559999,25.49,28.809999,1.9,43.610001
2/10/2016,381.648987,0.000298,0.001849,3.09525,0.480424,1,28.733999,22.299999,25.43,28.23,1.84,42.959999
2/11/2016,379.653992,0.00029,0.001878,3.07562,0.516381,1,30.094,22,25.299999,28.219999,1.86,43
2/12/2016,384.263,0.000301,0.002344,3.11187,0.612499,1,30.208,22.24,25.73,28.639999,1.83,44.560001
2/16/2016,407.488007,0.000292,0.002649,3.20901,0.935744,1.00001,31.034,23.34,26.99,28.780001,1.83,46.73
2/17/2016,416.321991,0.000278,0.002158,3.24103,0.733156,1,33.736,23.639999,27.66,29.469999,1.9,48.41
2/18/2016,422.372986,0.000278,0.002122,3.25143,0.774533,1,33.354,23.799999,30.040001,29.42,1.91,49.080002
2/19/2016,420.785004,0.000297,0.00211,3.25279,0.819088,1,33.316002,23.780001,30.440001,28.709999,1.91,49.419998
2/22/2016,437.747986,0.000283,0.001976,3.48363,0.77803,1,35.548,23.959999,31.52,29.35,2.01,51.279999
2/23/2016,420.735992,0.00028,0.001903,3.39693,0.756528,1,35.442001,23.4,31.6,28.799999,1.97,50.419998
2/24/2016,424.954987,0.000278,0.001959,3.37487,0.801251,0.999844,35.799999,23.42,31.82,29.190001,2.02,51.52
2/25/2016,424.544006,0.000269,0.001975,3.36552,0.806427,1,37.486,23.690001,31.889999,29.620001,2.03,51.639999
2/26/2016,432.152008,0.000259,0.001943,3.41679,0.813595,1,38.068001,23.77,31.68,29.799999,2.07,51.619999
2/29/2016,437.696991,0.00025,0.001949,3.44611,0.870503,1.00002,38.386002,23.549999,31.360001,29.59,2.14,50.790001
3/1/2016,435.122986,0.000249,0.001909,3.43297,0.847996,0.999991,37.27,24.58,32.75,30.370001,2.18,52.110001
3/2/2016,423.989014,0.000244,0.001884,3.36502,0.827633,0.999962,37.667999,24.620001,32.939999,30.540001,2.32,52.849998
3/3/2016,421.651001,0.000245,0.00189,3.32353,1.09001,0.999999,39.147999,24.559999,32.650002,30.58,2.46,52.380001
3/4/2016,410.938995,0.000238,0.001914,3.25023,1.09933,1,40.208,24.65,32.549999,30.629999,2.37,52.66
3/7/2016,414.321014,0.000233,0.002392,3.26775,1.07121,0.999998,41.057999,24.700001,32.34,30.940001,2.47,53.299999
3/8/2016,413.971985,0.00022,0.002216,3.25422,1.18654,1,40.52,24.65,31.75,30.559999,2.3,52.459999
3/9/2016,414.859985,0.00023,0.002229,3.27985,1.2424,0.999895,41.743999,24.74,31.73,30.870001,2.26,51.950001
3/10/2016,417.131012,0.000241,0.002368,3.28755,1.09481,0.999994,41.035999,24.74,31.68,31.25,2.26,52.02
3/11/2016,421.690002,0.000241,0.002567,3.3847,1.09733,0.999995,41.5,25.35,32.220001,31.76,2.52,52.220001
3/14/2016,416.437988,0.000238,0.002138,3.30352,1.11622,0.999994,43.029999,25.219999,32.299999,31.43,2.72,52.09
3/15/2016,416.829987,0.000231,0.002193,3.30578,1.14372,1,43.667999,24.879999,32.139999,31.65,2.49,51.630001
3/16/2016,417.010986,0.000231,0.002136,3.30939,1.14711,1,44.386002,25.780001,33.099998,31.690001,2.63,51.299999
3/17/2016,420.621002,0.000223,0.002147,3.30739,1.30117,0.999983,45.276001,25.77,32.82,31.98,2.8,51.380001
3/18/2016,409.548004,0.000209,0.00198,3.16981,1.14677,0.999998,46.548,26.040001,33.810001,32.68,2.93,51.59
3/21/2016,413.307007,0.000212,0.002074,3.20091,1.49133,0.999999,47.664001,25.93,33.91,32.34,2.8,52.209999
3/22/2016,418.088989,0.000217,0.002079,3.23472,1.38773,0.999999,46.848,25.809999,33.849998,32.32,2.79,52.02
3/23/2016,418.040985,0.000212,0.002174,3.2428,1.45487,0.999999,44.515999,25.68,34.43,32,2.68,50.990002
3/24/2016,416.394012,0.000213,0.00208,3.2247,1.70171,0.999972,45.549999,25.73,34.48,31.879999,2.79,50.860001
3/28/2016,424.230988,0.000215,0.002113,3.26406,1.48948,1,46.051998,25.629999,34.830002,31.9,2.78,50.189999
3/29/2016,416.515991,0.000254,0.002087,3.22633,1.49121,1,46.026001,25.969999,35.389999,32.380001,2.86,50.689999
3/30/2016,414.81601,0.000234,0.002039,3.21941,1.44575,1,45.377998,26.459999,35.759998,32.709999,2.86,50.990002
3/31/2016,416.729004,0.000233,0.002027,3.25707,1.40065,1,45.953999,26.200001,35.630001,32.349998,2.85,51.139999
4/1/2016,417.959991,0.000224,0.002047,3.23995,1.46143,1,47.518002,26.120001,36.150002,32.450001,2.83,50.880001
4/4/2016,421.444,0.00022,0.002294,3.25059,1.59652,1,49.397999,25.85,35.799999,32,2.83,50.650002
4/5/2016,424.029999,0.000214,0.00216,3.25165,1.52128,1,51.094002,25.51,35.75,31.9,2.76,50.07
4/6/2016,423.412994,0.000216,0.002163,3.25593,1.512,1.00002,53.084,25.620001,35.799999,32.080002,2.8,50.619999
4/7/2016,422.744995,0.000212,0.002155,3.24532,1.50027,1.00002,51.439999,25.370001,35.43,31.549999,2.64,50.029999
4/8/2016,420.348999,0.000211,0.002184,3.22027,1.23797,1,50.014,25.280001,35.66,31.629999,2.74,50.560001
4/11/2016,422.483002,0.000214,0.001903,3.24177,1.02242,0.999861,49.984001,25.51,35.880001,31.67,2.76,51
4/12/2016,425.190002,0.000229,0.001871,3.25732,0.955986,1,49.563999,25.57,35.84,31.860001,2.81,50.82
4/13/2016,423.734009,0.000234,0.001863,3.23886,1.03028,1,50.905998,26.17,36.740002,32.130001,2.8,51.919998
4/14/2016,424.282013,0.00023,0.001877,3.23961,1.00645,1,50.372002,25.299999,36.84,31.799999,2.72,51.82
4/15/2016,429.713013,0.000233,0.001879,3.27883,0.990145,1,50.902,25.459999,37.130001,31.459999,2.7,51.060001
4/18/2016,428.591003,0.000225,0.001903,3.24039,1.11417,1,50.776001,25.5,36.970001,31.65,2.76,51.549999
4/19/2016,435.509003,0.000222,0.001929,3.28517,1.11118,1,49.473999,25.16,36.310001,31.6,2.62,51.830002
4/20/2016,441.389008,0.000226,0.001928,3.27838,1.06227,1,49.993999,25.120001,36.450001,32,2.7,52.09
4/21/2016,449.424988,0.000226,0.001874,3.3464,0.977233,1,49.658001,25.16,36.41,31.969999,2.62,51.669998
4/22/2016,445.737,0.000224,0.001917,3.31927,0.980429,1,50.75,25.07,36.27,31.639999,3.99,52.639999
4/25/2016,461.425995,0.000227,0.001876,3.81172,0.953362,1,50.363998,25.01,36.450001,31.389999,3.45,52.43
4/26/2016,466.088989,0.00023,0.001819,4.0458,0.884295,1,50.748001,25.01,36.48,31.4,3.66,52.91
4/27/2016,444.687012,0.000224,0.001832,3.88971,0.941531,1,50.293999,25.25,37.310001,31.75,3.73,52.900002
4/28/2016,449.010986,0.000228,0.001904,3.7885,0.904794,1,49.542,24.16,36.200001,31.110001,3.61,52.130001
4/29/2016,455.096985,0.000226,0.001849,3.8136,0.883684,1,48.152,23.59,35.529999,30.280001,3.55,50.52
5/2/2016,444.669006,0.000229,0.001868,3.68031,0.964395,1,48.360001,23.690001,36,30.610001,3.74,51.110001
5/3/2016,450.303986,0.000228,0.001862,3.74091,0.908237,1,46.464001,23.32,35.57,30.360001,3.6,50.73
5/4/2016,446.721985,0.000225,0.001865,3.74679,0.916455,1,44.512001,23.42,34.759998,29.85,3.6,50.490002
5/5/2016,447.976013,0.000221,0.00184,3.71385,0.906841,1,42.306,23.5,34.970001,29.9,3.66,51.130001
5/6/2016,459.602997,0.000225,0.001829,3.82211,0.877466,1,42.986,23.41,35.330002,30.040001,3.68,50.919998
5/9/2016,460.483002,0.000224,0.001802,4.05643,0.825393,1,41.784,23.370001,35.279999,29.799999,3.65,51.200001
5/10/2016,450.894989,0.00022,0.001774,3.81915,0.829463,1,41.737999,23.389999,35.959999,30.139999,3.64,52.150002
5/11/2016,452.727997,0.000224,0.001797,3.88227,0.85971,1,41.792,23.219999,36.060001,30.059999,3.65,52.150002
5/12/2016,454.765991,0.000235,0.0018,3.8568,0.875668,1,41.456001,22.99,35.57,29.76,3.59,51.509998
5/13/2016,455.670013,0.000236,0.00177,3.92568,0.847763,1.00326,41.521999,22.82,40.98,29.91,3.67,51.32
5/16/2016,454.162994,0.000229,0.001724,4.00653,0.818356,1,41.658001,23.110001,42.189999,30.389999,3.79,51.91
5/17/2016,453.78299,0.000226,0.001692,3.98313,0.813343,1,40.931999,22.950001,42.279999,29.98,3.79,51.990002
5/18/2016,454.618988,0.000228,0.001711,4.00322,0.840542,1,42.234001,23.52,43.360001,29.99,3.84,52.790001
5/19/2016,438.714996,0.000225,0.001661,3.83339,0.853595,1,43.042,23.25,43.549999,29.629999,3.77,52.759998
5/20/2016,442.675995,0.000228,0.001649,3.88101,0.942222,1,44.056,23.91,44.330002,30.15,3.87,54.52
5/23/2016,444.154999,0.000225,0.001599,3.96819,0.91473,1,43.243999,24.27,44.400002,30.23,4.04,54.18
5/24/2016,445.980988,0.000224,0.001608,3.95141,0.901127,1.00002,43.582001,24.469999,45.360001,31.059999,4.2,55.59
5/25/2016,449.598999,0.000224,0.00155,4.04566,0.865887,1,43.916,24.620001,45.169998,31.389999,4.18,55.98
5/26/2016,453.384003,0.000228,0.001489,4.08247,0.860175,1,45.023998,24.790001,45.650002,31.49,4.35,55.740002
5/27/2016,473.463989,0.00023,0.001444,4.50133,0.859091,1,44.608002,24.799999,45.900002,31.57,4.6,55.27
5/31/2016,531.385986,0.000231,0.001543,4.65039,0.928747,1,44.646,24.719999,46.720001,31.59,4.57,54.919998
6/1/2016,536.919983,0.000234,0.001525,4.74099,0.914871,1,43.911999,25.25,46.810001,31.66,4.43,54.790001
6/2/2016,537.971985,0.00023,0.001512,4.71505,0.92668,1,43.792,25.18,47.139999,31.76,4.24,54.880001
6/3/2016,569.19397,0.000238,0.00153,4.86097,0.945202,1,43.798,25.530001,46.48,31.620001,4.16,54.939999
6/6/2016,585.536987,0.000236,0.001496,4.95916,1.00688,1,44.136002,25.469999,46.240002,31.68,4.47,54.889999
6/7/2016,576.596985,0.00024,0.001488,4.77078,1.00501,1,46.467999,26.059999,46.330002,31.879999,4.51,54.84
6/8/2016,581.64502,0.000246,0.001497,4.74817,0.999952,1,47.104,26.33,46.18,31.889999,4.46,54.939999
6/9/2016,574.630005,0.000265,0.001587,4.69312,1.11488,1,45.872002,26.23,47.380001,31.940001,4.52,54.98
6/10/2016,577.469971,0.00026,0.001573,4.84,1.14706,1,43.757999,25.860001,46.200001,32.040001,4.32,53.830002
6/13/2016,704.375977,0.000298,0.001561,5.29032,1.28224,1,43.574001,25.629999,46.790001,32.169998,4.4,52.830002
6/14/2016,685.559021,0.00032,0.001754,5.20402,1.38593,1,42.992001,25.57,46.880001,32.139999,4.39,52.700001
6/15/2016,694.468994,0.000313,0.001668,5.23978,1.46448,1,43.540001,25.84,47.360001,31.610001,4.42,53.279999
6/16/2016,766.307983,0.000335,0.001722,5.66079,1.58343,0.999999,43.585999,25.860001,47.549999,31.690001,4.75,53.419998
6/17/2016,748.908997,0.000321,0.001697,5.59327,1.75499,0.999999,43.094002,25.85,46.720001,31.76,5.26,53.549999
6/20/2016,737.226013,0.000323,0.001774,5.29454,1.83363,1,43.939999,26.370001,47.560001,32.169998,5.1,53.889999
6/21/2016,666.651978,0.000307,0.001711,4.82175,1.6086,1,43.922001,26.59,47.27,32.32,5.45,53.880001
6/22/2016,596.116028,0.000266,0.00162,3.9107,1.4955,1,39.332001,26.540001,47.23,32.290001,5.02,54.040001
6/23/2016,623.97699,0.00028,0.001666,3.85051,1.5578,1,39.279999,26.809999,48.490002,32.990002,5.21,55.549999
6/24/2016,665.299011,0.000281,0.001786,4.2791,1.58891,1.00001,38.630001,25.68,45.73,31.549999,4.88,52.119999
6/27/2016,655.275024,0.000288,0.002657,4.11985,1.47528,0.999951,39.709999,24.9,45.240002,30.719999,4.72,51.139999
6/28/2016,647.000977,0.000301,0.002333,4.10066,1.48517,1,40.358002,25.26,45.900002,31.190001,5.12,52.509998
6/29/2016,639.890015,0.000296,0.00204,4.06188,1.54559,1,42.037998,25.799999,46.650002,31.93,5.13,53.549999
6/30/2016,673.336975,0.000304,0.002143,4.1935,1.6055,1,42.456001,26.23,47.009998,32.799999,5.14,53.57
7/1/2016,676.296021,0.000302,0.002035,4.25597,1.65917,1,43.299999,26.530001,46.66,32.75,5.07,53
7/5/2016,670.627014,0.000287,0.001869,4.45228,1.73427,1,42.796001,26.26,47.349998,32.68,4.96,51.939999
7/6/2016,677.330994,0.000284,0.001846,4.46822,1.93859,1,42.888,26.15,47.650002,32.970001,5.04,52.369999
7/7/2016,640.562012,0.000275,0.00174,4.11188,1.90277,0.999991,43.188,26.309999,48.889999,33.200001,5.02,52.93
7/8/2016,666.52301,0.000277,0.00187,4.21991,1.98116,0.999999,43.355999,26.73,50.849998,34,5.1,54.189999
7/11/2016,647.658997,0.000267,0.001809,4.08544,1.98334,1.00016,44.956001,27.200001,52.02,34.380001,5.01,54.119999
7/12/2016,664.551025,0.000265,0.001991,4.15328,1.98716,1,44.93,26.969999,52.799999,34.939999,5.14,54.619999
7/13/2016,654.468018,0.000263,0.002164,4.13855,1.93458,1,44.506001,26.889999,52.779999,35.009998,5.09,54.830002
7/14/2016,658.078003,0.000262,0.002039,4.14846,2.00704,1,44.306,27.110001,53.32,35.200001,5.17,54.880001
7/15/2016,663.255005,0.000264,0.001977,4.15977,1.99138,1,44.080002,27.01,52.700001,35.07,5.14,54.75
7/18/2016,673.106018,0.000252,0.001982,4.14822,1.95463,1,45.25,27.639999,52.970001,35.049999,5.51,55.349998
7/19/2016,672.864014,0.000245,0.0019,4.14916,1.90237,1.00001,45.051998,27.27,53.52,35.150002,5.41,55.139999
7/20/2016,665.684998,0.000244,0.001862,4.12506,1.76275,1,45.672001,27.549999,54.220001,35.689999,5.41,55.82
7/21/2016,665.012024,0.000237,0.001839,4.12023,1.73985,1,44.099998,27.48,53.220001,34.27,5.22,59.93
7/22/2016,650.619019,0.000237,0.001824,4.03829,1.82988,1,44.453999,27.74,54.669998,34.66,5.84,61.150002
7/25/2016,654.096985,0.000245,0.002143,4.03204,1.84536,0.999999,46.001999,27.860001,55.68,34.689999,6.7,60.73
7/26/2016,651.783997,0.00024,0.001939,3.97024,1.82572,1,45.902,28.33,56.630001,35.09,6.98,61.349998
7/27/2016,654.35199,0.000237,0.001931,3.95589,1.94309,1,45.698002,28.1,56.060001,34.830002,6.85,62.509998
7/28/2016,655.034973,0.000238,0.001948,3.96774,1.85362,1,46.122002,28.139999,56.18,34.77,6.82,62.43
7/29/2016,656.992004,0.000238,0.002013,4.07744,1.89198,1.00008,46.958,27.780001,57.099998,34.860001,6.86,62.580002
8/1/2016,606.271973,0.000223,0.001874,3.86342,1.69627,0.999999,46.001999,28.620001,56.73,34.849998,6.64,61.849998
8/2/2016,547.465027,0.000206,0.001736,3.63958,1.48521,0.999995,45.439999,28.16,56.040001,34.560001,6.26,60.599998
8/3/2016,566.35498,0.000214,0.001804,3.71923,1.57481,0.999996,45.158001,28.16,56.189999,34.25,6.3,61.009998
8/4/2016,578.289001,0.000215,0.001879,3.74845,1.84921,0.999996,46.122002,28.4,57.23,34.580002,6.47,60.98
8/5/2016,575.04303,0.000218,0.0019,3.72904,1.79256,0.999833,46.006001,28.790001,58.200001,34.98,6.61,62
8/8/2016,591.054016,0.000237,0.001848,3.78551,1.90121,0.999557,45.231998,29.09,58.740002,35.040001,6.68,61.580002
8/9/2016,587.801025,0.000237,0.001871,3.75975,2.04886,0.999557,45.816002,29.4,58.889999,34.919998,6.6,61.990002
8/10/2016,592.103027,0.000239,0.001892,3.72242,2.01437,0.97356,45.130001,29.219999,58.509998,34.529999,6.49,61.709999
8/11/2016,589.119995,0.000235,0.001889,3.74217,1.97662,0.962375,44.981998,29.139999,59.700001,34.68,6.58,61.740002
8/12/2016,587.559021,0.000239,0.001831,3.70935,1.94901,0.962058,45.122002,29.24,63.040001,34.57,6.73,61.709999
8/15/2016,567.23999,0.000238,0.002019,3.57708,2.18056,0.999999,45.118,29.389999,62.98,34.91,6.95,62.43
8/16/2016,577.439026,0.000258,0.002016,3.63772,2.20473,1,44.722,29.08,62.599998,35.209999,6.78,62.07
8/17/2016,573.216003,0.000247,0.001993,3.59944,2.23777,1,44.647999,28.98,61.150002,35.02,6.68,62.279999
8/18/2016,574.317993,0.000247,0.001976,3.60712,2.19232,1,44.702,29.16,62.099998,34.970001,7.04,63.040001
8/19/2016,575.630005,0.000233,0.001963,3.60409,2.30393,1,45,28.639999,62.259998,35.240002,7.62,62.759998
8/22/2016,586.752991,0.000229,0.001919,3.65726,3.98921,1,44.585999,28.4,62.52,35.360001,7.58,62.830002
8/23/2016,583.414978,0.000227,0.001878,3.93073,4.71534,1,44.967999,28.5,62.91,35.400002,7.67,63.09
8/24/2016,580.182007,0.000231,0.001888,3.85505,4.42438,1,44.523998,28.389999,61.939999,35.150002,7.43,62.610001
8/25/2016,577.760986,0.000229,0.001874,3.80207,4.14717,1,44.192001,28.6,61.529999,35.09,7.47,62.639999
8/26/2016,579.651001,0.000231,0.001888,3.82638,4.17985,1,43.998001,28.639999,62.029999,35.259998,7.67,62.970001
8/29/2016,574.106995,0.000225,0.00183,3.75952,8.49556,1,43.040001,28.700001,61.990002,35.549999,7.59,62.98
8/30/2016,577.502991,0.000233,0.00185,3.80406,8.49091,1,42.268002,28.620001,61.630001,35.700001,7.49,62.939999
8/31/2016,575.471985,0.000235,0.001906,3.79744,8.58262,1,42.402,28.74,61.34,35.889999,7.4,63.07
9/1/2016,572.302979,0.000232,0.001887,3.83201,8.00396,1,40.153999,28.959999,63.150002,36.02,7.35,63.470001
9/2/2016,575.536987,0.000235,0.001885,3.82457,10.2135,1,39.556,29.139999,62.529999,36.080002,7.51,63.349998
9/6/2016,610.435974,0.000241,0.001925,3.97236,12.4551,1,40.566002,29.49,63.119999,36.57,7.34,63.09
9/7/2016,614.544006,0.000242,0.001925,3.96988,11.8299,1,40.341999,29.82,62.189999,36.459999,6.84,62.43
9/8/2016,626.315979,0.000228,0.001931,3.98834,12.743,1,39.472,29.790001,62.639999,36.439999,6.23,62.689999
9/9/2016,622.861023,0.00023,0.00202,3.96999,12.4273,1,38.894001,28.59,59.52,35.439999,5.9,60.52
9/12/2016,608.242981,0.000226,0.00194,3.82319,10.032,1.0007,39.66,28.99,60.75,36.080002,5.94,62.25
9/13/2016,609.241028,0.000225,0.001951,3.82171,10.8838,1.00001,39.209999,28.49,59.869999,35.610001,5.74,61.290001
9/14/2016,610.684021,0.000226,0.001963,3.83216,10.5083,1,39.282001,28.620001,60.400002,35.619999,6.04,61.59
9/15/2016,607.155029,0.000233,0.002319,3.81192,9.4132,0.999993,40.084,29.18,62.689999,36.560001,6.02,62.540001
9/16/2016,606.973022,0.00025,0.002082,3.80619,8.91087,0.999999,41.080002,28.91,62.84,37.669998,6.05,62.990002
9/19/2016,609.22699,0.000236,0.002127,3.83116,10.5641,0.999999,41.268002,29.93,63.669998,37.16,6.16,62.860001
9/20/2016,608.312012,0.000232,0.002052,3.84207,11.1464,0.999999,40.928001,29.9,63.09,37.139999,6.17,62.700001
9/21/2016,597.148987,0.000231,0.002085,3.84037,9.91702,0.999988,41.043999,30.5,64.860001,37.450001,6.29,63.57
9/22/2016,596.297974,0.000228,0.002138,3.76757,10.1558,0.999999,41.285999,30.66,65.019997,37.549999,6.37,63.52
9/23/2016,602.84198,0.000224,0.002083,3.81291,10.7688,0.999999,41.490002,30.120001,64.949997,37.189999,6.55,62.75
9/26/2016,608.04303,0.000229,0.002385,3.85874,9.39895,1,41.798,29.84,64.339996,36.650002,6.32,62.310001
9/27/2016,606.166016,0.000228,0.002549,3.85224,9.30736,1,41.161999,30.4,66.540001,37.18,6.54,63.310001
9/28/2016,604.728027,0.000229,0.003149,3.83761,9.39937,1,41.254002,30.33,66.779999,37.439999,6.59,63.450001
9/29/2016,605.692993,0.000231,0.003066,3.84561,8.70923,1,40.139999,30.4,67.400002,37.32,6.67,67.449997
9/30/2016,609.734985,0.000235,0.002847,3.8416,8.41217,1,40.806,30.59,68.519997,37.75,6.91,68.5
10/3/2016,612.132996,0.000234,0.00271,3.83797,7.94923,0.999998,42.740002,30.719999,68.449997,37.66,6.95,67.110001
10/4/2016,610.203979,0.000229,0.00259,3.82303,7.65059,1,42.282001,30.389999,68.300003,37.540001,6.97,66.68
10/5/2016,612.510986,0.000233,0.002485,3.84313,6.76072,1,41.692001,30.530001,68.230003,37.990002,6.78,66.839996
10/6/2016,613.020996,0.000223,0.002306,3.84654,7.17507,1,40.200001,30.77,67.339996,38.07,6.96,67.540001
10/7/2016,617.120972,0.000228,0.002374,3.86229,6.89108,1,39.321999,31.18,66.849998,38.099998,6.75,68.190002
10/10/2016,618.994019,0.000228,0.002466,3.79517,6.93849,1,40.189999,31.280001,67.099998,38.02,6.84,67.25
10/11/2016,641.072021,0.00023,0.002679,3.81633,7.27767,1,40.02,30.73,66.129997,37.27,6.5,66.089996
10/12/2016,636.192017,0.000225,0.002637,3.75851,7.3112,1,40.301998,31.35,66.43,37.130001,6.62,66.059998
10/13/2016,636.786011,0.000227,0.002539,3.90657,6.91433,1,40.048,30.530001,65.349998,36.970001,6.49,65.699997
10/14/2016,640.377991,0.000227,0.002479,3.8976,6.9238,0.999999,39.301998,30.66,65.989998,37.450001,6.75,65.699997
10/17/2016,639.192993,0.000221,0.002291,3.91048,6.28489,1,38.792,30.57,65.610001,37.290001,6.67,65.190002
10/18/2016,637.960022,0.000221,0.002388,3.83958,6.56581,1,39.82,30.860001,66.610001,37.75,6.73,66.099998
10/19/2016,630.52002,0.000219,0.002339,3.80414,6.61953,1,40.712002,30.98,66.470001,35.509998,6.77,65.790001
10/20/2016,630.856995,0.000221,0.00267,3.779,6.55776,1,39.82,31.059999,67.730003,35.43,6.96,67.339996
10/21/2016,632.828003,0.000218,0.002476,3.80546,6.77864,1,40.018002,31.08,67.540001,35.150002,6.52,67.93
10/24/2016,653.760986,0.000219,0.002471,3.86886,6.41618,1,40.551998,31.41,70.709999,35.259998,7.01,68.059998
10/25/2016,657.588013,0.000219,0.002357,3.90441,6.09008,1,40.467999,31.549999,71.870003,35.099998,7.5,67.709999
10/26/2016,678.304016,0.000216,0.002338,3.96029,6.17496,1,40.448002,31.209999,72.160004,34.919998,7.29,68.199997
10/27/2016,688.312988,0.000217,0.002176,4.0215,6.21438,1,40.801998,30.77,70.68,34.810001,7.11,70.089996
10/28/2016,689.651001,0.000216,0.002095,3.97322,5.72646,1,39.993999,30.77,70.559998,34.740002,7.2,68.400002
10/31/2016,700.971985,0.00022,0.002088,3.99396,5.11955,1,39.546001,31.1,71.160004,34.869999,7.23,68.720001
11/1/2016,729.79303,0.000221,0.001976,4.08833,4.71309,1,38.158001,30.709999,69.050003,34.52,7.09,68.339996
11/2/2016,740.828979,0.00022,0.002023,4.1045,4.5066,1,37.604,30.389999,68.760002,34.599998,6.76,67.089996
11/3/2016,688.700012,0.000217,0.001994,3.86133,4.8899,1,37.484001,30.280001,67.959999,33.93,6.7,66.949997
11/4/2016,703.234985,0.000219,0.001999,3.87889,4.84751,1,38.112,30.24,67.57,33.610001,6.56,66.730003
11/7/2016,703.130981,0.000239,0.002013,3.83887,5.73861,1,38.641998,31.35,71.269997,34.689999,6.96,68.459999
11/8/2016,709.848022,0.000229,0.001986,3.84276,6.31619,1,38.987999,31.34,71.160004,34.740002,7,68.269997
11/9/2016,723.27301,0.000229,0.001968,3.86461,6.18724,1,38.012001,30.59,69.959999,34.75,6.94,67.879997
11/10/2016,715.533997,0.000228,0.001948,3.82424,6.10219,0.999997,37.07,29.440001,67.769997,34.5,6.3,66.309998
11/11/2016,716.411011,0.000227,0.001913,3.81601,6.77996,1,37.712002,29.93,87.970001,34.610001,6.69,66.879997
11/14/2016,705.020996,0.000223,0.00188,3.87617,7.71229,1,36.290001,28.85,83.639999,34.48,6.79,65.93
11/15/2016,711.619019,0.000222,0.001853,3.89359,7.29721,1,36.754002,29.200001,86.190002,34.91,6.97,66.769997
11/16/2016,744.197998,0.000221,0.001772,4.01948,6.58232,1,36.785999,29.860001,91.629997,34.84,7.67,66.300003
11/17/2016,740.97699,0.000224,0.00182,3.94319,6.78845,1,37.731998,29.469999,92.389999,35.02,8.46,66.669998
11/18/2016,751.585022,0.000218,0.001807,3.96132,6.72005,1,37.004002,29.469999,93.360001,34.950001,8.71,67.309998
11/21/2016,739.247986,0.000222,0.001755,3.94488,6.79772,1,36.903999,29.65,92.980003,34.98,8.94,67.099998
11/22/2016,751.346985,0.000224,0.001735,3.94731,7.68806,1,38.234001,29.91,93.650002,35.48,8.69,68.309998
11/23/2016,744.593994,0.000219,0.001733,3.92532,7.91363,1,38.627998,29.889999,93.970001,35.200001,8.8,68.129997
11/25/2016,741.648987,0.00022,0.001722,3.91542,7.54427,1,39.330002,29.66,94.160004,35.439999,8.77,68.290001
11/28/2016,735.812988,0.000218,0.001655,3.88454,7.89341,1,39.223999,29.66,94.110001,35.509998,8.83,67.099998
11/29/2016,735.604004,0.000217,0.001667,3.87455,7.60291,1,37.914001,29.549999,93.25,35.310001,8.93,66.769997
11/30/2016,745.690979,0.000214,0.001629,3.89379,8.94639,1,37.880001,29.690001,92.199997,34.700001,8.91,68.129997
12/1/2016,756.773987,0.000214,0.001619,3.90908,8.57556,1,36.375999,28.549999,87.639999,33.759998,8.39,64.160004
12/2/2016,777.94397,0.000216,0.001529,3.94644,8.23269,1,36.293999,28.860001,88.449997,34.16,8.53,65.839996
12/5/2016,758.700012,0.000215,0.001542,3.52858,7.91008,1.00002,37.360001,29.02,91.879997,34.389999,8.68,66.360001
12/6/2016,764.223999,0.000212,0.002666,3.53541,7.54466,1,37.169998,29.51,93.389999,34.720001,9.45,67.449997
12/7/2016,768.132019,0.000214,0.002767,3.61595,7.88885,1,38.630001,29.93,95.07,35.5,9.56,68.339996
12/8/2016,770.809998,0.000215,0.002421,3.6911,7.7933,1,38.458,30.040001,93.480003,35.700001,10.34,68.550003
12/9/2016,772.794006,0.000212,0.002545,3.69148,7.94785,1,38.436001,30.120001,91.82,35.759998,10.34,68.519997
12/12/2016,780.086975,0.000222,0.002272,3.66231,8.0515,1,38.486,29.9,89.589996,35.970001,10.68,68.470001
12/13/2016,780.55603,0.000216,0.002158,3.65028,8.10651,1,39.630001,30.360001,91.169998,36.799999,10.54,69.339996
12/14/2016,781.481018,0.000217,0.00215,3.61956,8.40846,1,39.737999,29.870001,96.449997,36.549999,10.55,67.559998
12/15/2016,778.088013,0.000215,0.002802,3.62447,8.42192,1,39.515999,30.16,98.709999,36.790001,10.86,68.029999
12/16/2016,784.906982,0.000217,0.003123,3.62818,8.51026,1.00003,40.498001,29.48,100.410004,36.310001,10.66,66.459999
12/19/2016,792.713989,0.000218,0.002868,3.66262,8.63122,1,40.546001,29.27,101.629997,36.889999,10.95,67.019997
12/20/2016,800.875977,0.000219,0.002836,3.66106,8.42837,1,41.757999,29.309999,105.169998,37.209999,11.51,66.910004
12/21/2016,834.281006,0.000227,0.00281,3.65345,8.2796,1,41.540001,29.139999,105.830002,36.98,11.47,67.160004
12/22/2016,864.539978,0.000225,0.002751,3.71168,8.89836,1,41.689999,28.74,107.110001,36.93,11.6,66.760002
12/23/2016,921.984009,0.000236,0.002646,4.65533,9.55165,1.00017,42.667999,29.049999,109.779999,36.970001,11.58,66.860001
12/27/2016,933.197998,0.000227,0.002543,4.4694,12.6881,1.00001,43.905998,29.1,117.32,37.07,12.07,67.25
12/28/2016,975.921021,0.000223,0.002509,4.57135,14.0944,1.00004,43.948002,29.120001,109.25,36.630001,11.55,65.75
12/29/2016,973.497009,0.000228,0.002559,4.55548,13.1325,1.00002,42.936001,29.129999,111.43,36.66,11.59,66.040001
12/30/2016,961.237976,0.000228,0.002544,4.39052,12.9702,1.00002,42.737999,28.75,106.739998,36.27,11.34,65.199997
1/3/2017,1043.839966,0.000227,0.002554,4.6262,16.092899,1.00001,43.397999,29.309999,102.010002,36.599998,11.43,65.400002
1/4/2017,1154.72998,0.000236,0.002735,4.83785,18.5271,1.00001,45.397999,29.299999,104.389999,36.41,11.43,65.470001
1/5/2017,1013.380005,0.000229,0.002598,4.29272,16.187599,1.00001,45.349998,29.799999,101.739998,36.349998,11.24,65.550003
1/6/2017,902.200989,0.00022,0.002494,3.86126,14.03,1.00001,45.801998,29.629999,103.099998,36.48,11.32,65.529999
1/9/2017,902.828003,0.000229,0.002347,4.30196,13.7361,1.00001,46.256001,30.040001,107.279999,36.610001,11.49,65.650002
1/10/2017,907.679016,0.000226,0.002355,4.59151,13.3913,1.00001,45.973999,30.07,106.470001,36.540001,11.44,65.629997
1/11/2017,777.757019,0.000205,0.002089,3.84679,11.6369,1.00001,45.945999,30.17,105.160004,36.950001,11.2,66.099998
1/12/2017,804.833984,0.000208,0.002475,3.9628,11.8527,1.00001,45.917999,29.290001,103.440002,36.709999,10.76,66.120003
1/13/2017,823.984009,0.000209,0.002398,3.89087,11.2682,1.00001,47.549999,29.440001,103.43,36.790001,10.58,66.879997
1/17/2017,907.937988,0.000215,0.002545,3.93905,12.3899,1.00001,47.116001,29.620001,101.110001,36.799999,9.82,64.190002
1/18/2017,886.617981,0.000208,0.002481,3.8382,12.0484,1.00001,47.672001,29.49,102.949997,36.759998,9.88,65.129997
1/19/2017,899.072998,0.000211,0.002349,3.86061,12.1488,1.00001,48.751999,29.629999,105.160004,36.57,9.77,64.440002
1/20/2017,895.026001,0.000209,0.002357,3.89001,11.9094,1.00001,48.945999,30.07,104.010002,36.939999,9.75,62.880001
1/23/2017,921.012024,0.000208,0.002332,3.83576,12.2517,1.00001,49.784,30.33,105.089996,36.77,9.91,54.880001
1/24/2017,892.687012,0.000202,0.002234,3.7861,11.8143,1.00001,50.922001,30.82,107.330002,37.619999,10.44,55
1/25/2017,901.541992,0.000204,0.002157,3.71453,11.8298,1.00001,50.894001,31.309999,107.790001,37.799999,10.35,56.900002
1/26/2017,917.585999,0.000208,0.002197,3.83432,11.9809,1.00001,50.501999,31.110001,109.650002,37.560001,10.52,54.049999
1/27/2017,919.75,0.000204,0.002196,3.85588,12.0966,1.00001,50.59,31.25,111.769997,37.98,10.67,54.240002
1/30/2017,920.382019,0.000208,0.002458,4.02125,12.7073,1.00032,50.125999,31.190001,110.019997,37.419998,10.61,53.610001
1/31/2017,970.403015,0.000206,0.002371,4.07864,12.9851,0.999997,50.386002,30.91,109.18,36.82,10.37,53.43
2/1/2017,989.02301,0.000209,0.002357,4.07533,13.2678,0.999999,49.848,31.08,113.949997,36.52,12.06,53.150002
2/2/2017,1011.799988,0.000211,0.00242,4.08527,13.1361,0.999994,50.310001,30.780001,115.389999,36.68,12.28,52.66
2/3/2017,1029.910034,0.000213,0.002399,4.08256,12.8638,0.999998,50.265999,30.969999,114.379997,36.52,12.24,52.98
2/6/2017,1038.150024,0.000214,0.002369,4.04401,12.8842,0.999998,51.554001,30.870001,117.309998,36.27,13.63,52.880001
2/7/2017,1061.349976,0.000208,0.002319,4.04037,12.6499,0.999999,51.495998,30.52,119.129997,36.349998,13.29,53.27
2/8/2017,1063.069946,0.000211,0.002235,4.02317,12.8034,0.999999,52.416,30.33,118.610001,36.380001,13.56,52.889999
2/9/2017,994.382996,0.000204,0.002155,3.79859,12.1231,0.999999,53.84,30.209999,116.379997,35.459999,13.42,52.880001
2/10/2017,988.674011,0.000208,0.002141,3.77721,11.9798,0.999999,53.846001,30.709999,113.620003,35.34,13.58,54
2/13/2017,990.642029,0.000208,0.002067,3.71789,12.1973,1,56.119999,31.690001,108.379997,35.799999,13.49,54.93
2/14/2017,1004.549988,0.000209,0.00209,3.7708,12.9933,1,56.195999,31.33,108.779999,35.93,13.26,55.48
2/15/2017,1007.47998,0.000209,0.002224,3.80928,13.6168,1.00177,55.952,31.75,109,36.049999,13.3,56.490002
2/16/2017,1027.439941,0.000207,0.002139,3.78681,13.1021,1.00005,53.790001,32.32,107.25,36.41,12.97,56.880001
2/17/2017,1046.209961,0.000209,0.002093,3.83036,13.2959,1.00002,54.445999,32.34,107.230003,36.48,13.13,56.459999
2/21/2017,1115.300049,0.000208,0.001997,3.78328,12.3369,0.99976,55.478001,32.330002,111.07,36.52,14,56.75
2/22/2017,1117.439941,0.000202,0.002008,3.80522,12.7652,0.999967,54.702,32.07,110.760002,36.07,14.28,57.099998
2/23/2017,1166.719971,0.000208,0.001927,3.84295,12.8719,0.999997,51.198002,31.75,100.489998,36.18,14.32,57.139999
2/24/2017,1173.680054,0.000208,0.001885,3.84672,11.9219,0.999998,51.400002,31.92,101.459999,36.529999,14.12,57.220001
2/27/2017,1179.969971,0.000208,0.001774,3.80274,11.9604,1.00007,49.245998,31.530001,104.410004,36.509998,15.2,56.73
2/28/2017,1179.969971,0.000205,0.001843,3.77099,12.2765,0.99997,49.998001,31.469999,101.480003,36.200001,14.46,56.48
3/1/2017,1222.5,0.000203,0.001724,3.7989,12.3312,0.999998,50.004002,31.58,102.790001,35.93,14.96,57.009998
3/2/2017,1251.01001,0.000205,0.001787,3.92423,13.1136,1,50.096001,30.870001,99,35.91,13.9,56.369999
3/3/2017,1274.98999,0.000211,0.001763,3.92082,13.9105,1,50.313999,30.85,98.43,35.900002,13.03,56.439999
3/6/2017,1272.829956,0.00021,0.001876,3.9214,15.4127,1.00006,50.242001,30.85,97.669998,35.57,13.04,56.450001
3/7/2017,1223.540039,0.000209,0.002011,3.82148,13.5339,1.00002,49.717999,31.309999,98.739998,35.799999,13.05,56.73
3/8/2017,1150,0.000208,0.001835,3.776,12.4721,1.00001,49.374001,31.219999,98.559998,35.619999,13.22,57.77
3/9/2017,1188.48999,0.000211,0.00179,3.83842,13.0297,0.999906,48.98,30.98,98.540001,35.82,13.33,57.970001
3/10/2017,1116.719971,0.000204,0.001733,3.75217,13.2142,0.99999,48.737999,31.059999,99.120003,35.91,13.91,58.639999
3/13/2017,1231.920044,0.000247,0.001965,4.17054,18.132601,1.00004,49.234001,31.5,101.849998,35.16,14.28,58.459999
3/14/2017,1240,0.000238,0.001918,4.05519,17.7598,1.00002,51.599998,31.209999,101.779999,35.18,14.1,58.220001
3/15/2017,1249.609985,0.000243,0.001953,4.16087,18.9837,1.00001,51.146,31.91,102.550003,35.099998,13.98,58.52
3/16/2017,1187.810059,0.000235,0.00197,4.2371,22.4835,1.00003,52.41,32.41,103.809998,35.139999,13.65,58.349998
3/17/2017,1100.22998,0.000223,0.001957,4.0551,22.3512,1.00003,52.299999,32.59,106.07,35.27,13.49,57.549999
3/20/2017,1054.22998,0.000236,0.001995,4.03331,22.5075,1.00021,52.383999,32.849998,109.449997,35.43,14.4,57.810001
3/21/2017,1120.540039,0.000246,0.002187,4.00922,21.286301,1.00003,50.136002,32.48,105.910004,35.040001,13.82,56.799999
3/22/2017,1049.140015,0.000243,0.001983,3.93649,21.419701,1.00004,51.001999,32.689999,108.07,35.369999,14.1,57.040001
3/23/2017,1038.589966,0.000242,0.002251,3.98003,21.822001,1.00007,50.956001,32.560001,107.089996,35.27,13.79,56.810001
3/24/2017,937.52002,0.000264,0.002108,4.08396,21.095301,0.999896,52.632,32.810001,107.470001,35.16,13.7,56.919998
3/27/2017,1045.77002,0.000254,0.001892,4.07528,19.6618,1.00001,54.043999,33.169998,108.25,35.389999,13.7,56.66
3/28/2017,1047.150024,0.000273,0.002043,4.15568,19.806801,1.00001,55.490002,33.349998,107.690002,35.599998,13.69,57.380001
3/29/2017,1039.969971,0.000272,0.001973,4.1859,21.144899,0.999947,55.476002,32.93,107.339996,35.57,13.71,57.360001
3/30/2017,1026.430054,0.000304,0.002302,6.98063,20.878401,0.999986,55.584,33.07,109.400002,35.75,14.05,57.200001
3/31/2017,1071.790039,0.000328,0.002356,6.66706,20.5371,1,55.66,32.84,108.93,36.07,14.55,57.34
4/3/2017,1143.810059,0.000427,0.003124,8.07058,20.3284,0.999752,59.703999,32.889999,108.379997,36.16,14.64,56.5
4/4/2017,1133.25,0.000432,0.003046,8.28936,21.353399,1.00002,60.740002,32.860001,100.779999,36.279999,14.16,56.68
4/5/2017,1124.780029,0.000442,0.003131,11.094,19.617399,1.00011,59,32.900002,100.029999,36.220001,14.17,56.470001
4/6/2017,1182.680054,0.00045,0.002824,10.2517,19.2707,0.999939,59.740002,32.860001,100.760002,36.029999,13.27,56.529999
4/7/2017,1176.900024,0.000398,0.002767,9.37156,19.3867,0.999873,60.507999,32.869999,100.330002,36.029999,13.52,56.32
4/10/2017,1187.130005,0.0004,0.002788,8.91704,21.8284,0.999931,62.478001,32.52,97.769997,35.799999,13.1,56.52
4/11/2017,1205.01001,0.00039,0.002782,8.85383,21.3556,0.999843,61.742001,32.400002,98.120003,35.740002,13.1,55.349998
4/12/2017,1200.369995,0.000414,0.003036,10.7856,21.764,0.999562,59.368,32.279999,97.309998,35.630001,12.76,53.389999
4/13/2017,1169.280029,0.000425,0.00306,10.1495,21.480499,0.999612,60.799999,31.83,95.489998,35.25,12.31,52.790001
4/17/2017,1193.910034,0.000459,0.003555,10.4216,20.5611,0.999288,60.287998,32.029999,99.230003,35.48,12.79,52.889999
4/18/2017,1211.670044,0.000459,0.003706,10.3201,21.058701,0.999616,60.049999,31.790001,99.290001,35.77,12.95,52.669998
4/19/2017,1210.290039,0.000448,0.003574,9.65808,20.394501,0.999523,61.104,31.610001,99.68,35.91,12.84,52.610001
4/20/2017,1229.079956,0.000443,0.003368,10.3349,20.240499,0.998275,60.501999,31.790001,101.260002,36.18,13.11,52.66
4/21/2017,1222.050049,0.000451,0.003466,11.2278,20.2927,0.984169,61.119999,32.080002,101.68,36.32,13,52.5
4/24/2017,1250.150024,0.000515,0.00384,14.9655,19.558399,0.91789,61.605999,32.700001,102.949997,36.75,13.13,52.810001
4/25/2017,1265.48999,0.000527,0.003808,15.2128,19.6525,0.913595,62.757999,33.07,104.739998,36.869999,13.49,53
4/26/2017,1281.079956,0.000544,0.003835,14.8481,19.371799,0.92105,62.034,33,104.019997,36.93,13.41,53.040001
4/27/2017,1317.72998,0.000632,0.00397,14.622,21.2078,0.924351,61.726002,33.02,105.639999,37.43,13.62,53.209999
4/28/2017,1316.47998,0.000678,0.004551,14.3415,22.348101,0.934542,62.813999,33.07,104.300003,36.150002,13.3,53.740002
5/1/2017,1421.599976,0.000686,0.005138,15.9177,22.767799,0.935871,64.566002,33.400002,106.639999,36.310001,13.62,53.599998
5/2/2017,1452.819946,0.00061,0.004834,15.895,23.0424,0.932607,63.778,33.93,103.480003,36.970001,10.32,53.290001
5/3/2017,1490.089966,0.000678,0.005197,21.042601,25.200001,0.933351,62.203999,34.290001,104.25,36.98,10.39,54.490002
5/4/2017,1537.670044,0.000744,0.006628,23.3936,25.9863,0.945931,59.091999,34.139999,103.849998,36.849998,10.1,54.91
5/5/2017,1555.449951,0.00084,0.010877,26.266899,28.451599,0.955601,61.669998,34.419998,103.860001,36.82,10.19,54.93
5/8/2017,1723.349976,0.001521,0.03988,28.9582,30.4683,0.96726,61.438,34.98,102.769997,36.540001,10.04,54.619999
5/9/2017,1755.359985,0.001239,0.027647,33.583,28.659201,0.970487,64.251999,35.41,102.940002,36.369999,10.18,55.150002
5/10/2017,1787.130005,0.001239,0.031376,31.962099,29.8409,0.982,65.043999,35.41,121.290001,36.009998,10.79,55.330002
5/11/2017,1848.569946,0.001212,0.036203,30.717699,29.5133,0.983721,64.620003,35.560001,126.5,35.689999,11.07,54.68
5/12/2017,1724.23999,0.001183,0.040706,27.454901,28.6782,0.97607,64.961998,35.369999,127.889999,35.529999,11.26,55.32
5/15/2017,1738.430054,0.001128,0.043552,25.365299,27.787399,0.967298,63.175999,35.060001,134.309998,35.630001,11.42,55.400002
5/16/2017,1734.449951,0.001059,0.049368,23.3277,26.264,0.958591,63.402,35.029999,136.809998,35.82,12.75,55.950001
5/17/2017,1839.089966,0.001318,0.048568,25.4044,26.926399,0.970429,61.222,34.419998,127.720001,35.040001,11.2,55.360001
5/18/2017,1888.650024,0.001508,0.04627,28.357599,30.331499,0.967143,62.612,34.900002,133.070007,35.220001,11.28,56.119999
5/19/2017,1987.709961,0.001518,0.049576,27.6975,31.8717,1.0012,62.166,35.200001,136,35.400002,11.41,57.669998
5/22/2017,2173.399902,0.003405,0.051003,25.381001,36.165699,1.00786,62.07,35.400002,138.899994,35.77,11.04,59.279999
5/23/2017,2320.419922,0.003562,0.0555,32.112099,55.6222,1.0063,60.771999,35.400002,137.029999,35.860001,10.89,59.220001
5/24/2017,2443.639893,0.003659,0.051364,34.4534,45.382,1.01686,62.043999,35.52,138.570007,36.119999,10.89,58.639999
5/25/2017,2304.97998,0.002994,0.040021,29.9002,40.115501,1.0366,63.366001,35.57,138.259995,36.259998,10.98,58.450001
5/26/2017,2202.419922,0.002424,0.041065,23.748301,38.711601,1.03621,65.028,35.509998,141.839996,36.259998,11,57.52
5/30/2017,2175.469971,0.002623,0.031009,24.142,39.785999,1.00951,67.019997,35.779999,144.869995,36.18,11.12,57.34
5/31/2017,2286.409912,0.002657,0.034273,25.2976,41.826,1.03628,68.202003,35.360001,144.350006,36.110001,11.19,57.27
6/1/2017,2407.879883,0.002867,0.043069,28.8034,43.703602,1.03057,68.073997,35.889999,144.360001,36.119999,10.93,58.619999
6/2/2017,2488.550049,0.003026,0.040226,28.9447,44.0047,1.02388,67.970001,36.18,143.639999,36.32,10.9,58.580002
6/5/2017,2686.810059,0.003873,0.041507,30.8433,48.261799,1.0168,69.463997,36.389999,148.009995,36.34,11.24,58.860001
6/6/2017,2863.199951,0.003741,0.045407,30.551001,55.568298,1.00483,70.57,36.43,147.339996,36.130001,12.03,58.200001
6/7/2017,2732.159912,0.003302,0.047098,28.394699,52.536098,1.00898,71.93,36.459999,149.119995,36.259998,12.38,57.529999
6/8/2017,2805.620117,0.003575,0.05042,30.211901,56.192501,1.00476,74,36.830002,159.940002,36.48,12.9,58.119999
6/9/2017,2823.810059,0.003453,0.047356,29.681601,55.623501,1.00067,71.463997,35.790001,149.600006,35.709999,12.28,57.049999
6/12/2017,2659.629883,0.003253,0.039988,29.5035,50.040298,1.01776,71.802002,35.240002,149.970001,35.73,12.09,57.490002
6/13/2017,2717.02002,0.003313,0.04186,30.6429,51.8046,1.00839,75.190002,35.560001,151.399994,35.880001,11.96,57.540001
6/14/2017,2506.370117,0.003092,0.039828,30.224701,46.302898,1.02516,76.132004,35.650002,151.720001,35.529999,11.77,57.009998
6/15/2017,2464.580078,0.003043,0.037439,30.2201,46.024399,1.01743,75.068001,35.439999,152.369995,35.310001,11.5,56.93
6/16/2017,2518.560059,0.003163,0.037536,35.7005,48.107498,1.01562,74.279999,35.869999,151.619995,35.209999,11.44,56.82
6/19/2017,2589.600098,0.003141,0.040252,50.3209,49.089802,0.986406,73.959999,36.209999,157.320007,35.509998,11.93,57.610001
6/20/2017,2721.790039,0.003218,0.039366,47.2164,48.082699,0.975272,74.447998,36.130001,157.089996,34.860001,12.64,56.790001
6/21/2017,2689.100098,0.003125,0.038124,47.787498,46.587601,0.981361,75.279999,36.709999,159.470001,34.580002,13.98,56.330002
6/22/2017,2705.409912,0.003104,0.03872,47.712898,47.284,0.972902,76.522003,36.709999,158.369995,34.360001,14.38,56.470001
6/23/2017,2744.909912,0.003143,0.041397,47.335499,51.408901,1.006,76.690002,36.73,153.830002,34.189999,14.17,56.91
6/26/2017,2478.449951,0.00275,0.030218,41.131802,43.493,1.0101,75.498001,36.130001,152.149994,34.07,14.08,56.560001
6/27/2017,2552.449951,0.002623,0.029113,40.5415,43.571701,1.00713,72.473999,35.09,146.580002,33.650002,13.4,55.43
6/28/2017,2574.790039,0.002793,0.031998,42.849499,47.324001,1.01179,74.248001,35.349998,151.75,34.200001,13.23,56.16
6/29/2017,2539.320068,0.002656,0.029039,41.0653,45.0215,1.0178,72.150002,34.810001,146.679993,33.540001,12.6,55.080002
6/30/2017,2480.840088,0.002602,0.026988,40.354301,43.726799,1.00583,72.321999,34.959999,144.559998,33.740002,12.48,55.220001
7/3/2017,2564.060059,0.002533,0.026266,46.425201,43.625999,1.00075,70.524002,34.880001,139.330002,33.459999,12.15,54.950001
7/5/2017,2601.98999,0.002714,0.025441,53.1945,45.720901,0.99646,65.417999,34.82,143.050003,34.34,13.19,55.450001
7/6/2017,2608.560059,0.002636,0.025418,51.130299,50.116901,1.0036,61.765999,34.5,143.479996,33.630001,13.02,54.790001
7/7/2017,2518.659912,0.002397,0.020415,46.5755,44.247799,1.00799,62.644001,34.630001,146.759995,33.880001,13.36,55.349998
7/10/2017,2372.560059,0.001952,0.015137,46.576401,40.0075,1.00795,63.209999,35,153.699997,33.650002,13.81,55.639999
7/11/2017,2337.790039,0.001779,0.014518,45.330799,37.136398,1.01229,65.444,35.380001,155.880005,33.919998,13.89,55.330002
7/12/2017,2398.840088,0.001938,0.017907,48.751202,40.388802,0.997456,65.903999,35.689999,162.509995,34.25,14.29,56.200001
7/13/2017,2357.899902,0.001823,0.017351,46.327801,38.226898,1.00383,64.681999,36.150002,160.630005,34.240002,13.53,56.23
7/14/2017,2233.340088,0.001681,0.016321,42.8027,35.48,1.003,65.556,36.25,164.949997,34.68,13.92,56.810001
7/17/2017,2228.409912,0.00152,0.018614,42.669701,34.830898,0.996888,63.914001,35.91,164.25,34.470001,13.8,56.459999
7/18/2017,2318.879883,0.001864,0.018666,44.302399,36.383801,0.998216,65.648003,35.869999,165.960007,34.529999,13.48,56.290001
7/19/2017,2273.429932,0.001689,0.017256,40.864399,35.0639,1.00309,65.052002,36.41,165.100006,34.560001,13.55,56.779999
7/20/2017,2817.600098,0.001935,0.018859,45.015701,40.297699,0.986866,65.984001,36.099998,167.5,34.75,13.8,53.970001
7/21/2017,2667.76001,0.001936,0.019201,45.763,40.344002,0.997202,65.68,35.849998,168.100006,34.73,13.88,53.84
7/24/2017,2754.860107,0.00198,0.022605,44.405499,45.580002,0.993997,68.503998,36.220001,166.149994,34.5,14.16,53.220001
7/25/2017,2576.47998,0.001773,0.018551,42.241299,40.6759,0.999802,67.919998,36.099998,165.350006,34.669998,14.11,53.27
7/26/2017,2529.449951,0.00181,0.018878,42.229698,45.8036,0.996955,68.769997,36.220001,167.259995,34.75,14.76,53.139999
7/27/2017,2671.780029,0.001856,0.018322,42.139801,45.238602,0.997275,66.891998,36.18,161.740005,34.970001,14.12,52.490002
7/28/2017,2809.01001,0.001782,0.016961,40.614601,43.959702,1.00194,67.014,35.860001,164.389999,35.310001,13.95,52.880001
7/31/2017,2875.340088,0.001718,0.016095,43.022701,39.8372,1.00092,64.694,35.959999,162.509995,35.470001,13.61,53.189999
8/1/2017,2718.26001,0.001792,0.017933,43.036301,44.145699,0.996819,63.914001,35.84,164.490005,36.349998,13.71,53.41
8/2/2017,2710.669922,0.001788,0.018413,42.132198,43.6297,1.00143,65.178001,36.07,164.389999,36.639999,13.37,53.169998
8/3/2017,2804.72998,0.001795,0.01886,42.8615,43.355301,0.969304,69.417999,35.790001,166.479996,36.490002,13.24,52.950001
8/4/2017,2895.889893,0.00182,0.022241,43.449699,45.123901,1.00435,71.382004,36.029999,167.210007,36.299999,13.12,52.619999
8/7/2017,3378.939941,0.001949,0.022195,45.795502,50.205601,0.996254,71.033997,36.790001,172.350006,36.43,13.43,52.700001
8/8/2017,3419.939941,0.001961,0.023737,48.631901,51.9412,1.00151,73.043999,36.700001,170.300003,36.41,13.11,52.290001
8/9/2017,3342.469971,0.001937,0.022996,48.011902,50.9636,1.00286,72.706001,36.459999,172.110001,36.59,12.83,52.77
8/10/2017,3381.280029,0.001896,0.022007,46.499802,49.472801,0.992991,71.080002,35.34,164.740005,36.139999,12.12,52.34
8/11/2017,3650.620117,0.00188,0.02148,47.0994,50.6506,1.00089,71.573997,36.139999,155.960007,35.869999,12.23,52.720001
8/14/2017,4325.129883,0.001762,0.017622,45.804501,49.753899,0.998163,72.760002,36.049999,168.399994,36.34,12.76,53.549999
8/15/2017,4181.930176,0.001738,0.017433,43.306499,48.743401,1.00153,72.466003,36.419998,166.979996,36,13.02,53.869999
8/16/2017,4376.629883,0.001774,0.017702,44.151199,48.783001,1.0012,72.582001,36.34,165.149994,35.810001,12.63,53.310001
8/17/2017,4331.689941,0.00171,0.017327,43.9146,47.448601,1.00795,70.384003,35.790001,161.470001,35.169998,12.34,52.27
8/18/2017,4160.620117,0.001678,0.016842,47.281399,46.687801,1.01333,69.491997,35.860001,161.5,35.009998,12.37,51.919998
8/21/2017,4001.73999,0.001712,0.019753,47.936001,77.822998,0.999263,67.571999,35.98,159.149994,34.919998,12.05,51.98
8/22/2017,4100.52002,0.001716,0.021624,46.7271,91.160004,1.00652,68.269997,36.52,162.550003,34.650002,12.17,52.349998
8/23/2017,4151.52002,0.001732,0.020222,53.2481,90.327202,1.00201,70.554001,36.580002,165.800003,34.66,12.48,52.23
8/24/2017,4334.680176,0.001816,0.019024,50.1856,86.287498,1.00492,70.585999,36.830002,165.190002,34.709999,12.5,52.490002
8/25/2017,4371.600098,0.00179,0.020497,51.1768,108.264,1.00286,69.610001,36.849998,163.809998,34.669998,12.43,52.029999
8/28/2017,4382.660156,0.001825,0.020525,62.355499,145.403,1.00106,69.132004,36.77,164.970001,34.650002,12.23,51.810001
8/29/2017,4579.02002,0.001867,0.020104,63.167,133.035004,1.00152,69.472,36.880001,164.699997,34.73,12.15,51.810001
8/30/2017,4565.299805,0.002105,0.021224,64.169296,132.378998,1.00074,70.636002,36.93,165.679993,34.889999,12.67,52.119999
8/31/2017,4703.390137,0.002064,0.022405,71.055099,140.406998,1.00312,71.18,36.970001,169.440002,35.07,13,52.27
9/1/2017,4892.009766,0.002543,0.023954,86.039703,141.197006,1.00437,71.080002,37.220001,170.460007,35.09,13.19,52.049999
9/5/2017,4376.529785,0.001908,0.018567,71.2948,118.823997,1.00423,69.917999,36.849998,165.910004,35.02,12.92,50.029999
9/6/2017,4597.120117,0.002019,0.020346,80.114304,121.633003,1.00509,68.905998,37.27,165.809998,35.759998,12.86,50.450001
9/7/2017,4599.879883,0.001928,0.020096,78.484299,120.843002,1.00135,70.122002,37.540001,166.580002,35.540001,12.63,50.380001
9/8/2017,4228.75,0.001596,0.017447,67.7948,118.043999,1.00689,68.68,37.5,163.690002,35.189999,12.25,49.639999
9/11/2017,4161.27002,0.001463,0.016993,66.039902,112.746002,1.00107,72.737999,37.84,169,35.77,12.55,50.57
9/12/2017,4130.810059,0.00144,0.016324,64.233704,111.889999,1.00529,72.550003,37.860001,169.610001,36.09,12.3,50.900002
9/13/2017,3882.590088,0.001398,0.015328,61.730099,111.329002,1.00254,73.246002,37.529999,170.369995,36.330002,12.22,51.009998
9/14/2017,3154.949951,0.000854,0.011038,41.5849,83.040199,1.00313,75.528,37.380001,169.399994,36.48,12.26,51.48
9/15/2017,3637.52002,0.000865,0.012097,48.212601,99.8545,1.00537,75.961998,37.650002,180.110001,37,12.52,52.189999
9/18/2017,4065.199951,0.000947,0.013455,55.525398,100.568001,1.00241,77,38.07,187.550003,37,13.08,52.25
9/19/2017,3924.969971,0.00089,0.011795,52.8353,97.718903,1.00185,75.019997,38.299999,187.350006,37.23,13.12,52.299999
9/20/2017,3905.949951,0.000862,0.012236,51.733799,95.569603,1.00454,74.781998,37.82,185.839996,37.07,13.74,51.98
9/21/2017,3631.040039,0.000755,0.0106,46.605801,86.244904,1.00472,73.295998,38.240002,180.759995,37.200001,13.41,52.029999
9/22/2017,3630.699951,0.000772,0.010776,48.090302,88.174896,1.00459,70.218002,37.77,179,37.18,13.3,52.09
9/25/2017,3926.070068,0.001141,0.012073,51.580101,93.641098,1.0013,68.998001,37.07,171,37.16,12.61,51.619999
9/26/2017,3892.350098,0.001151,0.012388,51.546799,93.127197,1.00259,69.050003,37.139999,171.960007,37.470001,12.45,51.130001
9/27/2017,4200.669922,0.001173,0.014378,56.2831,101.042999,1.00064,68.194,37.25,175.729996,37.540001,12.74,51.549999
9/28/2017,4174.72998,0.00108,0.013863,54.085201,97.233498,1.00179,67.919998,37.049999,175.679993,37.830002,12.74,51.75
9/29/2017,4163.069824,0.001082,0.013204,52.623001,94.501999,0.999863,68.220001,37.549999,178.770004,38.080002,12.75,51.84
10/2/2017,4409.319824,0.001085,0.012962,53.375999,91.544197,1.0017,68.306,38.130001,179,39.040001,12.71,51.880001
10/3/2017,4317.47998,0.001108,0.012404,52.349602,92.961197,1.00012,69.627998,38.439999,179.369995,39.380001,13.42,52.02
10/4/2017,4229.359863,0.001024,0.011851,51.399502,90.407097,1.00125,71.001999,38.27,180.869995,39.34,13.31,51.959999
10/5/2017,4328.410156,0.001001,0.014576,51.669498,91.858902,1.0003,71.066002,38.459999,180.770004,39.529999,13.34,52.349998
10/6/2017,4370.810059,0.001056,0.018403,52.120098,91.189796,1.00109,71.375999,38.459999,181.300003,39.630001,13.23,52.490002
10/9/2017,4772.02002,0.000991,0.017601,50.164001,85.4851,0.99978,68.587997,38.77,185.389999,39.860001,13.47,52.880001
10/10/2017,4781.990234,0.001036,0.018953,50.717098,86.821198,0.999441,71.117996,38.970001,188.929993,39.650002,13.7,53.869999
10/11/2017,4826.47998,0.001046,0.01945,50.887501,87.4217,0.998625,70.919998,40.349998,190.940002,39.299999,13.88,54.119999
10/12/2017,5446.910156,0.001062,0.017784,60.107601,87.0924,0.997423,71.136002,40.439999,191.029999,39.189999,14.2,53
10/13/2017,5647.209961,0.001066,0.01796,59.428902,95.134598,1.00005,71.113998,40.82,194.589996,39.669998,14.22,52.82
10/16/2017,5725.589844,0.001164,0.036865,64.621902,95.900299,0.99801,70.120003,40.889999,197.929993,39.759998,14.26,52.380001
10/17/2017,5605.509766,0.001067,0.045842,59.479,91.284203,0.999335,71.150002,41.25,197.75,39.790001,14.16,52.41
10/18/2017,5590.689941,0.001047,0.035133,60.730801,89.542198,1.00268,71.93,41.5,197.580002,40.25,14.07,52.209999
10/19/2017,5708.52002,0.001064,0.031195,59.7397,88.623901,1.00066,70.362,41.07,197.800003,40.09,13.95,52.290001
10/20/2017,6011.450195,0.00105,0.026757,60.330601,90.540497,1.00102,69.019997,41.119999,196.899994,40.43,13.81,52.02
10/23/2017,5930.319824,0.001016,0.033832,54.9202,85.209702,0.996536,67.403999,41.209999,196.619995,40.830002,14.1,53.389999
10/24/2017,5526.640137,0.001092,0.036649,55.9632,88.402603,1.00275,67.468002,41.32,198.679993,40.950001,14.25,54.25
10/25/2017,5750.799805,0.001056,0.035004,56.494301,88.129898,1.00226,65.167999,41.16,193.660004,40.779999,12.33,53.84
10/26/2017,5904.830078,0.001051,0.034546,55.737999,88.581703,0.999868,65.234001,41.200001,195.690002,41.349998,12.01,53.799999
10/27/2017,5780.899902,0.001052,0.034236,55.332401,86.745003,1.00007,64.174004,42.150002,201.860001,44.400002,11.84,54.57
10/30/2017,6130.529785,0.001151,0.031804,56.390499,88.840698,1.00058,64.015999,42.130001,203.839996,44.369999,10.89,54.66
10/31/2017,6468.399902,0.001124,0.029182,55.754101,87.644997,1.00071,66.306,42.330002,206.809998,45.490002,10.99,51.009998
