date,TWh,bitcoin,ethereum,cardano,doge,bcash,stellar,chainlink,biance,little,monero,bat,tether,tesla,tsmc,nvidia,intel,amd,qualcom
6/22/2015,2.15011,246.990005,0,0,0.000219,0,0.003682,0,0,3.02846,0.540599,0,1,51.958,23.84,21.780001,32.259998,2.62,67.360001
6/23/2015,2.19789,244.296005,0,0,0.000187,0,0.003508,0,0,2.97453,0.526921,0,1,53.534,23.93,21.219999,32.09,2.61,66.980003
6/24/2015,2.19355,240.514999,0,0,0.000178,0,0.003436,0,0,2.77863,0.506506,0,1,53.034,23.9,21.01,31.91,2.62,65.349998
6/25/2015,2.18486,242.798996,0,0,0.000186,0,0.003477,0,0,2.85033,0.503678,0,1,53.757999,24.08,21.17,31.99,2.58,65.260002
6/26/2015,2.20007,243.593994,0,0,0.000201,0,0.003407,0,0,2.86024,0.484247,0,1,53.417999,23.629999,20.74,31.02,2.47,64.669998
6/29/2015,2.19481,257.063995,0,0,0.000214,0,0.003503,0,0,3.7365,0.493447,0,1,52.403999,22.379999,20.120001,30.389999,2.34,62.619999
6/30/2015,2.20383,263.071991,0,0,0.000199,0,0.00347,0,0,4.08676,0.500266,0,1,53.652,22.709999,20.110001,30.42,2.4,62.630001
7/1/2015,2.15651,258.621002,0,0,0.000193,0,0.003458,0,0,3.92427,0.498848,0,1,53.830002,22.93,20.4,30.18,2.42,62.900002
7/2/2015,2.1589,255.412003,0,0,0.000191,0,0.003401,0,0,4.06537,0.492605,0,1,56.004002,23.15,20.42,30.559999,2.53,63.110001
7/6/2015,2.31028,269.029999,0,0,0.000192,0,0.003228,0,0,5.41723,0.505507,0,1,55.944,22.940001,20.17,30.040001,2.47,63.110001
7/7/2015,2.28653,266.207001,0,0,0.000189,0,0.003141,0,0,5.23463,0.512376,0,1,53.576,22.959999,19.790001,29.9,2.09,62.799999
7/8/2015,2.34267,270.785004,0,0,0.000189,0,0.003214,0,0,6.36112,0.51399,0,1,50.992001,22.23,19.65,29.5,2.01,61.91
7/9/2015,2.29733,269.227997,0,0,0.000195,0,0.003059,0,0,7.53694,0.497226,0,1,51.584,22.219999,19.41,28.93,1.98,61.860001
7/10/2015,2.28221,284.894012,0,0,0.000203,0,0.003115,0,0,4.50522,0.520876,0,1,51.830002,22.57,19.75,29.17,1.96,62.73
7/13/2015,2.2099,292.053986,0,0,0.0002,0,0.003219,0,0,4.6799,0.572132,0,1,52.431999,22.860001,19.879999,29.73,1.96,63.43
7/14/2015,2.24202,287.463989,0,0,0.000194,0,0.003077,0,0,4.64989,0.570033,0,1,53.130001,22.799999,19.889999,29.65,2.05,63.939999
7/15/2015,2.23595,285.82901,0,0,0.000186,0,0.003003,0,0,4.21409,0.541855,0,1,52.627998,22.559999,19.75,29.690001,1.96,63.880001
7/16/2015,2.24791,278.088989,0,0,0.000171,0,0.002831,0,0,3.68978,0.536325,0,1,53.335999,22.73,20.190001,29.9,1.87,64.550003
7/17/2015,2.24356,279.471985,0,0,0.00018,0,0.002853,0,0,3.78681,0.535182,0,1,54.931999,23.030001,20.07,29.469999,1.79,64.339996
7/20/2015,2.31045,278.980988,0,0,0.000174,0,0.002986,0,0,3.93859,0.547709,0,1,56.452,22.9,19.700001,29.1,1.8,63.790001
7/21/2015,2.2725,275.833008,0,0,0.00017,0,0.003067,0,0,3.76621,0.587578,0,1,53.354,22.879999,19.790001,28.719999,1.8,65.139999
7/22/2015,2.27473,277.221985,0,0,0.000184,0,0.003118,0,0,3.82366,0.57342,0,1,53.574001,22.219999,19.41,28.610001,1.79,64.190002
7/23/2015,2.28813,276.049011,0,0,0.000178,0,0.003037,0,0,3.78444,0.570335,0,1,53.439999,22.309999,19.65,28.6,1.76,61.779999
7/24/2015,2.33724,288.278015,0,0,0.000188,0,0.003094,0,0,4.60183,0.576016,0,1,53.082001,21.639999,19.42,28.059999,1.67,61.639999
7/27/2015,2.33414,293.623993,0,0,0.000189,0,0.002945,0,0,4.67137,0.59605,0,1,50.602001,21.629999,19.309999,28.35,1.62,61.98
7/28/2015,2.36138,294.427002,0,0,0.000188,0,0.002727,0,0,5.0584,0.615015,0,1,52.964001,21.879999,19.73,28.959999,1.77,63.099998
7/29/2015,2.3649,289.589996,0,0,0.000184,0,0.002823,0,0,4.79768,0.589967,0,1,52.764,22.110001,19.969999,29.01,1.96,63.169998
7/30/2015,2.35854,287.721985,0,0,0.000183,0,0.002811,0,0,4.57803,0.583228,0,1,53.358002,22.700001,20.02,28.91,1.93,64.410004
7/31/2015,2.32629,284.649994,0,0,0.000184,0,0.002644,0,0,4.64104,0.574956,0,1,53.23,22.110001,19.950001,28.950001,1.93,64.389999
8/3/2015,2.36711,281.22699,0,0,0.000173,0,0.002631,0,0,4.16219,0.595818,0,1,51.998001,21.719999,20.290001,29.049999,2.2,64.43
8/4/2015,2.36711,285.217987,0,0,0.000176,0,0.002632,0,0,4.37793,0.618406,0,1,53.256001,21.450001,20.370001,29.129999,2.13,63.450001
8/5/2015,2.32369,281.881989,0,0,0.000173,0,0.002634,0,0,4.34922,0.618616,0,1,54.026001,21.610001,20.58,29.120001,2.16,63.880001
8/6/2015,2.34426,278.576996,0,0,0.000168,0,0.002524,0,0,4.06467,0.729102,0,1,49.226002,21.280001,20.450001,29.01,2.11,62.84
8/7/2015,2.31227,279.584991,2.77212,0,0.000168,0,0.002432,0,0,4.20828,0.742292,0,1,48.501999,21.030001,22.98,28.879999,2.09,63.02
8/10/2015,2.33573,264.470001,0.708448,0,0.00016,0,0.002466,0,0,3.94888,0.656576,0,1,48.228001,21.610001,23.780001,29.639999,1.93,63.150002
8/11/2015,2.39812,270.385986,1.06786,0,0.000164,0,0.002398,0,0,4.15955,0.603582,0,1,47.473999,20.83,23.66,28.969999,1.9,62.549999
8/12/2015,2.38444,266.376007,1.21744,0,0.00016,0,0.00238,0,0,3.98545,0.622923,0,1,47.633999,20.75,23.719999,29.459999,1.9,62.580002
8/13/2015,2.39629,264.079987,1.82767,0,0.000156,0,0.002264,0,0,3.88034,0.575855,0,1,48.501999,20.540001,23.52,28.870001,1.79,62.029999
8/14/2015,2.41033,265.679993,1.82787,0,0.000158,0,0.002314,0,0,4.02623,0.609906,0,1,48.630001,20.379999,23.540001,29.02,1.84,61.91
8/17/2015,2.30097,257.976013,1.20361,0,0.00015,0,0.00217,0,0,3.98396,0.610122,0,1,50.998001,20.280001,23.389999,29.08,1.8,62.07
8/18/2015,2.2526,211.078995,1.08705,0,0.000134,0,0.001878,0,0,3.46971,0.493284,0,1,52.144001,20.030001,23.08,28.91,1.8,61.32
8/19/2015,2.3217,226.684006,1.25886,0,0.000131,0,0.00181,0,0,3.47782,0.534101,0,1,51.049999,19.91,22.99,28.360001,1.8,61.18
8/20/2015,2.32861,235.350006,1.46492,0,0.000139,0,0.00203,0,0,3.60509,0.597797,0,1,48.436001,19.610001,22.16,27.530001,1.7,60.150002
8/21/2015,2.38159,232.569,1.39529,0,0.000145,0,0.001995,0,0,3.56502,0.568307,0,1,46.153999,18.879999,21.469999,26.559999,1.78,57.610001
8/24/2015,2.46958,210.494995,1.23127,0,0.000128,0,0.001892,0,0,2.99474,0.434871,0,1,43.773998,18.76,20.709999,26.25,1.75,55.279999
8/25/2015,2.46495,221.608994,1.14019,0,0.000129,0,0.001855,0,0,2.9372,0.490286,0,1,44.006001,18.76,20.280001,25.870001,1.66,53.880001
8/26/2015,2.48742,225.830994,1.15998,0,0.000133,0,0.002035,0,0,2.94651,0.496679,0,1,44.967999,19.450001,21.809999,27.299999,1.72,56.66
8/27/2015,2.4668,224.768997,1.1477,0,0.000129,0,0.002005,0,0,2.86605,0.465475,0,1,48.598,19.940001,22.629999,27.719999,1.78,57.360001
8/28/2015,2.45431,231.395996,1.19138,0,0.000132,0,0.002354,0,0,2.90629,0.481627,0,1,49.695999,20,22.73,28.42,1.85,57.450001
8/31/2015,2.50174,230.056,1.35824,0,0.000129,0,0.002479,0,0,2.84207,0.467238,0,1,49.812,19.879999,22.48,28.540001,1.81,56.580002
9/1/2015,2.54679,228.121002,1.35161,0,0.000127,0,0.002435,0,0,2.82001,0.458517,0,1,47.726002,19.41,21.559999,27.82,1.71,55.02
9/2/2015,2.47212,229.283997,1.29479,0,0.000126,0,0.002423,0,0,2.79545,0.468083,0,1,49.537998,19.940001,22.209999,28.6,1.77,55.860001
9/3/2015,2.42748,227.182999,1.26493,0,0.000122,0,0.002377,0,0,2.63314,0.45929,0,1,49.113998,20.07,22.27,29.08,1.79,55.549999
9/4/2015,2.3691,230.298004,1.27441,0,0.000125,0,0.002321,0,0,2.70112,0.467874,0,1,48.386002,19.67,21.75,28.52,1.82,54.290001
9/8/2015,2.06318,243.606995,1.24243,0,0.000131,0,0.0023,0,0,3.04738,0.517402,0,1,49.633999,20.049999,22.68,29.5,1.88,55.200001
9/9/2015,2.05631,238.167999,1.20651,0,0.00013,0,0.002195,0,0,2.92392,0.506011,0,1,49.782001,19.879999,22.23,29.24,1.85,54.32
9/10/2015,2.12063,238.477005,1.16577,0,0.000129,0,0.002208,0,0,2.94936,0.497247,0,1,49.695999,19.700001,22.58,29.27,1.84,55.330002
9/11/2015,2.12982,240.106995,0.982978,0,0.000131,0,0.002231,0,0,2.95746,0.495325,0,1,50.048,19.9,22.65,29.469999,2.01,54.66
9/14/2015,2.11975,230.643997,0.875622,0,0.000125,0,0.002139,0,0,2.84465,0.482289,0,1,50.638,20.040001,22.690001,29.389999,1.82,54.310001
9/15/2015,2.16811,230.304001,0.94441,0,0.000126,0,0.002183,0,0,2.82319,0.502379,0,1,50.714001,20.389999,22.940001,29.73,1.86,54.869999
9/16/2015,2.154,229.091003,0.907175,0,0.000124,0,0.002159,0,0,2.80298,0.509974,0,1,52.450001,20.67,23.1,29.77,1.89,55.200001
9/17/2015,2.10187,229.809998,0.874231,0,0.000125,0,0.002228,0,0,2.90637,0.494782,0,1,52.414001,20.66,23.309999,29.709999,1.89,54.98
9/18/2015,2.09207,232.975006,0.853685,0,0.000127,0,0.002243,0,0,2.95696,0.50044,0,1,52.124001,20.610001,23.290001,29.02,1.87,54.450001
9/21/2015,2.01766,227.085007,0.919047,0,0.00013,0,0.002142,0,0,2.79913,0.480452,0,1,52.84,20.530001,23.530001,29.16,1.81,54.389999
9/22/2015,2.02482,230.617996,0.901796,0,0.000126,0,0.002138,0,0,2.84465,0.471829,0,1,52.188,19.950001,22.889999,28.67,1.73,53.939999
9/23/2015,2.07035,230.283005,0.893406,0,0.000124,0,0.002082,0,0,2.86555,0.464606,0,1,52.212002,20.01,23,28.74,1.7,53.560001
9/24/2015,2.0718,234.529007,0.81361,0,0.000124,0,0.002058,0,0,2.92998,0.468678,0,1,52.624001,19.99,23.440001,28.48,1.72,53.27
9/25/2015,2.10748,235.143997,0.736223,0,0.000122,0,0.002056,0,0,2.89286,0.451515,0,1,51.382,20.049999,23.610001,28.809999,1.71,53.220001
9/28/2015,2.22083,239.141998,0.582886,0,0.000124,0,0.002091,0,0,3.0728,0.448998,0,1,49.686001,19.629999,23.299999,28.76,1.66,52.540001
9/29/2015,2.25652,236.686996,0.661146,0,0.000121,0,0.002055,0,0,2.96999,0.435817,0,1,49.330002,19.889999,23.709999,29.24,1.67,52.43
9/30/2015,2.23552,236.059998,0.738644,0,0.000123,0,0.001985,0,0,3.00978,0.399882,0,1,49.68,20.75,24.65,30.139999,1.72,53.73
10/1/2015,2.25818,237.548996,0.690215,0,0.000122,0,0.002224,0,0,3.00192,0.404696,0,1,47.976002,20.860001,24.17,30,1.74,53.18
10/2/2015,2.21082,237.292999,0.678574,0,0.000123,0,0.002076,0,0,2.9932,0.409897,0,1,49.514,20.76,24.799999,30.51,1.83,55.07
10/5/2015,2.25959,240.382996,0.628643,0,0.000117,0,0.001989,0,0,3.01599,0.416151,0,1,49.23,21.4,25.42,31.209999,1.8,56.23
10/6/2015,2.19984,246.063004,0.650645,0,0.000121,0,0.002077,0,0,3.14593,0.411378,0,1,48.292,21.23,25.75,31.74,1.83,56.32
10/7/2015,2.17531,242.968994,0.609388,0,0.000121,0,0.002075,0,0,3.05858,0.393186,0,1,46.391998,21.93,26.02,32.32,1.86,56.610001
10/8/2015,2.15997,242.304001,0.621716,0,0.000119,0,0.001996,0,0,3.06403,0.387872,0,1,45.344002,22.25,26.17,32.52,1.93,57.66
10/9/2015,2.13416,243.931,0.650628,0,0.000119,0,0.002121,0,0,3.10797,0.397329,0,1,44.138,21.950001,26.07,32.139999,1.96,57.779999
10/12/2015,2.1277,245.307999,0.62603,0,0.000119,0,0.002031,0,0,3.1372,0.395317,0,1,43.116001,22.09,26.35,32.209999,1.87,57.790001
10/13/2015,2.11694,249.507996,0.607655,0,0.000121,0,0.002101,0,0,3.17974,0.388015,0,1,43.849998,21.940001,26.4,32.040001,1.92,57.509998
10/14/2015,2.15782,251.988998,0.522968,0,0.00012,0,0.001915,0,0,3.14418,0.384266,0,1,43.375999,22.34,27.360001,32.799999,1.95,58.630001
10/15/2015,2.21398,254.320007,0.561878,0,0.00012,0,0.001934,0,0,3.10489,0.390841,0,1,44.262001,21.950001,27.43,32.75,1.97,59.259998
10/16/2015,2.25306,262.868988,0.536495,0,0.000121,0,0.001936,0,0,3.10735,0.411511,0,1,45.402,22.16,27.860001,33.040001,1.94,59.91
10/19/2015,2.24987,263.437012,0.489014,0,0.000119,0,0.001933,0,0,3.04797,0.403212,0,1,45.619999,22.23,27.809999,33.59,2.01,59.099998
10/20/2015,2.23083,269.463013,0.434829,0,0.000118,0,0.00187,0,0,3.0926,0.399646,0,1,42.605999,22.309999,27.77,33.439999,2.02,59
10/21/2015,2.21398,266.272003,0.447329,0,0.000117,0,0.001975,0,0,3.07515,0.394597,0,1,42.018002,22.219999,27.41,33.369999,2.1,58.970001
10/22/2015,2.1754,274.02301,0.567702,0,0.000118,0,0.001957,0,0,3.11465,0.403236,0,1,42.344002,22.51,28.4,34.400002,2.14,60.43
10/23/2015,2.18617,276.496002,0.539657,0,0.000115,0,0.001956,0,0,3.11154,0.393922,0,1,41.818001,22.469999,28.59,34.900002,2.21,60.73
10/26/2015,2.22494,285.299988,0.731317,0,0.000116,0,0.00186,0,0,3.10443,0.38796,0,1,43.051998,22.16,28.459999,34.59,2.15,59.209999
10/27/2015,2.26586,293.787994,0.869641,0,0.000118,0,0.001997,0,0,3.09455,0.409574,0,1,42.07,22.200001,28.440001,34.470001,2.15,59.279999
10/28/2015,2.2551,304.618011,1.00248,0,0.000126,0,0.00202,0,0,3.10077,0.448829,0,1,42.591999,22.08,28.67,34.709999,2.18,60.27
10/29/2015,2.268,313.855011,1.20666,0,0.000141,0,0.002069,0,0,3.78221,0.447103,0,1,42.326,21.82,27.68,34.029999,2.13,60
10/30/2015,2.32368,328.015015,1.04122,0,0.000151,0,0.002184,0,0,4.06168,0.456442,0,1,41.386002,21.959999,28.370001,33.860001,2.12,59.419998
11/2/2015,2.32194,361.188995,0.989789,0,0.000147,0,0.00219,0,0,4.1649,0.442886,0,1,42.757999,22.1,28.700001,34.110001,2.19,60.639999
11/3/2015,2.34669,403.416992,1.01336,0,0.000156,0,0.002189,0,0,4.5898,0.442707,0,1,41.669998,22.77,28.5,34.310001,2.28,60.869999
11/4/2015,2.38866,411.562988,0.89905,0,0.000149,0,0.00218,0,0,4.23022,0.505869,0,1,46.326,23.549999,28.030001,34.150002,2.2,60.259998
11/5/2015,2.37852,386.354004,0.895637,0,0.000146,0,0.002012,0,0,3.96164,0.43253,0,1,46.354,22.98,27.709999,34,2.2,51.07
11/6/2015,2.32126,374.470001,0.926032,0,0.000141,0,0.001917,0,0,3.54801,0.439195,0,1,46.472,22.82,31.549999,33.84,2.15,53.419998
11/9/2015,2.29263,380.256989,0.999278,0,0.000135,0,0.002033,0,0,3.39662,0.472776,0,1,45.066002,22.959999,31.41,33.349998,2.11,52.939999
11/10/2015,2.27281,336.819,0.934348,0,0.000123,0,0.002039,0,0,3.11515,0.460954,0,1,43.299999,22.51,30.809999,33.209999,2.02,52.27
11/11/2015,2.31365,311.084015,0.791829,0,0.000125,0,0.001964,0,0,2.96939,0.450299,0,1,43.816002,22.58,30.51,32.860001,2.07,52.849998
11/12/2015,2.36715,338.152008,0.895711,0,0.00013,0,0.002124,0,0,3.2787,0.443275,0,1,42.588001,22.24,30.4,32.400002,2,52.580002
11/13/2015,2.42053,336.752991,0.904096,0,0.00013,0,0.001974,0,0,3.22599,0.452619,0,1,41.438,21.889999,29.799999,32.110001,1.99,51.939999
11/16/2015,2.55801,330.751007,0.928962,0,0.000131,0,0.001922,0,0,3.18945,0.435954,0,1,42.862,22.35,30.4,32.099998,1.99,52.77
11/17/2015,2.58357,335.093994,1.00798,0,0.000133,0,0.002015,0,0,3.20198,0.428999,0,1,42.799999,22.52,30.4,32.639999,1.98,52.98
11/18/2015,2.55778,334.589996,0.993319,0,0.000135,0,0.001909,0,0,3.18551,0.415567,0,1,44.214001,22.52,31.030001,33.16,2.12,48
11/19/2015,2.49954,326.148987,0.955532,0,0.00013,0,0.00193,0,0,3.13361,0.407052,0,1,44.360001,22.67,31.120001,34.299999,2.14,48.389999
11/20/2015,2.51585,322.022003,0.92492,0,0.000131,0,0.001895,0,0,3.11557,0.389316,0,1,44.001999,22.83,31.389999,34.66,2.22,49.619999
11/23/2015,2.59505,323.04599,0.946969,0,0.00013,0,0.0019,0,0,3.1241,0.391113,0,1,43.549999,22.57,30.92,34.48,2.22,48.970001
11/24/2015,2.64686,320.04599,0.900191,0,0.000128,0,0.001867,0,0,3.10783,0.390148,0,1,43.650002,22.5,31.17,34.360001,2.34,49.41
11/25/2015,2.67121,328.205994,0.863537,0,0.00013,0,0.001908,0,0,3.34444,0.387684,0,1,45.928001,22.559999,31.129999,34.450001,2.38,49.099998
11/27/2015,2.76033,358.041992,0.867951,0,0.000133,0,0.001766,0,0,3.57861,0.386268,0,1,46.321999,22.450001,31.389999,34.459999,2.33,48.540001
11/30/2015,2.77092,377.321014,0.873119,0,0.000128,0,0.001732,0,0,3.62122,0.395225,0,1,46.051998,22.76,31.719999,34.77,2.36,48.790001
12/1/2015,2.80165,362.488007,0.8748,0,0.000127,0,0.001739,0,0,3.4349,0.376028,0,0.999993,47.438,23.280001,32.75,35.09,2.34,49.299999
12/2/2015,2.8351,359.187012,0.82121,0,0.00013,0,0.001767,0,0,3.34225,0.368688,0,1,46.397999,23.190001,32.5,34.830002,2.27,51.849998
12/3/2015,2.74763,361.04599,0.812143,0,0.000129,0,0.001712,0,0,3.37749,0.366891,0,1,46.542,22.93,32.43,34.040001,2.23,51.400002
12/4/2015,2.79908,363.183014,0.840041,0,0.000129,0,0.00201,0,0,3.36181,0.370805,0,1,46.076,23.309999,33.75,34.939999,2.28,52.34
12/7/2015,2.87545,395.536011,0.811264,0,0.000133,0,0.001965,0,0,3.64514,0.421295,0,1,46.226002,23.24,33.110001,34.990002,2.36,52.43
12/8/2015,2.93553,415.562988,0.822118,0,0.000136,0,0.002292,0,0,3.68692,0.42936,0,1.00016,45.344002,23.08,33.560001,34.75,2.39,49.48
12/9/2015,2.99145,417.562988,0.792167,0,0.000142,0,0.002063,0,0,3.66903,0.452073,0,1.00008,44.903999,22.73,32.709999,34.810001,2.35,48.59
12/10/2015,3.23058,415.479004,0.840396,0,0.000139,0,0.002026,0,0,3.66394,0.431434,0,1,45.414001,22.65,32.98,34.77,2.45,48.57
12/11/2015,3.2847,451.937988,0.929762,0,0.00015,0,0.002135,0,0,3.83645,0.458294,0,1,43.403999,22.18,32.490002,34.27,2.36,47.459999
12/14/2015,3.40842,444.182007,0.993022,0,0.000145,0,0.002002,0,0,3.61457,0.534761,0,1,43.716,22.219999,32.57,34.470001,2.34,46.830002
12/15/2015,3.43081,465.321014,1.01415,0,0.00015,0,0.00187,0,0,3.83377,0.556358,0,1,44.217999,22.82,32.970001,35.18,2.36,48.02
12/16/2015,3.41682,454.93399,0.991182,0,0.00015,0,0.001846,0,0,3.69892,0.518993,0,1,46.902,23.16,33.169998,35.299999,2.54,48.07
12/17/2015,3.24611,456.078003,0.940701,0,0.000155,0,0.001857,0,0,3.74,0.501231,0,1,46.678001,22.959999,32.669998,34.91,2.56,47.540001
12/18/2015,3.28551,463.615997,0.920127,0,0.000155,0,0.001849,0,0,3.75696,0.499438,0,1,46.091999,22.93,32.139999,33.869999,2.45,47.43
12/21/2015,3.4462,438.639008,0.900771,0,0.000143,0,0.00178,0,0,3.45869,0.488745,0,0.999864,46.512001,22.950001,32.900002,34.240002,2.53,48.759998
12/22/2015,3.42998,436.571991,0.864202,0,0.000142,0,0.001728,0,0,3.41953,0.480099,0,0.999801,45.990002,23.059999,32.93,34.73,2.77,49.07
12/23/2015,3.49287,442.401001,0.858077,0,0.000147,0,0.001742,0,0,3.57807,0.482244,0,1,45.939999,23.08,33.060001,35,2.83,49.040001
12/24/2015,3.51534,454.984985,0.863262,0,0.000147,0,0.00177,0,0,3.644,0.490058,0,1,46.113998,23.15,33.169998,34.98,2.92,49.549999
12/28/2015,3.74889,422.278992,0.845005,0,0.000139,0,0.001777,0,0,3.46603,0.446928,0,1,45.790001,23.01,33.139999,34.93,3,49.580002
12/29/2015,3.77864,432.983002,0.873054,0,0.000155,0,0.001743,0,0,3.50026,0.45616,0,1,47.438,23.08,33.68,35.439999,3,50.880001
12/30/2015,3.80509,426.619995,0.911958,0,0.000153,0,0.001763,0,0,3.45914,0.441028,0,1,47.618,22.879999,33.389999,34.990002,2.98,50.41
12/31/2015,3.84894,430.566986,0.933542,0,0.000151,0,0.001751,0,0,3.48017,0.470402,0,1,48.001999,22.75,32.959999,34.450001,2.87,49.990002
1/4/2016,3.79819,433.091003,0.95448,0,0.000144,0,0.001748,0,0,3.49539,0.517388,0,1,44.681999,22.09,32.369999,33.990002,2.77,50.119999
1/5/2016,3.84952,431.959991,0.950176,0,0.000137,0,0.001721,0,0,3.46967,0.499272,0,1.00025,44.686001,21.950001,32.889999,33.830002,2.75,49.139999
1/6/2016,3.82221,429.105011,0.95086,0,0.000135,0,0.001672,0,0,3.45356,0.505053,0,1,43.807999,21.34,31.530001,33.080002,2.51,48.639999
1/7/2016,3.86236,458.048004,0.942005,0,0.000139,0,0.001728,0,0,3.60414,0.492529,0,1,43.130001,21.1,30.280001,31.84,2.28,46.139999
1/8/2016,4.002,453.230011,0.986789,0,0.000158,0,0.001681,0,0,3.56888,0.488417,0,1,42.200001,20.809999,29.629999,31.51,2.14,45.880001
1/11/2016,4.09388,448.428009,1.0616,0,0.000171,0,0.001739,0,0,3.55662,0.482049,0,1,41.57,20.93,29.68,32.060001,2.34,46.07
1/12/2016,4.14165,435.690002,1.141,0,0.00018,0,0.001743,0,0,3.49368,0.490113,0,1,41.993999,20.75,30.18,32.68,2.39,46.52
1/13/2016,4.20257,432.371002,1.1252,0,0.000177,0,0.001824,0,0,3.47602,0.484302,0,1.00045,40.062,20.48,29.26,31.91,2.25,46.099998
1/14/2016,4.19569,430.306,1.18959,0,0.000175,0,0.001914,0,0,3.46599,0.486483,0,1,41.236,21.82,28.67,32.740002,2.21,47.73
1/15/2016,4.04916,364.330994,1.20801,0,0.000149,0,0.001737,0,0,2.99678,0.428456,0,1,40.998001,21.1,27.110001,29.76,2.03,45.82
1/19/2016,4.0037,380.148987,1.37139,0,0.000148,0,0.001826,0,0,3.01744,0.545904,0,1,40.944,21.66,27.33,29.799999,1.95,46.09
1/20/2016,4.03415,420.230011,1.53182,0,0.000168,0,0.001821,0,0,3.38853,0.535095,0,1,39.740002,21.09,27.48,29.59,1.8,45.93
1/21/2016,4.05019,410.261993,1.55357,0,0.000163,0,0.001738,0,0,3.22078,0.549362,0,1,39.993999,21.33,27.799999,29.66,2.09,47.049999
1/22/2016,4.26674,382.492004,1.50127,0,0.000168,0,0.001704,0,0,3.07657,0.536995,0,1.00007,40.509998,21.93,28.450001,29.93,2.02,48.07
1/25/2016,4.4512,391.726013,2.49927,0,0.000212,0,0.001709,0,0,3.12728,0.581354,0,1.00001,39.276001,21.790001,28.42,29.6,2.12,47.580002
1/26/2016,4.57838,392.153015,2.27637,0,0.000356,0,0.001901,0,0,3.15482,0.584982,0,1,38.712002,21.59,28.700001,29.940001,2.07,48.52
1/27/2016,4.62703,394.971985,2.38855,0,0.000455,0,0.002235,0,0,3.28745,0.61087,0,1,37.613998,21.68,28.360001,29.809999,2.13,47.529999
1/28/2016,4.69762,380.289001,2.52649,0,0.000344,0,0.001908,0,0,3.12016,0.563129,0,0.999999,37.939999,21.629999,28.049999,29.969999,2.08,43.59
1/29/2016,4.70948,379.473999,2.49496,0,0.000316,0,0.001888,0,0,3.11138,0.51825,0,0.999978,38.240002,22.35,29.290001,31.02,2.2,45.34
2/1/2016,4.90264,373.056,2.21169,0,0.00027,0,0.001792,0,0,3.07724,0.497962,0,0.999969,39.388,22.459999,29.299999,30.82,2.14,46.110001
2/2/2016,5.00647,374.447998,2.43964,0,0.000262,0,0.001796,0,0,3.07587,0.501037,0,1,36.556,22.559999,28.059999,29.799999,1.99,43.150002
2/3/2016,5.10839,369.949005,2.52869,0,0.000265,0,0.001807,0,0,3.04753,0.491974,0,1,34.695999,22.92,28.200001,29.34,2.07,44.73
2/4/2016,5.20181,389.593994,2.57804,0,0.000287,0,0.001803,0,0,3.16277,0.507164,0,1,35.066002,23.23,28.209999,29.77,2.09,45.66
2/5/2016,5.28249,386.549011,2.53899,0,0.000305,0,0.001834,0,0,3.13741,0.496352,0,1,32.52,22.75,26.43,29.040001,1.98,44.02
2/8/2016,5.51855,373.446991,3.17979,0,0.000287,0,0.001841,0,0,3.06216,0.481636,0,1,29.598,22.799999,25.219999,28.82,1.93,43.889999
2/9/2016,5.65152,376.028992,4.04464,0,0.000292,0,0.001826,0,0,3.08155,0.46485,0,1,29.65,22.559999,25.49,28.809999,1.9,43.610001
2/10/2016,5.72755,381.648987,4.43626,0,0.000298,0,0.001849,0,0,3.09525,0.480424,0,1,28.733999,22.299999,25.43,28.23,1.84,42.959999
2/11/2016,5.99304,379.653992,6.0131,0,0.00029,0,0.001878,0,0,3.07562,0.516381,0,1,30.094,22,25.299999,28.219999,1.86,43
2/12/2016,6.06654,384.263,5.54698,0,0.000301,0,0.002344,0,0,3.11187,0.612499,0,1,30.208,22.24,25.73,28.639999,1.83,44.560001
2/16/2016,5.80702,407.488007,4.31529,0,0.000292,0,0.002649,0,0,3.20901,0.935744,0,1.00001,31.034,23.34,26.99,28.780001,1.83,46.73
2/17/2016,5.76114,416.321991,3.75724,0,0.000278,0,0.002158,0,0,3.24103,0.733156,0,1,33.736,23.639999,27.66,29.469999,1.9,48.41
2/18/2016,5.64388,422.372986,4.39913,0,0.000278,0,0.002122,0,0,3.25143,0.774533,0,1,33.354,23.799999,30.040001,29.42,1.91,49.080002
2/19/2016,5.5593,420.785004,4.73789,0,0.000297,0,0.00211,0,0,3.25279,0.819088,0,1,33.316002,23.780001,30.440001,28.709999,1.91,49.419998
2/22/2016,5.48511,437.747986,5.6165,0,0.000283,0,0.001976,0,0,3.48363,0.77803,0,1,35.548,23.959999,31.52,29.35,2.01,51.279999
2/23/2016,5.56813,420.735992,5.58621,0,0.00028,0,0.001903,0,0,3.39693,0.756528,0,1,35.442001,23.4,31.6,28.799999,1.97,50.419998
2/24/2016,5.46037,424.954987,6.23647,0,0.000278,0,0.001959,0,0,3.37487,0.801251,0,0.999844,35.799999,23.42,31.82,29.190001,2.02,51.52
2/25/2016,5.49524,424.544006,6.1048,0,0.000269,0,0.001975,0,0,3.36552,0.806427,0,1,37.486,23.690001,31.889999,29.620001,2.03,51.639999
2/26/2016,5.51773,432.152008,5.92167,0,0.000259,0,0.001943,0,0,3.41679,0.813595,0,1,38.068001,23.77,31.68,29.799999,2.07,51.619999
2/29/2016,5.56978,437.696991,6.33699,0,0.00025,0,0.001949,0,0,3.44611,0.870503,0,1.00002,38.386002,23.549999,31.360001,29.59,2.14,50.790001
3/1/2016,5.5987,435.122986,7.65369,0,0.000249,0,0.001909,0,0,3.43297,0.847996,0,0.999991,37.27,24.58,32.75,30.370001,2.18,52.110001
3/2/2016,5.82427,423.989014,8.46539,0,0.000244,0,0.001884,0,0,3.36502,0.827633,0,0.999962,37.667999,24.620001,32.939999,30.540001,2.32,52.849998
3/3/2016,5.70859,421.651001,9.29415,0,0.000245,0,0.00189,0,0,3.32353,1.09001,0,0.999999,39.147999,24.559999,32.650002,30.58,2.46,52.380001
3/4/2016,5.79356,410.938995,10.406,0,0.000238,0,0.001914,0,0,3.25023,1.09933,0,1,40.208,24.65,32.549999,30.629999,2.37,52.66
3/7/2016,5.81466,414.321014,9.55263,0,0.000233,0,0.002392,0,0,3.26775,1.07121,0,0.999998,41.057999,24.700001,32.34,30.940001,2.47,53.299999
3/8/2016,5.86226,413.971985,9.84721,0,0.00022,0,0.002216,0,0,3.25422,1.18654,0,1,40.52,24.65,31.75,30.559999,2.3,52.459999
3/9/2016,5.89578,414.859985,11.898,0,0.00023,0,0.002229,0,0,3.27985,1.2424,0,0.999895,41.743999,24.74,31.73,30.870001,2.26,51.950001
3/10/2016,5.98369,417.131012,11.305,0,0.000241,0,0.002368,0,0,3.28755,1.09481,0,0.999994,41.035999,24.74,31.68,31.25,2.26,52.02
3/11/2016,5.98573,421.690002,11.0828,0,0.000241,0,0.002567,0,0,3.3847,1.09733,0,0.999995,41.5,25.35,32.220001,31.76,2.52,52.220001
3/14/2016,5.97452,416.437988,12.4526,0,0.000238,0,0.002138,0,0,3.30352,1.11622,0,0.999994,43.029999,25.219999,32.299999,31.43,2.72,52.09
3/15/2016,6.01375,416.829987,13.01,0,0.000231,0,0.002193,0,0,3.30578,1.14372,0,1,43.667999,24.879999,32.139999,31.65,2.49,51.630001
3/16/2016,5.92408,417.010986,12.5209,0,0.000231,0,0.002136,0,0,3.30939,1.14711,0,1,44.386002,25.780001,33.099998,31.690001,2.63,51.299999
3/17/2016,5.84562,420.621002,11.0815,0,0.000223,0,0.002147,0,0,3.30739,1.30117,0,0.999983,45.276001,25.77,32.82,31.98,2.8,51.380001
3/18/2016,5.73136,409.548004,10.9981,0,0.000209,0,0.00198,0,0,3.16981,1.14677,0,0.999998,46.548,26.040001,33.810001,32.68,2.93,51.59
3/21/2016,5.79182,413.307007,11.8641,0,0.000212,0,0.002074,0,0,3.20091,1.49133,0,0.999999,47.664001,25.93,33.91,32.34,2.8,52.209999
3/22/2016,5.75597,418.088989,11.2748,0,0.000217,0,0.002079,0,0,3.23472,1.38773,0,0.999999,46.848,25.809999,33.849998,32.32,2.79,52.02
3/23/2016,5.77642,418.040985,12.4167,0,0.000212,0,0.002174,0,0,3.2428,1.45487,0,0.999999,44.515999,25.68,34.43,32,2.68,50.990002
3/24/2016,5.84682,416.394012,11.235,0,0.000213,0,0.00208,0,0,3.2247,1.70171,0,0.999972,45.549999,25.73,34.48,31.879999,2.79,50.860001
3/28/2016,6.17087,424.230988,11.6656,0,0.000215,0,0.002113,0,0,3.26406,1.48948,0,1,46.051998,25.629999,34.830002,31.9,2.78,50.189999
3/29/2016,6.22356,416.515991,11.6564,0,0.000254,0,0.002087,0,0,3.22633,1.49121,0,1,46.026001,25.969999,35.389999,32.380001,2.86,50.689999
3/30/2016,6.21186,414.81601,11.9529,0,0.000234,0,0.002039,0,0,3.21941,1.44575,0,1,45.377998,26.459999,35.759998,32.709999,2.86,50.990002
3/31/2016,6.0772,416.729004,11.4035,0,0.000233,0,0.002027,0,0,3.25707,1.40065,0,1,45.953999,26.200001,35.630001,32.349998,2.85,51.139999
4/1/2016,6.12398,417.959991,11.6636,0,0.000224,0,0.002047,0,0,3.23995,1.46143,0,1,47.518002,26.120001,36.150002,32.450001,2.83,50.880001
4/4/2016,6.04587,421.444,11.1573,0,0.00022,0,0.002294,0,0,3.25059,1.59652,0,1,49.397999,25.85,35.799999,32,2.83,50.650002
4/5/2016,6.04159,424.029999,10.4381,0,0.000214,0,0.00216,0,0,3.25165,1.52128,0,1,51.094002,25.51,35.75,31.9,2.76,50.07
4/6/2016,6.10766,423.412994,10.6854,0,0.000216,0,0.002163,0,0,3.25593,1.512,0,1.00002,53.084,25.620001,35.799999,32.080002,2.8,50.619999
4/7/2016,6.20214,422.744995,10.0697,0,0.000212,0,0.002155,0,0,3.24532,1.50027,0,1.00002,51.439999,25.370001,35.43,31.549999,2.64,50.029999
4/8/2016,6.15055,420.348999,9.71959,0,0.000211,0,0.002184,0,0,3.22027,1.23797,0,1,50.014,25.280001,35.66,31.629999,2.74,50.560001
4/11/2016,6.39256,422.483002,8.64379,0,0.000214,0,0.001903,0,0,3.24177,1.02242,0,0.999861,49.984001,25.51,35.880001,31.67,2.76,51
4/12/2016,6.35124,425.190002,7.44231,0,0.000229,0,0.001871,0,0,3.25732,0.955986,0,1,49.563999,25.57,35.84,31.860001,2.81,50.82
4/13/2016,6.39256,423.734009,8.04442,0,0.000234,0,0.001863,0,0,3.23886,1.03028,0,1,50.905998,26.17,36.740002,32.130001,2.8,51.919998
4/14/2016,6.58657,424.282013,8.38724,0,0.00023,0,0.001877,0,0,3.23961,1.00645,0,1,50.372002,25.299999,36.84,31.799999,2.72,51.82
4/15/2016,6.61521,429.713013,8.24278,0,0.000233,0,0.001879,0,0,3.27883,0.990145,0,1,50.902,25.459999,37.130001,31.459999,2.7,51.060001
4/18/2016,6.45277,428.591003,9.036,0,0.000225,0,0.001903,0,0,3.24039,1.11417,0,1,50.776001,25.5,36.970001,31.65,2.76,51.549999
4/19/2016,6.52733,435.509003,8.71488,0,0.000222,0,0.001929,0,0,3.28517,1.11118,0,1,49.473999,25.16,36.310001,31.6,2.62,51.830002
4/20/2016,6.60227,441.389008,8.46579,0,0.000226,0,0.001928,0,0,3.27838,1.06227,0,1,49.993999,25.120001,36.450001,32,2.7,52.09
4/21/2016,6.54227,449.424988,8.10217,0,0.000226,0,0.001874,0,0,3.3464,0.977233,0,1,49.658001,25.16,36.41,31.969999,2.62,51.669998
4/22/2016,6.56755,445.737,7.82126,0,0.000224,0,0.001917,0,0,3.31927,0.980429,0,1,50.75,25.07,36.27,31.639999,3.99,52.639999
4/25/2016,6.39689,461.425995,7.55434,0,0.000227,0,0.001876,0,0,3.81172,0.953362,0,1,50.363998,25.01,36.450001,31.389999,3.45,52.43
4/26/2016,6.40321,466.088989,7.39704,0,0.00023,0,0.001819,0,0,4.0458,0.884295,0,1,50.748001,25.01,36.48,31.4,3.66,52.91
4/27/2016,6.17565,444.687012,7.75997,0,0.000224,0,0.001832,0,0,3.88971,0.941531,0,1,50.293999,25.25,37.310001,31.75,3.73,52.900002
4/28/2016,6.07445,449.010986,7.17253,0,0.000228,0,0.001904,0,0,3.7885,0.904794,0,1,49.542,24.16,36.200001,31.110001,3.61,52.130001
4/29/2016,6.16916,455.096985,7.45729,0,0.000226,0,0.001849,0,0,3.8136,0.883684,0,1,48.152,23.59,35.529999,30.280001,3.55,50.52
5/2/2016,6.51651,444.669006,10.1632,0,0.000229,0,0.001868,0,0,3.68031,0.964395,0,1,48.360001,23.690001,36,30.610001,3.74,51.110001
5/3/2016,6.51641,450.303986,9.31127,0,0.000228,0,0.001862,0,0,3.74091,0.908237,0,1,46.464001,23.32,35.57,30.360001,3.6,50.73
5/4/2016,6.75649,446.721985,9.41377,0,0.000225,0,0.001865,0,0,3.74679,0.916455,0,1,44.512001,23.42,34.759998,29.85,3.6,50.490002
5/5/2016,6.88287,447.976013,9.8261,0,0.000221,0,0.00184,0,0,3.71385,0.906841,0,1,42.306,23.5,34.970001,29.9,3.66,51.130001
5/6/2016,6.90815,459.602997,9.34664,0,0.000225,0,0.001829,0,0,3.82211,0.877466,0,1,42.986,23.41,35.330002,30.040001,3.68,50.919998
5/9/2016,7.10408,460.483002,9.29773,0,0.000224,0,0.001802,0,0,4.05643,0.825393,0,1,41.784,23.370001,35.279999,29.799999,3.65,51.200001
5/10/2016,7.14833,450.894989,9.36152,0,0.00022,0,0.001774,0,0,3.81915,0.829463,0,1,41.737999,23.389999,35.959999,30.139999,3.64,52.150002
5/11/2016,6.99192,452.727997,9.99628,0,0.000224,0,0.001797,0,0,3.88227,0.85971,0,1,41.792,23.219999,36.060001,30.059999,3.65,52.150002
5/12/2016,6.96748,454.765991,10.0578,0,0.000235,0,0.0018,0,0,3.8568,0.875668,0,1,41.456001,22.99,35.57,29.76,3.59,51.509998
5/13/2016,6.98814,455.670013,10.5066,0,0.000236,0,0.00177,0,0,3.92568,0.847763,0,1.00326,41.521999,22.82,40.98,29.91,3.67,51.32
5/16/2016,6.81124,454.162994,11.1713,0,0.000229,0,0.001724,0,0,4.00653,0.818356,0,1,41.658001,23.110001,42.189999,30.389999,3.79,51.91
5/17/2016,6.78159,453.78299,12.1988,0,0.000226,0,0.001692,0,0,3.98313,0.813343,0,1,40.931999,22.950001,42.279999,29.98,3.79,51.990002
5/18/2016,6.93393,454.618988,13.5586,0,0.000228,0,0.001711,0,0,4.00322,0.840542,0,1,42.234001,23.52,43.360001,29.99,3.84,52.790001
5/19/2016,6.80336,438.714996,14.7697,0,0.000225,0,0.001661,0,0,3.83339,0.853595,0,1,43.042,23.25,43.549999,29.629999,3.77,52.759998
5/20/2016,6.78274,442.675995,13.6356,0,0.000228,0,0.001649,0,0,3.88101,0.942222,0,1,44.056,23.91,44.330002,30.15,3.87,54.52
5/23/2016,7.33938,444.154999,13.4615,0,0.000225,0,0.001599,0,0,3.96819,0.91473,0,1,43.243999,24.27,44.400002,30.23,4.04,54.18
5/24/2016,7.38419,445.980988,12.7323,0,0.000224,0,0.001608,0,0,3.95141,0.901127,0,1.00002,43.582001,24.469999,45.360001,31.059999,4.2,55.59
5/25/2016,7.3058,449.598999,12.526,0,0.000224,0,0.00155,0,0,4.04566,0.865887,0,1,43.916,24.620001,45.169998,31.389999,4.18,55.98
5/26/2016,7.43303,453.384003,12.4304,0,0.000228,0,0.001489,0,0,4.08247,0.860175,0,1,45.023998,24.790001,45.650002,31.49,4.35,55.740002
5/27/2016,7.38918,473.463989,11.2958,0,0.00023,0,0.001444,0,0,4.50133,0.859091,0,1,44.608002,24.799999,45.900002,31.57,4.6,55.27
5/31/2016,6.7901,531.385986,14.0773,0,0.000231,0,0.001543,0,0,4.65039,0.928747,0,1,44.646,24.719999,46.720001,31.59,4.57,54.919998
6/1/2016,6.82535,536.919983,14.0015,0,0.000234,0,0.001525,0,0,4.74099,0.914871,0,1,43.911999,25.25,46.810001,31.66,4.43,54.790001
6/2/2016,6.59145,537.971985,13.738,0,0.00023,0,0.001512,0,0,4.71505,0.92668,0,1,43.792,25.18,47.139999,31.76,4.24,54.880001
6/3/2016,6.35016,569.19397,13.8467,0,0.000238,0,0.00153,0,0,4.86097,0.945202,0,1,43.798,25.530001,46.48,31.620001,4.16,54.939999
6/6/2016,5.7486,585.536987,13.9341,0,0.000236,0,0.001496,0,0,4.95916,1.00688,0,1,44.136002,25.469999,46.240002,31.68,4.47,54.889999
6/7/2016,5.58151,576.596985,14.512,0,0.00024,0,0.001488,0,0,4.77078,1.00501,0,1,46.467999,26.059999,46.330002,31.879999,4.51,54.84
6/8/2016,5.31113,581.64502,14.4177,0,0.000246,0,0.001497,0,0,4.74817,0.999952,0,1,47.104,26.33,46.18,31.889999,4.46,54.939999
6/9/2016,5.43761,574.630005,14.3986,0,0.000265,0,0.001587,0,0,4.69312,1.11488,0,1,45.872002,26.23,47.380001,31.940001,4.52,54.98
6/10/2016,5.43579,577.469971,13.9086,0,0.00026,0,0.001573,0,0,4.84,1.14706,0,1,43.757999,25.860001,46.200001,32.040001,4.32,53.830002
6/13/2016,5.41732,704.375977,17.602699,0,0.000298,0,0.001561,0,0,5.29032,1.28224,0,1,43.574001,25.629999,46.790001,32.169998,4.4,52.830002
6/14/2016,5.36449,685.559021,18.8932,0,0.00032,0,0.001754,0,0,5.20402,1.38593,0,1,42.992001,25.57,46.880001,32.139999,4.39,52.700001
6/15/2016,5.4045,694.468994,18.3543,0,0.000313,0,0.001668,0,0,5.23978,1.46448,0,1,43.540001,25.84,47.360001,31.610001,4.42,53.279999
6/16/2016,5.32262,766.307983,20.5886,0,0.000335,0,0.001722,0,0,5.66079,1.58343,0,0.999999,43.585999,25.860001,47.549999,31.690001,4.75,53.419998
6/17/2016,5.34821,748.908997,15.3768,0,0.000321,0,0.001697,0,0,5.59327,1.75499,0,0.999999,43.094002,25.85,46.720001,31.76,5.26,53.549999
6/20/2016,5.53245,737.226013,11.8395,0,0.000323,0,0.001774,0,0,5.29454,1.83363,0,1,43.939999,26.370001,47.560001,32.169998,5.1,53.889999
6/21/2016,5.66105,666.651978,13.3067,0,0.000307,0,0.001711,0,0,4.82175,1.6086,0,1,43.922001,26.59,47.27,32.32,5.45,53.880001
6/22/2016,5.58844,596.116028,13.0951,0,0.000266,0,0.00162,0,0,3.9107,1.4955,0,1,39.332001,26.540001,47.23,32.290001,5.02,54.040001
6/23/2016,5.59132,623.97699,13.6762,0,0.00028,0,0.001666,0,0,3.85051,1.5578,0,1,39.279999,26.809999,48.490002,32.990002,5.21,55.549999
6/24/2016,5.53405,665.299011,14.3321,0,0.000281,0,0.001786,0,0,4.2791,1.58891,0,1.00001,38.630001,25.68,45.73,31.549999,4.88,52.119999
6/27/2016,5.46792,655.275024,13.8839,0,0.000288,0,0.002657,0,0,4.11985,1.47528,0,0.999951,39.709999,24.9,45.240002,30.719999,4.72,51.139999
6/28/2016,5.47294,647.000977,12.1756,0,0.000301,0,0.002333,0,0,4.10066,1.48517,0,1,40.358002,25.26,45.900002,31.190001,5.12,52.509998
6/29/2016,5.56589,639.890015,12.6112,0,0.000296,0,0.00204,0,0,4.06188,1.54559,0,1,42.037998,25.799999,46.650002,31.93,5.13,53.549999
6/30/2016,5.62056,673.336975,12.4615,0,0.000304,0,0.002143,0,0,4.1935,1.6055,0,1,42.456001,26.23,47.009998,32.799999,5.14,53.57
7/1/2016,5.76272,676.296021,12.1995,0,0.000302,0,0.002035,0,0,4.25597,1.65917,0,1,43.299999,26.530001,46.66,32.75,5.07,53
7/5/2016,5.75671,670.627014,10.6114,0,0.000287,0,0.001869,0,0,4.45228,1.73427,0,1,42.796001,26.26,47.349998,32.68,4.96,51.939999
7/6/2016,5.73832,677.330994,10.5289,0,0.000284,0,0.001846,0,0,4.46822,1.93859,0,1,42.888,26.15,47.650002,32.970001,5.04,52.369999
7/7/2016,5.68136,640.562012,10.1094,0,0.000275,0,0.00174,0,0,4.11188,1.90277,0,0.999991,43.188,26.309999,48.889999,33.200001,5.02,52.93
7/8/2016,5.64162,666.52301,11.3946,0,0.000277,0,0.00187,0,0,4.21991,1.98116,0,0.999999,43.355999,26.73,50.849998,34,5.1,54.189999
7/11/2016,5.65403,647.658997,10.459,0,0.000267,0,0.001809,0,0,4.08544,1.98334,0,1.00016,44.956001,27.200001,52.02,34.380001,5.01,54.119999
7/12/2016,5.64289,664.551025,10.5161,0,0.000265,0,0.001991,0,0,4.15328,1.98716,0,1,44.93,26.969999,52.799999,34.939999,5.14,54.619999
7/13/2016,5.58161,654.468018,10.5005,0,0.000263,0,0.002164,0,0,4.13855,1.93458,0,1,44.506001,26.889999,52.779999,35.009998,5.09,54.830002
7/14/2016,5.60389,658.078003,11.5132,0,0.000262,0,0.002039,0,0,4.14846,2.00704,0,1,44.306,27.110001,53.32,35.200001,5.17,54.880001
7/15/2016,5.54819,663.255005,11.9516,0,0.000264,0,0.001977,0,0,4.15977,1.99138,0,1,44.080002,27.01,52.700001,35.07,5.14,54.75
7/18/2016,5.58164,673.106018,11.0344,0,0.000252,0,0.001982,0,0,4.14822,1.95463,0,1,45.25,27.639999,52.970001,35.049999,5.51,55.349998
7/19/2016,5.49839,672.864014,11.6191,0,0.000245,0,0.0019,0,0,4.14916,1.90237,0,1.00001,45.051998,27.27,53.52,35.150002,5.41,55.139999
7/20/2016,5.61574,665.684998,12.4506,0,0.000244,0,0.001862,0,0,4.12506,1.76275,0,1,45.672001,27.549999,54.220001,35.689999,5.41,55.82
7/21/2016,5.3846,665.012024,12.6507,0,0.000237,0,0.001839,0,0,4.12023,1.73985,0,1,44.099998,27.48,53.220001,34.27,5.22,59.93
7/22/2016,5.17022,650.619019,14.6619,0,0.000237,0,0.001824,0,0,4.03829,1.82988,0,1,44.453999,27.74,54.669998,34.66,5.84,61.150002
7/25/2016,4.24993,654.096985,13.8361,0,0.000245,0,0.002143,0,0,4.03204,1.84536,0,0.999999,46.001999,27.860001,55.68,34.689999,6.7,60.73
7/26/2016,4.07423,651.783997,11.9895,0,0.00024,0,0.001939,0,0,3.97024,1.82572,0,1,45.902,28.33,56.630001,35.09,6.98,61.349998
7/27/2016,3.77176,654.35199,12.9728,0,0.000237,0,0.001931,0,0,3.95589,1.94309,0,1,45.698002,28.1,56.060001,34.830002,6.85,62.509998
7/28/2016,3.78426,655.034973,12.8436,0,0.000238,0,0.001948,0,0,3.96774,1.85362,0,1,46.122002,28.139999,56.18,34.77,6.82,62.43
7/29/2016,3.85928,656.992004,12.7946,0,0.000238,0,0.002013,0,0,4.07744,1.89198,0,1.00008,46.958,27.780001,57.099998,34.860001,6.86,62.580002
8/1/2016,4.02599,606.271973,10.9416,0,0.000223,0,0.001874,0,0,3.86342,1.69627,0,0.999999,46.001999,28.620001,56.73,34.849998,6.64,61.849998
8/2/2016,4.12112,547.465027,8.78728,0,0.000206,0,0.001736,0,0,3.63958,1.48521,0,0.999995,45.439999,28.16,56.040001,34.560001,6.26,60.599998
8/3/2016,4.24191,566.35498,10.2939,0,0.000214,0,0.001804,0,0,3.71923,1.57481,0,0.999996,45.158001,28.16,56.189999,34.25,6.3,61.009998
8/4/2016,4.27811,578.289001,11.0428,0,0.000215,0,0.001879,0,0,3.74845,1.84921,0,0.999996,46.122002,28.4,57.23,34.580002,6.47,60.98
8/5/2016,4.33154,575.04303,10.9254,0,0.000218,0,0.0019,0,0,3.72904,1.79256,0,0.999833,46.006001,28.790001,58.200001,34.98,6.61,62
8/8/2016,4.37696,591.054016,11.2454,0,0.000237,0,0.001848,0,0,3.78551,1.90121,0,0.999557,45.231998,29.09,58.740002,35.040001,6.68,61.580002
8/9/2016,4.23291,587.801025,12.2443,0,0.000237,0,0.001871,0,0,3.75975,2.04886,0,0.999557,45.816002,29.4,58.889999,34.919998,6.6,61.990002
8/10/2016,4.17379,592.103027,12.1432,0,0.000239,0,0.001892,0,0,3.72242,2.01437,0,0.97356,45.130001,29.219999,58.509998,34.529999,6.49,61.709999
8/11/2016,4.16196,589.119995,11.6909,0,0.000235,0,0.001889,0,0,3.74217,1.97662,0,0.962375,44.981998,29.139999,59.700001,34.68,6.58,61.740002
8/12/2016,4.08314,587.559021,11.7785,0,0.000239,0,0.001831,0,0,3.70935,1.94901,0,0.962058,45.122002,29.24,63.040001,34.57,6.73,61.709999
8/15/2016,4.1286,567.23999,11.2184,0,0.000238,0,0.002019,0,0,3.57708,2.18056,0,0.999999,45.118,29.389999,62.98,34.91,6.95,62.43
8/16/2016,4.21275,577.439026,11.1397,0,0.000258,0,0.002016,0,0,3.63772,2.20473,0,1,44.722,29.08,62.599998,35.209999,6.78,62.07
8/17/2016,4.13957,573.216003,10.7528,0,0.000247,0,0.001993,0,0,3.59944,2.23777,0,1,44.647999,28.98,61.150002,35.02,6.68,62.279999
8/18/2016,4.20188,574.317993,10.7561,0,0.000247,0,0.001976,0,0,3.60712,2.19232,0,1,44.702,29.16,62.099998,34.970001,7.04,63.040001
8/19/2016,4.26813,575.630005,10.7487,0,0.000233,0,0.001963,0,0,3.60409,2.30393,0,1,45,28.639999,62.259998,35.240002,7.62,62.759998
8/22/2016,4.42172,586.752991,11.1209,0,0.000229,0,0.001919,0,0,3.65726,3.98921,0,1,44.585999,28.4,62.52,35.360001,7.58,62.830002
8/23/2016,4.47264,583.414978,11.0306,0,0.000227,0,0.001878,0,0,3.93073,4.71534,0,1,44.967999,28.5,62.91,35.400002,7.67,63.09
8/24/2016,4.5957,580.182007,11.036,0,0.000231,0,0.001888,0,0,3.85505,4.42438,0,1,44.523998,28.389999,61.939999,35.150002,7.43,62.610001
8/25/2016,4.49386,577.760986,11.3574,0,0.000229,0,0.001874,0,0,3.80207,4.14717,0,1,44.192001,28.6,61.529999,35.09,7.47,62.639999
8/26/2016,4.4005,579.651001,11.2954,0,0.000231,0,0.001888,0,0,3.82638,4.17985,0,1,43.998001,28.639999,62.029999,35.259998,7.67,62.970001
8/29/2016,4.27238,574.106995,10.9838,0,0.000225,0,0.00183,0,0,3.75952,8.49556,0,1,43.040001,28.700001,61.990002,35.549999,7.59,62.98
8/30/2016,4.35535,577.502991,11.2289,0,0.000233,0,0.00185,0,0,3.80406,8.49091,0,1,42.268002,28.620001,61.630001,35.700001,7.49,62.939999
8/31/2016,4.28781,575.471985,11.6724,0,0.000235,0,0.001906,0,0,3.79744,8.58262,0,1,42.402,28.74,61.34,35.889999,7.4,63.07
9/1/2016,4.33948,572.302979,11.9949,0,0.000232,0,0.001887,0,0,3.83201,8.00396,0,1,40.153999,28.959999,63.150002,36.02,7.35,63.470001
9/2/2016,4.43869,575.536987,12.113,0,0.000235,0,0.001885,0,0,3.82457,10.2135,0,1,39.556,29.139999,62.529999,36.080002,7.51,63.349998
9/6/2016,4.34396,610.435974,11.6891,0,0.000241,0,0.001925,0,0,3.97236,12.4551,0,1,40.566002,29.49,63.119999,36.57,7.34,63.09
9/7/2016,4.42153,614.544006,11.5479,0,0.000242,0,0.001925,0,0,3.96988,11.8299,0,1,40.341999,29.82,62.189999,36.459999,6.84,62.43
9/8/2016,4.43877,626.315979,11.3459,0,0.000228,0,0.001931,0,0,3.98834,12.743,0,1,39.472,29.790001,62.639999,36.439999,6.23,62.689999
9/9/2016,4.39136,622.861023,11.6528,0,0.00023,0,0.00202,0,0,3.96999,12.4273,0,1,38.894001,28.59,59.52,35.439999,5.9,60.52
9/12/2016,4.5635,608.242981,11.8937,0,0.000226,0,0.00194,0,0,3.82319,10.032,0,1.0007,39.66,28.99,60.75,36.080002,5.94,62.25
9/13/2016,4.70483,609.241028,11.9187,0,0.000225,0,0.001951,0,0,3.82171,10.8838,0,1.00001,39.209999,28.49,59.869999,35.610001,5.74,61.290001
9/14/2016,4.73753,610.684021,11.9232,0,0.000226,0,0.001963,0,0,3.83216,10.5083,0,1,39.282001,28.620001,60.400002,35.619999,6.04,61.59
9/15/2016,4.79588,607.155029,11.937,0,0.000233,0,0.002319,0,0,3.81192,9.4132,0,0.999993,40.084,29.18,62.689999,36.560001,6.02,62.540001
9/16/2016,4.79673,606.973022,12.5558,0,0.00025,0,0.002082,0,0,3.80619,8.91087,0,0.999999,41.080002,28.91,62.84,37.669998,6.05,62.990002
9/19/2016,4.65106,609.22699,13.189,0,0.000236,0,0.002127,0,0,3.83116,10.5641,0,0.999999,41.268002,29.93,63.669998,37.16,6.16,62.860001
9/20/2016,4.58934,608.312012,14.4303,0,0.000232,0,0.002052,0,0,3.84207,11.1464,0,0.999999,40.928001,29.9,63.09,37.139999,6.17,62.700001
9/21/2016,4.63343,597.148987,13.7685,0,0.000231,0,0.002085,0,0,3.84037,9.91702,0,0.999988,41.043999,30.5,64.860001,37.450001,6.29,63.57
9/22/2016,4.57612,596.297974,13.2476,0,0.000228,0,0.002138,0,0,3.76757,10.1558,0,0.999999,41.285999,30.66,65.019997,37.549999,6.37,63.52
9/23/2016,4.56289,602.84198,13.3313,0,0.000224,0,0.002083,0,0,3.81291,10.7688,0,0.999999,41.490002,30.120001,64.949997,37.189999,6.55,62.75
9/26/2016,4.92027,608.04303,12.8231,0,0.000229,0,0.002385,0,0,3.85874,9.39895,0,1,41.798,29.84,64.339996,36.650002,6.32,62.310001
9/27/2016,5.041,606.166016,13.0983,0,0.000228,0,0.002549,0,0,3.85224,9.30736,0,1,41.161999,30.4,66.540001,37.18,6.54,63.310001
9/28/2016,5.00612,604.728027,13.2748,0,0.000229,0,0.003149,0,0,3.83761,9.39937,0,1,41.254002,30.33,66.779999,37.439999,6.59,63.450001
9/29/2016,5.05791,605.692993,13.0734,0,0.000231,0,0.003066,0,0,3.84561,8.70923,0,1,40.139999,30.4,67.400002,37.32,6.67,67.449997
9/30/2016,5.12704,609.734985,13.2248,0,0.000235,0,0.002847,0,0,3.8416,8.41217,0,1,40.806,30.59,68.519997,37.75,6.91,68.5
10/3/2016,4.93986,612.132996,13.4524,0,0.000234,0,0.00271,0,0,3.83797,7.94923,0,0.999998,42.740002,30.719999,68.449997,37.66,6.95,67.110001
10/4/2016,4.89748,610.203979,13.277,0,0.000229,0,0.00259,0,0,3.82303,7.65059,0,1,42.282001,30.389999,68.300003,37.540001,6.97,66.68
10/5/2016,4.98695,612.510986,13.0357,0,0.000233,0,0.002485,0,0,3.84313,6.76072,0,1,41.692001,30.530001,68.230003,37.990002,6.78,66.839996
10/6/2016,5.07171,613.020996,12.8543,0,0.000223,0,0.002306,0,0,3.84654,7.17507,0,1,40.200001,30.77,67.339996,38.07,6.96,67.540001
10/7/2016,5.07642,617.120972,12.6671,0,0.000228,0,0.002374,0,0,3.86229,6.89108,0,1,39.321999,31.18,66.849998,38.099998,6.75,68.190002
10/10/2016,5.22356,618.994019,11.7555,0,0.000228,0,0.002466,0,0,3.79517,6.93849,0,1,40.189999,31.280001,67.099998,38.02,6.84,67.25
10/11/2016,5.18102,641.072021,11.7857,0,0.00023,0,0.002679,0,0,3.81633,7.27767,0,1,40.02,30.73,66.129997,37.27,6.5,66.089996
10/12/2016,5.12133,636.192017,11.9335,0,0.000225,0,0.002637,0,0,3.75851,7.3112,0,1,40.301998,31.35,66.43,37.130001,6.62,66.059998
10/13/2016,5.00915,636.786011,11.963,0,0.000227,0,0.002539,0,0,3.90657,6.91433,0,1,40.048,30.530001,65.349998,36.970001,6.49,65.699997
10/14/2016,5.0221,640.377991,11.9382,0,0.000227,0,0.002479,0,0,3.8976,6.9238,0,0.999999,39.301998,30.66,65.989998,37.450001,6.75,65.699997
10/17/2016,4.76413,639.192993,12.005,0,0.000221,0,0.002291,0,0,3.91048,6.28489,0,1,38.792,30.57,65.610001,37.290001,6.67,65.190002
10/18/2016,4.84488,637.960022,12.5885,0,0.000221,0,0.002388,0,0,3.83958,6.56581,0,1,39.82,30.860001,66.610001,37.75,6.73,66.099998
10/19/2016,4.74899,630.52002,12.0226,0,0.000219,0,0.002339,0,0,3.80414,6.61953,0,1,40.712002,30.98,66.470001,35.509998,6.77,65.790001
10/20/2016,4.77927,630.856995,12.099,0,0.000221,0,0.00267,0,0,3.779,6.55776,0,1,39.82,31.059999,67.730003,35.43,6.96,67.339996
10/21/2016,4.92058,632.828003,12.1754,0,0.000218,0,0.002476,0,0,3.80546,6.77864,0,1,40.018002,31.08,67.540001,35.150002,6.52,67.93
10/24/2016,5.08657,653.760986,11.969,0,0.000219,0,0.002471,0,0,3.86886,6.41618,0,1,40.551998,31.41,70.709999,35.259998,7.01,68.059998
10/25/2016,4.99252,657.588013,11.414,0,0.000219,0,0.002357,0,0,3.90441,6.09008,0,1,40.467999,31.549999,71.870003,35.099998,7.5,67.709999
10/26/2016,5.04491,678.304016,11.532,0,0.000216,0,0.002338,0,0,3.96029,6.17496,0,1,40.448002,31.209999,72.160004,34.919998,7.29,68.199997
10/27/2016,5.17071,688.312988,11.4997,0,0.000217,0,0.002176,0,0,4.0215,6.21438,0,1,40.801998,30.77,70.68,34.810001,7.11,70.089996
10/28/2016,5.0956,689.651001,11.0851,0,0.000216,0,0.002095,0,0,3.97322,5.72646,0,1,39.993999,30.77,70.559998,34.740002,7.2,68.400002
10/31/2016,5.22331,700.971985,10.9982,0,0.00022,0,0.002088,0,0,3.99396,5.11955,0,1,39.546001,31.1,71.160004,34.869999,7.23,68.720001
11/1/2016,5.24806,729.79303,10.7661,0,0.000221,0,0.001976,0,0,4.08833,4.71309,0,1,38.158001,30.709999,69.050003,34.52,7.09,68.339996
11/2/2016,5.22331,740.828979,10.7526,0,0.00022,0,0.002023,0,0,4.1045,4.5066,0,1,37.604,30.389999,68.760002,34.599998,6.76,67.089996
11/3/2016,5.18865,688.700012,10.801,0,0.000217,0,0.001994,0,0,3.86133,4.8899,0,1,37.484001,30.280001,67.959999,33.93,6.7,66.949997
11/4/2016,5.01042,703.234985,11.0907,0,0.000219,0,0.001999,0,0,3.87889,4.84751,0,1,38.112,30.24,67.57,33.610001,6.56,66.730003
11/7/2016,4.92824,703.130981,10.8088,0,0.000239,0,0.002013,0,0,3.83887,5.73861,0,1,38.641998,31.35,71.269997,34.689999,6.96,68.459999
11/8/2016,5.05532,709.848022,10.8337,0,0.000229,0,0.001986,0,0,3.84276,6.31619,0,1,38.987999,31.34,71.160004,34.740002,7,68.269997
11/9/2016,5.12751,723.27301,10.6555,0,0.000229,0,0.001968,0,0,3.86461,6.18724,0,1,38.012001,30.59,69.959999,34.75,6.94,67.879997
11/10/2016,5.19516,715.533997,10.5245,0,0.000228,0,0.001948,0,0,3.82424,6.10219,0,0.999997,37.07,29.440001,67.769997,34.5,6.3,66.309998
11/11/2016,5.43105,716.411011,10.2899,0,0.000227,0,0.001913,0,0,3.81601,6.77996,0,1,37.712002,29.93,87.970001,34.610001,6.69,66.879997
11/14/2016,5.61177,705.020996,9.96648,0,0.000223,0,0.00188,0,0,3.87617,7.71229,0,1,36.290001,28.85,83.639999,34.48,6.79,65.93
11/15/2016,5.54715,711.619019,10.2175,0,0.000222,0,0.001853,0,0,3.89359,7.29721,0,1,36.754002,29.200001,86.190002,34.91,6.97,66.769997
11/16/2016,5.66644,744.197998,10.0591,0,0.000221,0,0.001772,0,0,4.01948,6.58232,0,1,36.785999,29.860001,91.629997,34.84,7.67,66.300003
11/17/2016,5.62171,740.97699,9.99118,0,0.000224,0,0.00182,0,0,3.94319,6.78845,0,1,37.731998,29.469999,92.389999,35.02,8.46,66.669998
11/18/2016,5.60127,751.585022,9.47616,0,0.000218,0,0.001807,0,0,3.96132,6.72005,0,1,37.004002,29.469999,93.360001,34.950001,8.71,67.309998
11/21/2016,5.45544,739.247986,9.62082,0,0.000222,0,0.001755,0,0,3.94488,6.79772,0,1,36.903999,29.65,92.980003,34.98,8.94,67.099998
11/22/2016,5.41719,751.346985,9.90572,0,0.000224,0,0.001735,0,0,3.94731,7.68806,0,1,38.234001,29.91,93.650002,35.48,8.69,68.309998
11/23/2016,5.37589,744.593994,9.84362,0,0.000219,0,0.001733,0,0,3.92532,7.91363,0,1,38.627998,29.889999,93.970001,35.200001,8.8,68.129997
11/25/2016,5.52318,741.648987,9.40205,0,0.00022,0,0.001722,0,0,3.91542,7.54427,0,1,39.330002,29.66,94.160004,35.439999,8.77,68.290001
11/28/2016,5.80924,735.812988,8.72482,0,0.000218,0,0.001655,0,0,3.88454,7.89341,0,1,39.223999,29.66,94.110001,35.509998,8.83,67.099998
11/29/2016,5.89175,735.604004,8.17412,0,0.000217,0,0.001667,0,0,3.87455,7.60291,0,1,37.914001,29.549999,93.25,35.310001,8.93,66.769997
11/30/2016,5.86425,745.690979,8.58754,0,0.000214,0,0.001629,0,0,3.89379,8.94639,0,1,37.880001,29.690001,92.199997,34.700001,8.91,68.129997
12/1/2016,5.77623,756.773987,8.4525,0,0.000214,0,0.001619,0,0,3.90908,8.57556,0,1,36.375999,28.549999,87.639999,33.759998,8.39,64.160004
12/2/2016,5.73942,777.94397,7.75996,0,0.000216,0,0.001529,0,0,3.94644,8.23269,0,1,36.293999,28.860001,88.449997,34.16,8.53,65.839996
12/5/2016,5.84568,758.700012,6.82166,0,0.000215,0,0.001542,0,0,3.52858,7.91008,0,1.00002,37.360001,29.02,91.879997,34.389999,8.68,66.360001
12/6/2016,5.86572,764.223999,7.86893,0,0.000212,0,0.002666,0,0,3.53541,7.54466,0,1,37.169998,29.51,93.389999,34.720001,9.45,67.449997
12/7/2016,6.05862,768.132019,8.38148,0,0.000214,0,0.002767,0,0,3.61595,7.88885,0,1,38.630001,29.93,95.07,35.5,9.56,68.339996
12/8/2016,6.13435,770.809998,8.23051,0,0.000215,0,0.002421,0,0,3.6911,7.7933,0,1,38.458,30.040001,93.480003,35.700001,10.34,68.550003
12/9/2016,6.09072,772.794006,8.44601,0,0.000212,0,0.002545,0,0,3.69148,7.94785,0,1,38.436001,30.120001,91.82,35.759998,10.34,68.519997
12/12/2016,6.10752,780.086975,8.52221,0,0.000222,0,0.002272,0,0,3.66231,8.0515,0,1,38.486,29.9,89.589996,35.970001,10.68,68.470001
12/13/2016,6.26427,780.55603,8.42285,0,0.000216,0,0.002158,0,0,3.65028,8.10651,0,1,39.630001,30.360001,91.169998,36.799999,10.54,69.339996
12/14/2016,6.06833,781.481018,8.26523,0,0.000217,0,0.00215,0,0,3.61956,8.40846,0,1,39.737999,29.870001,96.449997,36.549999,10.55,67.559998
12/15/2016,5.95609,778.088013,7.82847,0,0.000215,0,0.002802,0,0,3.62447,8.42192,0,1,39.515999,30.16,98.709999,36.790001,10.86,68.029999
12/16/2016,6.00562,784.906982,7.85821,0,0.000217,0,0.003123,0,0,3.62818,8.51026,0,1.00003,40.498001,29.48,100.410004,36.310001,10.66,66.459999
12/19/2016,5.98636,792.713989,7.64382,0,0.000218,0,0.002868,0,0,3.66262,8.63122,0,1,40.546001,29.27,101.629997,36.889999,10.95,67.019997
12/20/2016,5.82544,800.875977,7.66004,0,0.000219,0,0.002836,0,0,3.66106,8.42837,0,1,41.757999,29.309999,105.169998,37.209999,11.51,66.910004
12/21/2016,6.01,834.281006,7.9144,0,0.000227,0,0.00281,0,0,3.65345,8.2796,0,1,41.540001,29.139999,105.830002,36.98,11.47,67.160004
12/22/2016,6.20603,864.539978,7.585,0,0.000225,0,0.002751,0,0,3.71168,8.89836,0,1,41.689999,28.74,107.110001,36.93,11.6,66.760002
12/23/2016,6.32107,921.984009,7.16615,0,0.000236,0,0.002646,0,0,4.65533,9.55165,0,1.00017,42.667999,29.049999,109.779999,36.970001,11.58,66.860001
12/27/2016,6.47849,933.197998,7.17082,0,0.000227,0,0.002543,0,0,4.4694,12.6881,0,1.00001,43.905998,29.1,117.32,37.07,12.07,67.25
12/28/2016,6.51568,975.921021,7.52011,0,0.000223,0,0.002509,0,0,4.57135,14.0944,0,1.00004,43.948002,29.120001,109.25,36.630001,11.55,65.75
12/29/2016,6.48325,973.497009,8.28416,0,0.000228,0,0.002559,0,0,4.55548,13.1325,0,1.00002,42.936001,29.129999,111.43,36.66,11.59,66.040001
12/30/2016,6.53661,961.237976,8.15998,0,0.000228,0,0.002544,0,0,4.39052,12.9702,0,1.00002,42.737999,28.75,106.739998,36.27,11.34,65.199997
1/3/2017,6.79231,1043.839966,9.72525,0,0.000227,0,0.002554,0,0,4.6262,16.092899,0,1.00001,43.397999,29.309999,102.010002,36.599998,11.43,65.400002
1/4/2017,6.7413,1154.72998,11.2516,0,0.000236,0,0.002735,0,0,4.83785,18.5271,0,1.00001,45.397999,29.299999,104.389999,36.41,11.43,65.470001
1/5/2017,6.67928,1013.380005,10.2544,0,0.000229,0,0.002598,0,0,4.29272,16.187599,0,1.00001,45.349998,29.799999,101.739998,36.349998,11.24,65.550003
1/6/2017,6.70409,902.200989,10.2547,0,0.00022,0,0.002494,0,0,3.86126,14.03,0,1.00001,45.801998,29.629999,103.099998,36.48,11.32,65.529999
1/9/2017,6.56765,902.828003,10.3256,0,0.000229,0,0.002347,0,0,4.30196,13.7361,0,1.00001,46.256001,30.040001,107.279999,36.610001,11.49,65.650002
1/10/2017,6.55035,907.679016,10.5496,0,0.000226,0,0.002355,0,0,4.59151,13.3913,0,1.00001,45.973999,30.07,106.470001,36.540001,11.44,65.629997
1/11/2017,6.60773,777.757019,9.71776,0,0.000205,0,0.002089,0,0,3.84679,11.6369,0,1.00001,45.945999,30.17,105.160004,36.950001,11.2,66.099998
1/12/2017,6.87069,804.833984,9.86133,0,0.000208,0,0.002475,0,0,3.9628,11.8527,0,1.00001,45.917999,29.290001,103.440002,36.709999,10.76,66.120003
1/13/2017,6.85873,823.984009,9.7695,0,0.000209,0,0.002398,0,0,3.89087,11.2682,0,1.00001,47.549999,29.440001,103.43,36.790001,10.58,66.879997
1/17/2017,7.50411,907.937988,10.3023,0,0.000215,0,0.002545,0,0,3.93905,12.3899,0,1.00001,47.116001,29.620001,101.110001,36.799999,9.82,64.190002
1/18/2017,7.48438,886.617981,10.2278,0,0.000208,0,0.002481,0,0,3.8382,12.0484,0,1.00001,47.672001,29.49,102.949997,36.759998,9.88,65.129997
1/19/2017,7.49754,899.072998,10.3972,0,0.000211,0,0.002349,0,0,3.86061,12.1488,0,1.00001,48.751999,29.629999,105.160004,36.57,9.77,64.440002
1/20/2017,7.75403,895.026001,10.6006,0,0.000209,0,0.002357,0,0,3.89001,11.9094,0,1.00001,48.945999,30.07,104.010002,36.939999,9.75,62.880001
1/23/2017,7.82064,921.012024,10.8208,0,0.000208,0,0.002332,0,0,3.83576,12.2517,0,1.00001,49.784,30.33,105.089996,36.77,9.91,54.880001
1/24/2017,7.92452,892.687012,10.6325,0,0.000202,0,0.002234,0,0,3.7861,11.8143,0,1.00001,50.922001,30.82,107.330002,37.619999,10.44,55
1/25/2017,8.08101,901.541992,10.5705,0,0.000204,0,0.002157,0,0,3.71453,11.8298,0,1.00001,50.894001,31.309999,107.790001,37.799999,10.35,56.900002
1/26/2017,8.12569,917.585999,10.5891,0,0.000208,0,0.002197,0,0,3.83432,11.9809,0,1.00001,50.501999,31.110001,109.650002,37.560001,10.52,54.049999
1/27/2017,8.18679,919.75,10.5373,0,0.000204,0,0.002196,0,0,3.85588,12.0966,0,1.00001,50.59,31.25,111.769997,37.98,10.67,54.240002
1/30/2017,8.33095,920.382019,10.5712,0,0.000208,0,0.002458,0,0,4.02125,12.7073,0,1.00032,50.125999,31.190001,110.019997,37.419998,10.61,53.610001
1/31/2017,8.30027,970.403015,10.7275,0,0.000206,0,0.002371,0,0,4.07864,12.9851,0,0.999997,50.386002,30.91,109.18,36.82,10.37,53.43
2/1/2017,8.63013,989.02301,10.7321,0,0.000209,0,0.002357,0,0,4.07533,13.2678,0,0.999999,49.848,31.08,113.949997,36.52,12.06,53.150002
2/2/2017,8.3814,1011.799988,10.8214,0,0.000211,0,0.00242,0,0,4.08527,13.1361,0,0.999994,50.310001,30.780001,115.389999,36.68,12.28,52.66
2/3/2017,7.9697,1029.910034,11.1145,0,0.000213,0,0.002399,0,0,4.08256,12.8638,0,0.999998,50.265999,30.969999,114.379997,36.52,12.24,52.98
2/6/2017,7.11131,1038.150024,11.3894,0,0.000214,0,0.002369,0,0,4.04401,12.8842,0,0.999998,51.554001,30.870001,117.309998,36.27,13.63,52.880001
2/7/2017,6.97058,1061.349976,11.5153,0,0.000208,0,0.002319,0,0,4.04037,12.6499,0,0.999999,51.495998,30.52,119.129997,36.349998,13.29,53.27
2/8/2017,6.43713,1063.069946,11.4312,0,0.000211,0,0.002235,0,0,4.02317,12.8034,0,0.999999,52.416,30.33,118.610001,36.380001,13.56,52.889999
2/9/2017,6.58424,994.382996,11.0322,0,0.000204,0,0.002155,0,0,3.79859,12.1231,0,0.999999,53.84,30.209999,116.379997,35.459999,13.42,52.880001
2/10/2017,6.6377,988.674011,11.2789,0,0.000208,0,0.002141,0,0,3.77721,11.9798,0,0.999999,53.846001,30.709999,113.620003,35.34,13.58,54
2/13/2017,6.78832,990.642029,11.2695,0,0.000208,0,0.002067,0,0,3.71789,12.1973,0,1,56.119999,31.690001,108.379997,35.799999,13.49,54.93
2/14/2017,6.90414,1004.549988,13.0252,0,0.000209,0,0.00209,0,0,3.7708,12.9933,0,1,56.195999,31.33,108.779999,35.93,13.26,55.48
2/15/2017,6.8591,1007.47998,12.9197,0,0.000209,0,0.002224,0,0,3.80928,13.6168,0,1.00177,55.952,31.75,109,36.049999,13.3,56.490002
2/16/2017,6.74328,1027.439941,12.9037,0,0.000207,0,0.002139,0,0,3.78681,13.1021,0,1.00005,53.790001,32.32,107.25,36.41,12.97,56.880001
2/17/2017,6.76902,1046.209961,12.6765,0,0.000209,0,0.002093,0,0,3.83036,13.2959,0,1.00002,54.445999,32.34,107.230003,36.48,13.13,56.459999
2/21/2017,6.65686,1115.300049,12.6684,0,0.000208,0,0.001997,0,0,3.78328,12.3369,0,0.99976,55.478001,32.330002,111.07,36.52,14,56.75
2/22/2017,6.68956,1117.439941,12.5997,0,0.000202,0,0.002008,0,0,3.80522,12.7652,0,0.999967,54.702,32.07,110.760002,36.07,14.28,57.099998
2/23/2017,6.72567,1166.719971,13.1194,0,0.000208,0,0.001927,0,0,3.84295,12.8719,0,0.999997,51.198002,31.75,100.489998,36.18,14.32,57.139999
2/24/2017,6.84912,1173.680054,13.0692,0,0.000208,0,0.001885,0,0,3.84672,11.9219,0,0.999998,51.400002,31.92,101.459999,36.529999,14.12,57.220001
2/27/2017,7.24206,1179.969971,15.3965,0,0.000208,0,0.001774,0,0,3.80274,11.9604,0,1.00007,49.245998,31.530001,104.410004,36.509998,15.2,56.73
2/28/2017,7.34284,1179.969971,15.8172,0,0.000205,0,0.001843,0,0,3.77099,12.2765,0,0.99997,49.998001,31.469999,101.480003,36.200001,14.46,56.48
3/1/2017,7.38314,1222.5,17.349701,0,0.000203,0,0.001724,0,0,3.7989,12.3312,0,0.999998,50.004002,31.58,102.790001,35.93,14.96,57.009998
3/2/2017,7.43017,1251.01001,19.030199,0,0.000205,0,0.001787,0,0,3.92423,13.1136,0,1,50.096001,30.870001,99,35.91,13.9,56.369999
3/3/2017,7.36204,1274.98999,19.459,0,0.000211,0,0.001763,0,0,3.92082,13.9105,0,1,50.313999,30.85,98.43,35.900002,13.03,56.439999
3/6/2017,7.03348,1272.829956,19.6057,0,0.00021,0,0.001876,0,0,3.9214,15.4127,0,1.00006,50.242001,30.85,97.669998,35.57,13.04,56.450001
3/7/2017,7.08009,1223.540039,18.888599,0,0.000209,0,0.002011,0,0,3.82148,13.5339,0,1.00002,49.717999,31.309999,98.739998,35.799999,13.05,56.73
3/8/2017,7.10992,1150,16.6513,0,0.000208,0,0.001835,0,0,3.776,12.4721,0,1.00001,49.374001,31.219999,98.559998,35.619999,13.22,57.77
3/9/2017,7.09455,1188.48999,17.7547,0,0.000211,0,0.00179,0,0,3.83842,13.0297,0,0.999906,48.98,30.98,98.540001,35.82,13.33,57.970001
3/10/2017,7.16318,1116.719971,19.3323,0,0.000204,0,0.001733,0,0,3.75217,13.2142,0,0.99999,48.737999,31.059999,99.120003,35.91,13.91,58.639999
3/13/2017,7.35981,1231.920044,28.592899,0,0.000247,0,0.001965,0,0,4.17054,18.132601,0,1.00004,49.234001,31.5,101.849998,35.16,14.28,58.459999
3/14/2017,7.38088,1240,28.6546,0,0.000238,0,0.001918,0,0,4.05519,17.7598,0,1.00002,51.599998,31.209999,101.779999,35.18,14.1,58.220001
3/15/2017,7.38088,1249.609985,35.055901,0,0.000243,0,0.001953,0,0,4.16087,18.9837,0,1.00001,51.146,31.91,102.550003,35.099998,13.98,58.52
3/16/2017,7.41599,1187.810059,46.345798,0,0.000235,0,0.00197,0,0,4.2371,22.4835,0,1.00003,52.41,32.41,103.809998,35.139999,13.65,58.349998
3/17/2017,7.42449,1100.22998,46.827999,0,0.000223,0,0.001957,0,0,4.0551,22.3512,0,1.00003,52.299999,32.59,106.07,35.27,13.49,57.549999
3/20/2017,7.59195,1054.22998,43.390202,0,0.000236,0,0.001995,0,0,4.03331,22.5075,0,1.00021,52.383999,32.849998,109.449997,35.43,14.4,57.810001
3/21/2017,7.52596,1120.540039,43.1451,0,0.000246,0,0.002187,0,0,4.00922,21.286301,0,1.00003,50.136002,32.48,105.910004,35.040001,13.82,56.799999
3/22/2017,7.68154,1049.140015,42.342098,0,0.000243,0,0.001983,0,0,3.93649,21.419701,0,1.00004,51.001999,32.689999,108.07,35.369999,14.1,57.040001
3/23/2017,7.68012,1038.589966,43.678398,0,0.000242,0,0.002251,0,0,3.98003,21.822001,0,1.00007,50.956001,32.560001,107.089996,35.27,13.79,56.810001
3/24/2017,7.85214,937.52002,53.107498,0,0.000264,0,0.002108,0,0,4.08396,21.095301,0,0.999896,52.632,32.810001,107.470001,35.16,13.7,56.919998
3/27/2017,7.65638,1045.77002,49.666901,0,0.000254,0,0.001892,0,0,4.07528,19.6618,0,1.00001,54.043999,33.169998,108.25,35.389999,13.7,56.66
3/28/2017,7.75064,1047.150024,50.774899,0,0.000273,0,0.002043,0,0,4.15568,19.806801,0,1.00001,55.490002,33.349998,107.690002,35.599998,13.69,57.380001
3/29/2017,7.59838,1039.969971,53.126099,0,0.000272,0,0.001973,0,0,4.1859,21.144899,0,0.999947,55.476002,32.93,107.339996,35.57,13.71,57.360001
3/30/2017,7.42101,1026.430054,52.205799,0,0.000304,0,0.002302,0,0,6.98063,20.878401,0,0.999986,55.584,33.07,109.400002,35.75,14.05,57.200001
3/31/2017,6.90671,1071.790039,50.0373,0,0.000328,0,0.002356,0,0,6.66706,20.5371,0,1,55.66,32.84,108.93,36.07,14.55,57.34
4/3/2017,6.33585,1143.810059,44.3564,0,0.000427,0,0.003124,0,0,8.07058,20.3284,0,0.999752,59.703999,32.889999,108.379997,36.16,14.64,56.5
4/4/2017,5.88914,1133.25,44.641899,0,0.000432,0,0.003046,0,0,8.28936,21.353399,0,1.00002,60.740002,32.860001,100.779999,36.279999,14.16,56.68
4/5/2017,5.7661,1124.780029,45.304001,0,0.000442,0,0.003131,0,0,11.094,19.617399,0,1.00011,59,32.900002,100.029999,36.220001,14.17,56.470001
4/6/2017,5.66668,1182.680054,43.2421,0,0.00045,0,0.002824,0,0,10.2517,19.2707,0,0.999939,59.740002,32.860001,100.760002,36.029999,13.27,56.529999
4/7/2017,6.02665,1176.900024,42.162601,0,0.000398,0,0.002767,0,0,9.37156,19.3867,0,0.999873,60.507999,32.869999,100.330002,36.029999,13.52,56.32
4/10/2017,6.54006,1187.130005,43.4352,0,0.0004,0,0.002788,0,0,8.91704,21.8284,0,0.999931,62.478001,32.52,97.769997,35.799999,13.1,56.52
4/11/2017,7.01932,1205.01001,43.4072,0,0.00039,0,0.002782,0,0,8.85383,21.3556,0,0.999843,61.742001,32.400002,98.120003,35.740002,13.1,55.349998
4/12/2017,7.12505,1200.369995,46.2873,0,0.000414,0,0.003036,0,0,10.7856,21.764,0,0.999562,59.368,32.279999,97.309998,35.630001,12.76,53.389999
4/13/2017,7.24162,1169.280029,50.219398,0,0.000425,0,0.00306,0,0,10.1495,21.480499,0,0.999612,60.799999,31.83,95.489998,35.25,12.31,52.790001
4/17/2017,7.18818,1193.910034,48.3046,0,0.000459,0,0.003555,0,0,10.4216,20.5611,0,0.999288,60.287998,32.029999,99.230003,35.48,12.79,52.889999
4/18/2017,7.08561,1211.670044,50.7075,0,0.000459,0,0.003706,0,0,10.3201,21.058701,0,0.999616,60.049999,31.790001,99.290001,35.77,12.95,52.669998
4/19/2017,7.13449,1210.290039,48.305302,0,0.000448,0,0.003574,0,0,9.65808,20.394501,0,0.999523,61.104,31.610001,99.68,35.91,12.84,52.610001
4/20/2017,7.2177,1229.079956,49.672199,0,0.000443,0,0.003368,0,0,10.3349,20.240499,0,0.998275,60.501999,31.790001,101.260002,36.18,13.11,52.66
4/21/2017,7.4198,1222.050049,48.2244,0,0.000451,0,0.003466,0,0,11.2278,20.2927,0,0.984169,61.119999,32.080002,101.68,36.32,13,52.5
4/24/2017,7.33318,1250.150024,50.031502,0,0.000515,0,0.00384,0,0,14.9655,19.558399,0,0.91789,61.605999,32.700001,102.949997,36.75,13.13,52.810001
4/25/2017,7.34762,1265.48999,49.891201,0,0.000527,0,0.003808,0,0,15.2128,19.6525,0,0.913595,62.757999,33.07,104.739998,36.869999,13.49,53
4/26/2017,7.4198,1281.079956,52.720299,0,0.000544,0,0.003835,0,0,14.8481,19.371799,0,0.92105,62.034,33,104.019997,36.93,13.41,53.040001
4/27/2017,7.48694,1317.72998,62.167702,0,0.000632,0,0.00397,0,0,14.622,21.2078,0,0.924351,61.726002,33.02,105.639999,37.43,13.62,53.209999
4/28/2017,7.26538,1316.47998,70.159203,0,0.000678,0,0.004551,0,0,14.3415,22.348101,0,0.934542,62.813999,33.07,104.300003,36.150002,13.3,53.740002
5/1/2017,7.64836,1421.599976,76.296997,0,0.000686,0,0.005138,0,0,15.9177,22.767799,0,0.935871,64.566002,33.400002,106.639999,36.310001,13.62,53.599998
5/2/2017,7.72309,1452.819946,77.263802,0,0.00061,0,0.004834,0,0,15.895,23.0424,0,0.932607,63.778,33.93,103.480003,36.970001,10.32,53.290001
5/3/2017,7.57365,1490.089966,79.718201,0,0.000678,0,0.005197,0,0,21.042601,25.200001,0,0.933351,62.203999,34.290001,104.25,36.98,10.39,54.490002
5/4/2017,7.72576,1537.670044,96.9814,0,0.000744,0,0.006628,0,0,23.3936,25.9863,0,0.945931,59.091999,34.139999,103.849998,36.849998,10.1,54.91
5/5/2017,7.67512,1555.449951,94.398499,0,0.00084,0,0.010877,0,0,26.266899,28.451599,0,0.955601,61.669998,34.419998,103.860001,36.82,10.19,54.93
5/8/2017,7.97171,1723.349976,91.420403,0,0.001521,0,0.03988,0,0,28.9582,30.4683,0,0.96726,61.438,34.98,102.769997,36.540001,10.04,54.619999
5/9/2017,7.95001,1755.359985,91.162903,0,0.001239,0,0.027647,0,0,33.583,28.659201,0,0.970487,64.251999,35.41,102.940002,36.369999,10.18,55.150002
5/10/2017,8.13631,1787.130005,89.524902,0,0.001239,0,0.031376,0,0,31.962099,29.8409,0,0.982,65.043999,35.41,121.290001,36.009998,10.79,55.330002
5/11/2017,7.96868,1848.569946,89.8797,0,0.001212,0,0.036203,0,0,30.717699,29.5133,0,0.983721,64.620003,35.560001,126.5,35.689999,11.07,54.68
5/12/2017,8.23062,1724.23999,88.655403,0,0.001183,0,0.040706,0,0,27.454901,28.6782,0,0.97607,64.961998,35.369999,127.889999,35.529999,11.26,55.32
5/15/2017,8.32332,1738.430054,92.414902,0,0.001128,0,0.043552,0,0,25.365299,27.787399,0,0.967298,63.175999,35.060001,134.309998,35.630001,11.42,55.400002
5/16/2017,8.22645,1734.449951,89.438004,0,0.001059,0,0.049368,0,0,23.3277,26.264,0,0.958591,63.402,35.029999,136.809998,35.82,12.75,55.950001
5/17/2017,8.28814,1839.089966,89.860397,0,0.001318,0,0.048568,0,0,25.4044,26.926399,0,0.970429,61.222,34.419998,127.720001,35.040001,11.2,55.360001
5/18/2017,8.68326,1888.650024,96.906303,0,0.001508,0,0.04627,0,0,28.357599,30.331499,0,0.967143,62.612,34.900002,133.070007,35.220001,11.28,56.119999
5/19/2017,9.15447,1987.709961,129.526993,0,0.001518,0,0.049576,0,0,27.6975,31.8717,0,1.0012,62.166,35.200001,136,35.400002,11.41,57.669998
5/22/2017,9.98981,2173.399902,174.261002,0,0.003405,0,0.051003,0,0,25.381001,36.165699,0,1.00786,62.07,35.400002,138.899994,35.77,11.04,59.279999
5/23/2017,10.7494,2320.419922,181.951996,0,0.003562,0,0.0555,0,0,32.112099,55.6222,0,1.0063,60.771999,35.400002,137.029999,35.860001,10.89,59.220001
5/24/2017,11.2116,2443.639893,190.046005,0,0.003659,0,0.051364,0,0,34.4534,45.382,0,1.01686,62.043999,35.52,138.570007,36.119999,10.89,58.639999
5/25/2017,11.5313,2304.97998,174.445999,0,0.002994,0,0.040021,0,0,29.9002,40.115501,0,1.0366,63.366001,35.57,138.259995,36.259998,10.98,58.450001
5/26/2017,11.5194,2202.419922,160.403,0,0.002424,0,0.041065,0,0,23.748301,38.711601,0,1.03621,65.028,35.509998,141.839996,36.259998,11,57.52
5/30/2017,12.2508,2175.469971,231.910995,0,0.002623,0,0.031009,0,0,24.142,39.785999,0,1.00951,67.019997,35.779999,144.869995,36.18,11.12,57.34
5/31/2017,12.359,2286.409912,230.669006,0,0.002657,0,0.034273,0,0,25.2976,41.826,0,1.03628,68.202003,35.360001,144.350006,36.110001,11.19,57.27
6/1/2017,12.4346,2407.879883,222.238998,0,0.002867,0,0.043069,0,0,28.8034,43.703602,0.171036,1.03057,68.073997,35.889999,144.360001,36.119999,10.93,58.619999
6/2/2017,12.359,2488.550049,223.774994,0,0.003026,0,0.040226,0,0,28.9447,44.0047,0.156576,1.02388,67.970001,36.18,143.639999,36.32,10.9,58.580002
6/5/2017,13.0645,2686.810059,248.464005,0,0.003873,0,0.041507,0,0,30.8433,48.261799,0.291661,1.0168,69.463997,36.389999,148.009995,36.34,11.24,58.860001
6/6/2017,12.9887,2863.199951,264.466003,0,0.003741,0,0.045407,0,0,30.551001,55.568298,0.260062,1.00483,70.57,36.43,147.339996,36.130001,12.03,58.200001
6/7/2017,13.2475,2732.159912,258.071014,0,0.003302,0,0.047098,0,0,28.394699,52.536098,0.23859,1.00898,71.93,36.459999,149.119995,36.259998,12.38,57.529999
6/8/2017,13.4415,2805.620117,261.665985,0,0.003575,0,0.05042,0,0,30.211901,56.192501,0.223217,1.00476,74,36.830002,159.940002,36.48,12.9,58.119999
6/9/2017,13.7225,2823.810059,281.737,0,0.003453,0,0.047356,0,0,29.681601,55.623501,0.22508,1.00067,71.463997,35.790001,149.600006,35.709999,12.28,57.049999
6/12/2017,13.1286,2659.629883,401.48999,0,0.003253,0,0.039988,0,0,29.5035,50.040298,0.182798,1.01776,71.802002,35.240002,149.970001,35.73,12.09,57.490002
6/13/2017,13.0055,2717.02002,397.536987,0,0.003313,0,0.04186,0,0,30.6429,51.8046,0.194538,1.00839,75.190002,35.560001,151.399994,35.880001,11.96,57.540001
6/14/2017,12.6976,2506.370117,359.053009,0,0.003092,0,0.039828,0,0,30.224701,46.302898,0.169383,1.02516,76.132004,35.650002,151.720001,35.529999,11.77,57.009998
6/15/2017,12.5498,2464.580078,361.933014,0,0.003043,0,0.037439,0,0,30.2201,46.024399,0.215435,1.01743,75.068001,35.439999,152.369995,35.310001,11.5,56.93
6/16/2017,12.5128,2518.560059,370.22699,0,0.003163,0,0.037536,0,0,35.7005,48.107498,0.232775,1.01562,74.279999,35.869999,151.619995,35.209999,11.44,56.82
6/19/2017,12.7813,2589.600098,370.056,0,0.003141,0,0.040252,0,0,50.3209,49.089802,0.181102,0.986406,73.959999,36.209999,157.320007,35.509998,11.93,57.610001
6/20/2017,12.8269,2721.790039,359.005005,0,0.003218,0,0.039366,0,0,47.2164,48.082699,0.191778,0.975272,74.447998,36.130001,157.089996,34.860001,12.64,56.790001
6/21/2017,12.9105,2689.100098,336.872009,0,0.003125,0,0.038124,0,0,47.787498,46.587601,0.187384,0.981361,75.279999,36.709999,159.470001,34.580002,13.98,56.330002
6/22/2017,12.8212,2705.409912,336.371002,0,0.003104,0,0.03872,0,0,47.712898,47.284,0.17816,0.972902,76.522003,36.709999,158.369995,34.360001,14.38,56.470001
6/23/2017,13.0646,2744.909912,341.739014,0,0.003143,0,0.041397,0,0,47.335499,51.408901,0.198476,1.006,76.690002,36.73,153.830002,34.189999,14.17,56.91
6/26/2017,12.7456,2478.449951,272.691986,0,0.00275,0,0.030218,0,0,41.131802,43.493,0.151785,1.0101,75.498001,36.130001,152.149994,34.07,14.08,56.560001
6/27/2017,12.6552,2552.449951,293.088013,0,0.002623,0,0.029113,0,0,40.5415,43.571701,0.152734,1.00713,72.473999,35.09,146.580002,33.650002,13.4,55.43
6/28/2017,12.8747,2574.790039,327.927002,0,0.002793,0,0.031998,0,0,42.849499,47.324001,0.173771,1.01179,74.248001,35.349998,151.75,34.200001,13.23,56.16
6/29/2017,12.6293,2539.320068,302.882996,0,0.002656,0,0.029039,0,0,41.0653,45.0215,0.154906,1.0178,72.150002,34.810001,146.679993,33.540001,12.6,55.080002
6/30/2017,12.5519,2480.840088,294.915985,0,0.002602,0,0.026988,0,0,40.354301,43.726799,0.136025,1.00583,72.321999,34.959999,144.559998,33.740002,12.48,55.220001
7/3/2017,13.6917,2564.060059,282.89801,0,0.002533,0,0.026266,0,0,46.425201,43.625999,0.128747,1.00075,70.524002,34.880001,139.330002,33.459999,12.15,54.950001
7/5/2017,13.6141,2601.98999,268.773987,0,0.002714,0,0.025441,0,0,53.1945,45.720901,0.128955,0.99646,65.417999,34.82,143.050003,34.34,13.19,55.450001
7/6/2017,13.7767,2608.560059,270.549011,0,0.002636,0,0.025418,0,0,51.130299,50.116901,0.121223,1.0036,61.765999,34.5,143.479996,33.630001,13.02,54.790001
7/7/2017,13.5725,2518.659912,245.990997,0,0.002397,0,0.020415,0,0,46.5755,44.247799,0.107727,1.00799,62.644001,34.630001,146.759995,33.880001,13.36,55.349998
7/10/2017,13.1671,2372.560059,215.356995,0,0.001952,0,0.015137,0,0,46.576401,40.0075,0.089701,1.00795,63.209999,35,153.699997,33.650002,13.81,55.639999
7/11/2017,13.4082,2337.790039,197.404007,0,0.001779,0,0.014518,0,0,45.330799,37.136398,0.088201,1.01229,65.444,35.380001,155.880005,33.919998,13.89,55.330002
7/12/2017,13.7458,2398.840088,230.774002,0,0.001938,0,0.017907,0,0,48.751202,40.388802,0.101409,0.997456,65.903999,35.689999,162.509995,34.25,14.29,56.200001
7/13/2017,13.9267,2357.899902,209.733002,0,0.001823,0,0.017351,0,0,46.327801,38.226898,0.091283,1.00383,64.681999,36.150002,160.630005,34.240002,13.53,56.23
7/14/2017,13.9519,2233.340088,199.662003,0,0.001681,0,0.016321,0,0,42.8027,35.48,0.086166,1.003,65.556,36.25,164.949997,34.68,13.92,56.810001
7/17/2017,13.4502,2228.409912,193.423996,0,0.00152,0,0.018614,0,0,42.669701,34.830898,0.088821,0.996888,63.914001,35.91,164.25,34.470001,13.8,56.459999
7/18/2017,13.1005,2318.879883,234.391006,0,0.001864,0,0.018666,0,0,44.302399,36.383801,0.095676,0.998216,65.648003,35.869999,165.960007,34.529999,13.48,56.290001
7/19/2017,12.5342,2273.429932,199.703003,0,0.001689,0,0.017256,0,0,40.864399,35.0639,0.081988,1.00309,65.052002,36.41,165.100006,34.560001,13.55,56.779999
7/20/2017,12.3458,2817.600098,227.264999,0,0.001935,0,0.018859,0,0,45.015701,40.297699,0.098187,0.986866,65.984001,36.099998,167.5,34.75,13.8,53.970001
7/21/2017,12.1566,2667.76001,218.304993,0,0.001936,0,0.019201,0,0,45.763,40.344002,0.102899,0.997202,65.68,35.849998,168.100006,34.73,13.88,53.84
7/24/2017,11.9961,2754.860107,224.710999,0,0.00198,440.700989,0.022605,0,0,44.405499,45.580002,0.144172,0.993997,68.503998,36.220001,166.149994,34.5,14.16,53.220001
7/25/2017,11.8172,2576.47998,206.710007,0,0.001773,406.897003,0.018551,0,0.10587,42.241299,40.6759,0.117279,0.999802,67.919998,36.099998,165.350006,34.669998,14.11,53.27
7/26/2017,11.7962,2529.449951,203.953003,0,0.00181,365.81601,0.018878,0,0.105138,42.229698,45.8036,0.121197,0.996955,68.769997,36.220001,167.259995,34.75,14.76,53.139999
7/27/2017,11.7797,2671.780029,204.317993,0,0.001856,385.479004,0.018322,0,0.107737,42.139801,45.238602,0.114837,0.997275,66.891998,36.18,161.740005,34.970001,14.12,52.490002
7/28/2017,11.8469,2809.01001,193.123001,0,0.001782,406.04599,0.016961,0,0.104067,40.614601,43.959702,0.107068,1.00194,67.014,35.860001,164.389999,35.310001,13.95,52.880001
7/31/2017,11.5321,2875.340088,203.871002,0,0.001718,294.460999,0.016095,0,0.10425,43.022701,39.8372,0.10422,1.00092,64.694,35.959999,162.509995,35.470001,13.61,53.189999
8/1/2017,11.6512,2718.26001,226.768997,0,0.001792,380.01001,0.017933,0,0.099867,43.036301,44.145699,0.120664,0.996819,63.914001,35.84,164.490005,36.349998,13.71,53.41
8/2/2017,11.7564,2710.669922,219.951996,0,0.001788,452.657013,0.018413,0,0.100452,42.132198,43.6297,0.116111,1.00143,65.178001,36.07,164.389999,36.639999,13.37,53.169998
8/3/2017,11.568,2804.72998,225.341995,0,0.001795,364.048004,0.01886,0,0.106642,42.8615,43.355301,0.140694,0.969304,69.417999,35.790001,166.479996,36.490002,13.24,52.950001
8/4/2017,11.8259,2895.889893,223.072998,0,0.00182,233.046005,0.022241,0,0.107494,43.449699,45.123901,0.139927,1.00435,71.382004,36.029999,167.210007,36.299999,13.12,52.619999
8/7/2017,11.8824,3378.939941,269.179993,0,0.001949,319.688995,0.022195,0,0.148848,45.795502,50.205601,0.170751,0.996254,71.033997,36.790001,172.350006,36.43,13.43,52.700001
8/8/2017,11.9884,3419.939941,296.769012,0,0.001961,345.488007,0.023737,0,0.224421,48.631901,51.9412,0.170829,1.00151,73.043999,36.700001,170.300003,36.41,13.11,52.290001
8/9/2017,12.3333,3342.469971,296.027008,0,0.001937,303.890991,0.022996,0,0.242912,48.011902,50.9636,0.161036,1.00286,72.706001,36.459999,172.110001,36.59,12.83,52.77
8/10/2017,12.8441,3381.280029,295.891998,0,0.001896,275.953003,0.022007,0,0.349079,46.499802,49.472801,0.199868,0.992991,71.080002,35.34,164.740005,36.139999,12.12,52.34
8/11/2017,13.0593,3650.620117,308.864014,0,0.00188,328.242004,0.02148,0,0.392572,47.0994,50.6506,0.229309,1.00089,71.573997,36.139999,155.960007,35.869999,12.23,52.720001
8/14/2017,14.1481,4325.129883,300.096985,0,0.001762,297.678009,0.017622,0,1.29557,45.804501,49.753899,0.197186,0.998163,72.760002,36.049999,168.399994,36.34,12.76,53.549999
8/15/2017,14.6464,4181.930176,289.817993,0,0.001738,297.864014,0.017433,0,1.05655,43.306499,48.743401,0.194342,1.00153,72.466003,36.419998,166.979996,36,13.02,53.869999
8/16/2017,14.6001,4376.629883,302.266998,0,0.001774,300.209991,0.017702,0,1.43724,44.151199,48.783001,0.218762,1.0012,72.582001,36.34,165.149994,35.810001,12.63,53.310001
8/17/2017,15.2753,4331.689941,301.457001,0,0.00171,460.529999,0.017327,0,1.96715,43.9146,47.448601,0.252561,1.00795,70.384003,35.790001,161.470001,35.169998,12.34,52.27
8/18/2017,15.3504,4160.620117,295.589996,0,0.001678,690.23999,0.016842,0,2.384,47.281399,46.687801,0.215015,1.01333,69.491997,35.860001,161.5,35.009998,12.37,51.919998
8/21/2017,15.0953,4001.73999,321.591003,0,0.001712,599.63501,0.019753,0,2.70111,47.936001,77.822998,0.195028,0.999263,67.571999,35.98,159.149994,34.919998,12.05,51.98
8/22/2017,14.1499,4100.52002,314.785004,0,0.001716,690.882996,0.021624,0,2.48527,46.7271,91.160004,0.189982,1.00652,68.269997,36.52,162.550003,34.650002,12.17,52.349998
8/23/2017,14.5851,4151.52002,317.519012,0,0.001732,669.400024,0.020222,0,2.58043,53.2481,90.327202,0.198384,1.00201,70.554001,36.580002,165.800003,34.66,12.48,52.23
8/24/2017,13.36,4334.680176,325.610992,0,0.001816,628.109009,0.019024,0,2.37932,50.1856,86.287498,0.205144,1.00492,70.585999,36.830002,165.190002,34.709999,12.5,52.490002
8/25/2017,12.5822,4371.600098,331.915009,0,0.00179,641.054993,0.020497,0,2.49687,51.1768,108.264,0.204303,1.00286,69.610001,36.849998,163.809998,34.669998,12.43,52.029999
8/28/2017,12.2555,4382.660156,347.747009,0,0.001825,596.177002,0.020525,0,2.0429,62.355499,145.403,0.227662,1.00106,69.132004,36.77,164.970001,34.650002,12.23,51.810001
8/29/2017,13.0709,4579.02002,370.666992,0,0.001867,552.927002,0.020104,0,2.32758,63.167,133.035004,0.246818,1.00152,69.472,36.880001,164.699997,34.73,12.15,51.810001
8/30/2017,13.1102,4565.299805,378.484985,0,0.002105,575.20697,0.021224,0,2.35005,64.169296,132.378998,0.237483,1.00074,70.636002,36.93,165.679993,34.889999,12.67,52.119999
8/31/2017,14.0023,4703.390137,383.041992,0,0.002064,588.172974,0.022405,0,2.20379,71.055099,140.406998,0.271803,1.00312,71.18,36.970001,169.440002,35.07,13,52.27
9/1/2017,15.0561,4892.009766,387.740997,0,0.002543,622.16803,0.023954,0,2.38417,86.039703,141.197006,0.292161,1.00437,71.080002,37.220001,170.460007,35.09,13.19,52.049999
9/5/2017,16.4141,4376.529785,312.988007,0,0.001908,541.713013,0.018567,0,0.973716,71.2948,118.823997,0.218497,1.00423,69.917999,36.849998,165.910004,35.02,12.92,50.029999
9/6/2017,16.1702,4597.120117,334.338013,0,0.002019,638.177979,0.020346,0,1.08614,80.114304,121.633003,0.225347,1.00509,68.905998,37.27,165.809998,35.759998,12.86,50.450001
9/7/2017,16.2351,4599.879883,329.428009,0,0.001928,652.85498,0.020096,0,1.36622,78.484299,120.843002,0.247884,1.00135,70.122002,37.540001,166.580002,35.540001,12.63,50.380001
9/8/2017,16.1275,4228.75,296.497009,0,0.001596,583.098022,0.017447,0,1.00683,67.7948,118.043999,0.215725,1.00689,68.68,37.5,163.690002,35.189999,12.25,49.639999
9/11/2017,16.2162,4161.27002,294.532013,0,0.001463,537.809998,0.016993,0,1.02581,66.039902,112.746002,0.212974,1.00107,72.737999,37.84,169,35.77,12.55,50.57
9/12/2017,16.1939,4130.810059,291.463989,0,0.00144,510.406006,0.016324,0,1.03568,64.233704,111.889999,0.211839,1.00529,72.550003,37.860001,169.610001,36.09,12.3,50.900002
9/13/2017,16.6228,3882.590088,277.112,0,0.001398,503.605011,0.015328,0,0.937204,61.730099,111.329002,0.19296,1.00254,73.246002,37.529999,170.369995,36.330002,12.22,51.009998
9/14/2017,16.5954,3154.949951,213.908005,0,0.000854,367.040985,0.011038,0,0.678784,41.5849,83.040199,0.153102,1.00313,75.528,37.380001,169.399994,36.48,12.26,51.48
9/15/2017,16.6641,3637.52002,250.464005,0,0.000865,424.020996,0.012097,0,0.799709,48.212601,99.8545,0.189134,1.00537,75.961998,37.650002,180.110001,37,12.52,52.189999
9/18/2017,16.7987,4065.199951,293.497009,0,0.000947,479.316986,0.013455,0,0.909202,55.525398,100.568001,0.24581,1.00241,77,38.07,187.550003,37,13.08,52.25
9/19/2017,16.7787,3924.969971,282.803986,0,0.00089,527.875,0.011795,0,0.802425,52.8353,97.718903,0.211504,1.00185,75.019997,38.299999,187.350006,37.23,13.12,52.299999
9/20/2017,16.0905,3905.949951,283.742004,0,0.000862,476.050995,0.012236,0.189165,0.74789,51.733799,95.569603,0.223386,1.00454,74.781998,37.82,185.839996,37.07,13.74,51.98
9/21/2017,16.5915,3631.040039,258.579987,0,0.000755,416.264008,0.0106,0.16968,0.70214,46.605801,86.244904,0.202765,1.00472,73.295998,38.240002,180.759995,37.200001,13.41,52.029999
9/22/2017,16.4021,3630.699951,264.309998,0,0.000772,415.092987,0.010776,0.150503,0.715893,48.090302,88.174896,0.196522,1.00459,70.218002,37.77,179,37.18,13.3,52.09
9/25/2017,16.8221,3926.070068,292.332001,0,0.001141,445.799011,0.012073,0.182198,0.917059,51.580101,93.641098,0.215173,1.0013,68.998001,37.07,171,37.16,12.61,51.619999
9/26/2017,16.5264,3892.350098,287.437988,0,0.001151,441.829987,0.012388,0.194958,0.860747,51.546799,93.127197,0.213436,1.00259,69.050003,37.139999,171.960007,37.470001,12.45,51.130001
9/27/2017,17.0193,4200.669922,306.46701,0,0.001173,457.311005,0.014378,0.194586,1.14366,56.2831,101.042999,0.232354,1.00064,68.194,37.25,175.729996,37.540001,12.74,51.549999
9/28/2017,17.0357,4174.72998,299.154999,0,0.00108,447.806,0.013863,0.243795,1.37788,54.085201,97.233498,0.249281,1.00179,67.919998,37.049999,175.679993,37.830002,12.74,51.75
9/29/2017,17.5285,4163.069824,291.46701,0,0.001082,436.774994,0.013204,0.30844,1.26624,52.623001,94.501999,0.236986,0.999863,68.220001,37.549999,178.770004,38.080002,12.75,51.84
10/2/2017,17.2794,4409.319824,297.475006,0,0.001085,421.186005,0.012962,0.356767,1.96467,53.375999,91.544197,0.255674,1.0017,68.306,38.130001,179,39.040001,12.71,51.880001
10/3/2017,18.0745,4317.47998,292.463013,0,0.001108,404.177002,0.012404,0.345535,1.8207,52.349602,92.961197,0.265634,1.00012,69.627998,38.439999,179.369995,39.380001,13.42,52.02
10/4/2017,17.9017,4229.359863,292.65799,0,0.001024,358.446991,0.011851,0.397361,1.60148,51.399502,90.407097,0.243567,1.00125,71.001999,38.27,180.869995,39.34,13.31,51.959999
10/5/2017,17.0855,4328.410156,295.863007,0,0.001001,355.75,0.014576,0.406538,1.67849,51.669498,91.858902,0.232473,1.0003,71.066002,38.459999,180.770004,39.529999,13.34,52.349998
10/6/2017,16.9697,4370.810059,308.588013,0,0.001056,363.014008,0.018403,0.475765,1.57991,52.120098,91.189796,0.232911,1.00109,71.375999,38.459999,181.300003,39.630001,13.23,52.490002
10/9/2017,18.4392,4772.02002,297.391998,0,0.000991,314.161011,0.017601,0.380589,1.40378,50.164001,85.4851,0.189483,0.99978,68.587997,38.77,185.389999,39.860001,13.47,52.880001
10/10/2017,18.0544,4781.990234,299.869995,0,0.001036,321.589996,0.018953,0.407469,1.39336,50.717098,86.821198,0.194932,0.999441,71.117996,38.970001,188.929993,39.650002,13.7,53.869999
10/11/2017,18.1381,4826.47998,303.455994,0,0.001046,314.895996,0.01945,0.450463,1.43373,50.887501,87.4217,0.192717,0.998625,70.919998,40.349998,190.940002,39.299999,13.88,54.119999
10/12/2017,18.6066,5446.910156,304.135986,0,0.001062,313.213013,0.017784,0.444011,1.34376,60.107601,87.0924,0.190453,0.997423,71.136002,40.439999,191.029999,39.189999,14.2,53
10/13/2017,18.2217,5647.209961,338.756989,0,0.001066,321.460999,0.01796,0.434603,1.43548,59.428902,95.134598,0.174872,1.00005,71.113998,40.82,194.589996,39.669998,14.22,52.82
10/16/2017,18.7382,5725.589844,333.384003,0,0.001164,313.643005,0.036865,0.423807,1.4407,64.621902,95.900299,0.176811,0.99801,70.120003,40.889999,197.929993,39.759998,14.26,52.380001
10/17/2017,18.9832,5605.509766,317.082001,0,0.001067,371.730988,0.045842,0.400848,1.38995,59.479,91.284203,0.165404,0.999335,71.150002,41.25,197.75,39.790001,14.16,52.41
10/18/2017,19.348,5590.689941,314.319,0,0.001047,339.165985,0.035133,0.366229,1.32756,60.730801,89.542198,0.162438,1.00268,71.93,41.5,197.580002,40.25,14.07,52.209999
10/19/2017,19.9596,5708.52002,308.088013,0,0.001064,330.806,0.031195,0.3,1.28461,59.7397,88.623901,0.153714,1.00066,70.362,41.07,197.800003,40.09,13.95,52.290001
10/20/2017,20.8734,6011.450195,304.006012,0,0.00105,327.444,0.026757,0.223874,1.24192,60.330601,90.540497,0.152958,1.00102,69.019997,41.119999,196.899994,40.43,13.81,52.02
10/23/2017,20.99,5930.319824,286.950012,0,0.001016,315.595001,0.033832,0.248675,1.18373,54.9202,85.209702,0.141128,0.996536,67.403999,41.209999,196.619995,40.830002,14.1,53.389999
10/24/2017,21.0434,5526.640137,298.328003,0,0.001092,326.890015,0.036649,0.254453,1.24843,55.9632,88.402603,0.157755,1.00275,67.468002,41.32,198.679993,40.950001,14.25,54.25
10/25/2017,21.6493,5750.799805,297.924988,0,0.001056,332.131012,0.035004,0.254435,1.25278,56.494301,88.129898,0.154372,1.00226,65.167999,41.16,193.660004,40.779999,12.33,53.84
10/26/2017,21.8031,5904.830078,296.527008,0,0.001051,338.204987,0.034546,0.227041,1.2086,55.737999,88.581703,0.147397,0.999868,65.234001,41.200001,195.690002,41.349998,12.01,53.799999
10/27/2017,20.8632,5780.899902,297.423004,0,0.001052,367.570007,0.034236,0.224644,1.17418,55.332401,86.745003,0.142509,1.00007,64.174004,42.150002,201.860001,44.400002,11.84,54.57
10/30/2017,20.1964,6130.529785,307.751007,0.028583,0.001151,448.22699,0.031804,0.209849,1.31227,56.390499,88.840698,0.146813,1.00058,64.015999,42.130001,203.839996,44.369999,10.89,54.66
10/31/2017,20.2058,6468.399902,305.878998,0.030437,0.001124,439.053009,0.029182,0.193912,1.31289,55.754101,87.644997,0.154904,1.00071,66.306,42.330002,206.809998,45.490002,10.99,51.009998
