Date,tesla,tsmc,nvidia,intel,amd,qualcom
22/6/2015,51.958,23.84,21.780001,32.259998,2.62,67.360001
23/6/2015,53.534,23.93,21.219999,32.09,2.61,66.980003
24/6/2015,53.034,23.9,21.01,31.91,2.62,65.349998
25/6/2015,53.757999,24.08,21.17,31.99,2.58,65.260002
26/6/2015,53.417999,23.629999,20.74,31.02,2.47,64.669998
29/6/2015,52.403999,22.379999,20.120001,30.389999,2.34,62.619999
30/6/2015,53.652,22.709999,20.110001,30.42,2.4,62.630001
1/7/2015,53.830002,22.93,20.4,30.18,2.42,62.900002
2/7/2015,56.004002,23.15,20.42,30.559999,2.53,63.110001
6/7/2015,55.944,22.940001,20.17,30.040001,2.47,63.110001
7/7/2015,53.576,22.959999,19.790001,29.9,2.09,62.799999
8/7/2015,50.992001,22.23,19.65,29.5,2.01,61.91
9/7/2015,51.584,22.219999,19.41,28.93,1.98,61.860001
10/7/2015,51.830002,22.57,19.75,29.17,1.96,62.73
13/7/2015,52.431999,22.860001,19.879999,29.73,1.96,63.43
14/7/2015,53.130001,22.799999,19.889999,29.65,2.05,63.939999
15/7/2015,52.627998,22.559999,19.75,29.690001,1.96,63.880001
16/7/2015,53.335999,22.73,20.190001,29.9,1.87,64.550003
17/7/2015,54.931999,23.030001,20.07,29.469999,1.79,64.339996
20/7/2015,56.452,22.9,19.700001,29.1,1.8,63.790001
21/7/2015,53.354,22.879999,19.790001,28.719999,1.8,65.139999
22/7/2015,53.574001,22.219999,19.41,28.610001,1.79,64.190002
23/7/2015,53.439999,22.309999,19.65,28.6,1.76,61.779999
24/7/2015,53.082001,21.639999,19.42,28.059999,1.67,61.639999
27/7/2015,50.602001,21.629999,19.309999,28.35,1.62,61.98
28/7/2015,52.964001,21.879999,19.73,28.959999,1.77,63.099998
29/7/2015,52.764,22.110001,19.969999,29.01,1.96,63.169998
30/7/2015,53.358002,22.700001,20.02,28.91,1.93,64.410004
31/7/2015,53.23,22.110001,19.950001,28.950001,1.93,64.389999
3/8/2015,51.998001,21.719999,20.290001,29.049999,2.2,64.43
4/8/2015,53.256001,21.450001,20.370001,29.129999,2.13,63.450001
5/8/2015,54.026001,21.610001,20.58,29.120001,2.16,63.880001
6/8/2015,49.226002,21.280001,20.450001,29.01,2.11,62.84
7/8/2015,48.501999,21.030001,22.98,28.879999,2.09,63.02
10/8/2015,48.228001,21.610001,23.780001,29.639999,1.93,63.150002
11/8/2015,47.473999,20.83,23.66,28.969999,1.9,62.549999
12/8/2015,47.633999,20.75,23.719999,29.459999,1.9,62.580002
13/8/2015,48.501999,20.540001,23.52,28.870001,1.79,62.029999
14/8/2015,48.630001,20.379999,23.540001,29.02,1.84,61.91
17/8/2015,50.998001,20.280001,23.389999,29.08,1.8,62.07
18/8/2015,52.144001,20.030001,23.08,28.91,1.8,61.32
19/8/2015,51.049999,19.91,22.99,28.360001,1.8,61.18
20/8/2015,48.436001,19.610001,22.16,27.530001,1.7,60.150002
21/8/2015,46.153999,18.879999,21.469999,26.559999,1.78,57.610001
24/8/2015,43.773998,18.76,20.709999,26.25,1.75,55.279999
25/8/2015,44.006001,18.76,20.280001,25.870001,1.66,53.880001
26/8/2015,44.967999,19.450001,21.809999,27.299999,1.72,56.66
27/8/2015,48.598,19.940001,22.629999,27.719999,1.78,57.360001
28/8/2015,49.695999,20,22.73,28.42,1.85,57.450001
31/8/2015,49.812,19.879999,22.48,28.540001,1.81,56.580002
1/9/2015,47.726002,19.41,21.559999,27.82,1.71,55.02
2/9/2015,49.537998,19.940001,22.209999,28.6,1.77,55.860001
3/9/2015,49.113998,20.07,22.27,29.08,1.79,55.549999
4/9/2015,48.386002,19.67,21.75,28.52,1.82,54.290001
8/9/2015,49.633999,20.049999,22.68,29.5,1.88,55.200001
9/9/2015,49.782001,19.879999,22.23,29.24,1.85,54.32
10/9/2015,49.695999,19.700001,22.58,29.27,1.84,55.330002
11/9/2015,50.048,19.9,22.65,29.469999,2.01,54.66
14/9/2015,50.638,20.040001,22.690001,29.389999,1.82,54.310001
15/9/2015,50.714001,20.389999,22.940001,29.73,1.86,54.869999
16/9/2015,52.450001,20.67,23.1,29.77,1.89,55.200001
17/9/2015,52.414001,20.66,23.309999,29.709999,1.89,54.98
18/9/2015,52.124001,20.610001,23.290001,29.02,1.87,54.450001
21/9/2015,52.84,20.530001,23.530001,29.16,1.81,54.389999
22/9/2015,52.188,19.950001,22.889999,28.67,1.73,53.939999
23/9/2015,52.212002,20.01,23,28.74,1.7,53.560001
24/9/2015,52.624001,19.99,23.440001,28.48,1.72,53.27
25/9/2015,51.382,20.049999,23.610001,28.809999,1.71,53.220001
28/9/2015,49.686001,19.629999,23.299999,28.76,1.66,52.540001
29/9/2015,49.330002,19.889999,23.709999,29.24,1.67,52.43
30/9/2015,49.68,20.75,24.65,30.139999,1.72,53.73
1/10/2015,47.976002,20.860001,24.17,30,1.74,53.18
2/10/2015,49.514,20.76,24.799999,30.51,1.83,55.07
5/10/2015,49.23,21.4,25.42,31.209999,1.8,56.23
6/10/2015,48.292,21.23,25.75,31.74,1.83,56.32
7/10/2015,46.391998,21.93,26.02,32.32,1.86,56.610001
8/10/2015,45.344002,22.25,26.17,32.52,1.93,57.66
9/10/2015,44.138,21.950001,26.07,32.139999,1.96,57.779999
12/10/2015,43.116001,22.09,26.35,32.209999,1.87,57.790001
13/10/2015,43.849998,21.940001,26.4,32.040001,1.92,57.509998
14/10/2015,43.375999,22.34,27.360001,32.799999,1.95,58.630001
15/10/2015,44.262001,21.950001,27.43,32.75,1.97,59.259998
16/10/2015,45.402,22.16,27.860001,33.040001,1.94,59.91
19/10/2015,45.619999,22.23,27.809999,33.59,2.01,59.099998
20/10/2015,42.605999,22.309999,27.77,33.439999,2.02,59
21/10/2015,42.018002,22.219999,27.41,33.369999,2.1,58.970001
22/10/2015,42.344002,22.51,28.4,34.400002,2.14,60.43
23/10/2015,41.818001,22.469999,28.59,34.900002,2.21,60.73
26/10/2015,43.051998,22.16,28.459999,34.59,2.15,59.209999
27/10/2015,42.07,22.200001,28.440001,34.470001,2.15,59.279999
28/10/2015,42.591999,22.08,28.67,34.709999,2.18,60.27
29/10/2015,42.326,21.82,27.68,34.029999,2.13,60
30/10/2015,41.386002,21.959999,28.370001,33.860001,2.12,59.419998
2/11/2015,42.757999,22.1,28.700001,34.110001,2.19,60.639999
3/11/2015,41.669998,22.77,28.5,34.310001,2.28,60.869999
4/11/2015,46.326,23.549999,28.030001,34.150002,2.2,60.259998
5/11/2015,46.354,22.98,27.709999,34,2.2,51.07
6/11/2015,46.472,22.82,31.549999,33.84,2.15,53.419998
9/11/2015,45.066002,22.959999,31.41,33.349998,2.11,52.939999
10/11/2015,43.299999,22.51,30.809999,33.209999,2.02,52.27
11/11/2015,43.816002,22.58,30.51,32.860001,2.07,52.849998
12/11/2015,42.588001,22.24,30.4,32.400002,2,52.580002
13/11/2015,41.438,21.889999,29.799999,32.110001,1.99,51.939999
16/11/2015,42.862,22.35,30.4,32.099998,1.99,52.77
17/11/2015,42.799999,22.52,30.4,32.639999,1.98,52.98
18/11/2015,44.214001,22.52,31.030001,33.16,2.12,48
19/11/2015,44.360001,22.67,31.120001,34.299999,2.14,48.389999
20/11/2015,44.001999,22.83,31.389999,34.66,2.22,49.619999
23/11/2015,43.549999,22.57,30.92,34.48,2.22,48.970001
24/11/2015,43.650002,22.5,31.17,34.360001,2.34,49.41
25/11/2015,45.928001,22.559999,31.129999,34.450001,2.38,49.099998
27/11/2015,46.321999,22.450001,31.389999,34.459999,2.33,48.540001
30/11/2015,46.051998,22.76,31.719999,34.77,2.36,48.790001
1/12/2015,47.438,23.280001,32.75,35.09,2.34,49.299999
2/12/2015,46.397999,23.190001,32.5,34.830002,2.27,51.849998
3/12/2015,46.542,22.93,32.43,34.040001,2.23,51.400002
4/12/2015,46.076,23.309999,33.75,34.939999,2.28,52.34
7/12/2015,46.226002,23.24,33.110001,34.990002,2.36,52.43
8/12/2015,45.344002,23.08,33.560001,34.75,2.39,49.48
9/12/2015,44.903999,22.73,32.709999,34.810001,2.35,48.59
10/12/2015,45.414001,22.65,32.98,34.77,2.45,48.57
11/12/2015,43.403999,22.18,32.490002,34.27,2.36,47.459999
14/12/2015,43.716,22.219999,32.57,34.470001,2.34,46.830002
15/12/2015,44.217999,22.82,32.970001,35.18,2.36,48.02
16/12/2015,46.902,23.16,33.169998,35.299999,2.54,48.07
17/12/2015,46.678001,22.959999,32.669998,34.91,2.56,47.540001
18/12/2015,46.091999,22.93,32.139999,33.869999,2.45,47.43
21/12/2015,46.512001,22.950001,32.900002,34.240002,2.53,48.759998
22/12/2015,45.990002,23.059999,32.93,34.73,2.77,49.07
23/12/2015,45.939999,23.08,33.060001,35,2.83,49.040001
24/12/2015,46.113998,23.15,33.169998,34.98,2.92,49.549999
28/12/2015,45.790001,23.01,33.139999,34.93,3,49.580002
29/12/2015,47.438,23.08,33.68,35.439999,3,50.880001
30/12/2015,47.618,22.879999,33.389999,34.990002,2.98,50.41
31/12/2015,48.001999,22.75,32.959999,34.450001,2.87,49.990002
4/1/2016,44.681999,22.09,32.369999,33.990002,2.77,50.119999
5/1/2016,44.686001,21.950001,32.889999,33.830002,2.75,49.139999
6/1/2016,43.807999,21.34,31.530001,33.080002,2.51,48.639999
7/1/2016,43.130001,21.1,30.280001,31.84,2.28,46.139999
8/1/2016,42.200001,20.809999,29.629999,31.51,2.14,45.880001
11/1/2016,41.57,20.93,29.68,32.060001,2.34,46.07
12/1/2016,41.993999,20.75,30.18,32.68,2.39,46.52
13/1/2016,40.062,20.48,29.26,31.91,2.25,46.099998
14/1/2016,41.236,21.82,28.67,32.740002,2.21,47.73
15/1/2016,40.998001,21.1,27.110001,29.76,2.03,45.82
19/1/2016,40.944,21.66,27.33,29.799999,1.95,46.09
20/1/2016,39.740002,21.09,27.48,29.59,1.8,45.93
21/1/2016,39.993999,21.33,27.799999,29.66,2.09,47.049999
22/1/2016,40.509998,21.93,28.450001,29.93,2.02,48.07
25/1/2016,39.276001,21.790001,28.42,29.6,2.12,47.580002
26/1/2016,38.712002,21.59,28.700001,29.940001,2.07,48.52
27/1/2016,37.613998,21.68,28.360001,29.809999,2.13,47.529999
28/1/2016,37.939999,21.629999,28.049999,29.969999,2.08,43.59
29/1/2016,38.240002,22.35,29.290001,31.02,2.2,45.34
1/2/2016,39.388,22.459999,29.299999,30.82,2.14,46.110001
2/2/2016,36.556,22.559999,28.059999,29.799999,1.99,43.150002
3/2/2016,34.695999,22.92,28.200001,29.34,2.07,44.73
4/2/2016,35.066002,23.23,28.209999,29.77,2.09,45.66
5/2/2016,32.52,22.75,26.43,29.040001,1.98,44.02
8/2/2016,29.598,22.799999,25.219999,28.82,1.93,43.889999
9/2/2016,29.65,22.559999,25.49,28.809999,1.9,43.610001
10/2/2016,28.733999,22.299999,25.43,28.23,1.84,42.959999
11/2/2016,30.094,22,25.299999,28.219999,1.86,43
12/2/2016,30.208,22.24,25.73,28.639999,1.83,44.560001
16/2/2016,31.034,23.34,26.99,28.780001,1.83,46.73
17/2/2016,33.736,23.639999,27.66,29.469999,1.9,48.41
18/2/2016,33.354,23.799999,30.040001,29.42,1.91,49.080002
19/2/2016,33.316002,23.780001,30.440001,28.709999,1.91,49.419998
22/2/2016,35.548,23.959999,31.52,29.35,2.01,51.279999
23/2/2016,35.442001,23.4,31.6,28.799999,1.97,50.419998
24/2/2016,35.799999,23.42,31.82,29.190001,2.02,51.52
25/2/2016,37.486,23.690001,31.889999,29.620001,2.03,51.639999
26/2/2016,38.068001,23.77,31.68,29.799999,2.07,51.619999
29/2/2016,38.386002,23.549999,31.360001,29.59,2.14,50.790001
1/3/2016,37.27,24.58,32.75,30.370001,2.18,52.110001
2/3/2016,37.667999,24.620001,32.939999,30.540001,2.32,52.849998
3/3/2016,39.147999,24.559999,32.650002,30.58,2.46,52.380001
4/3/2016,40.208,24.65,32.549999,30.629999,2.37,52.66
7/3/2016,41.057999,24.700001,32.34,30.940001,2.47,53.299999
8/3/2016,40.52,24.65,31.75,30.559999,2.3,52.459999
9/3/2016,41.743999,24.74,31.73,30.870001,2.26,51.950001
10/3/2016,41.035999,24.74,31.68,31.25,2.26,52.02
11/3/2016,41.5,25.35,32.220001,31.76,2.52,52.220001
14/3/2016,43.029999,25.219999,32.299999,31.43,2.72,52.09
15/3/2016,43.667999,24.879999,32.139999,31.65,2.49,51.630001
16/3/2016,44.386002,25.780001,33.099998,31.690001,2.63,51.299999
17/3/2016,45.276001,25.77,32.82,31.98,2.8,51.380001
18/3/2016,46.548,26.040001,33.810001,32.68,2.93,51.59
21/3/2016,47.664001,25.93,33.91,32.34,2.8,52.209999
22/3/2016,46.848,25.809999,33.849998,32.32,2.79,52.02
23/3/2016,44.515999,25.68,34.43,32,2.68,50.990002
24/3/2016,45.549999,25.73,34.48,31.879999,2.79,50.860001
28/3/2016,46.051998,25.629999,34.830002,31.9,2.78,50.189999
29/3/2016,46.026001,25.969999,35.389999,32.380001,2.86,50.689999
30/3/2016,45.377998,26.459999,35.759998,32.709999,2.86,50.990002
31/3/2016,45.953999,26.200001,35.630001,32.349998,2.85,51.139999
1/4/2016,47.518002,26.120001,36.150002,32.450001,2.83,50.880001
4/4/2016,49.397999,25.85,35.799999,32,2.83,50.650002
5/4/2016,51.094002,25.51,35.75,31.9,2.76,50.07
6/4/2016,53.084,25.620001,35.799999,32.080002,2.8,50.619999
7/4/2016,51.439999,25.370001,35.43,31.549999,2.64,50.029999
8/4/2016,50.014,25.280001,35.66,31.629999,2.74,50.560001
11/4/2016,49.984001,25.51,35.880001,31.67,2.76,51
12/4/2016,49.563999,25.57,35.84,31.860001,2.81,50.82
13/4/2016,50.905998,26.17,36.740002,32.130001,2.8,51.919998
14/4/2016,50.372002,25.299999,36.84,31.799999,2.72,51.82
15/4/2016,50.902,25.459999,37.130001,31.459999,2.7,51.060001
18/4/2016,50.776001,25.5,36.970001,31.65,2.76,51.549999
19/4/2016,49.473999,25.16,36.310001,31.6,2.62,51.830002
20/4/2016,49.993999,25.120001,36.450001,32,2.7,52.09
21/4/2016,49.658001,25.16,36.41,31.969999,2.62,51.669998
22/4/2016,50.75,25.07,36.27,31.639999,3.99,52.639999
25/4/2016,50.363998,25.01,36.450001,31.389999,3.45,52.43
26/4/2016,50.748001,25.01,36.48,31.4,3.66,52.91
27/4/2016,50.293999,25.25,37.310001,31.75,3.73,52.900002
28/4/2016,49.542,24.16,36.200001,31.110001,3.61,52.130001
29/4/2016,48.152,23.59,35.529999,30.280001,3.55,50.52
2/5/2016,48.360001,23.690001,36,30.610001,3.74,51.110001
3/5/2016,46.464001,23.32,35.57,30.360001,3.6,50.73
4/5/2016,44.512001,23.42,34.759998,29.85,3.6,50.490002
5/5/2016,42.306,23.5,34.970001,29.9,3.66,51.130001
6/5/2016,42.986,23.41,35.330002,30.040001,3.68,50.919998
9/5/2016,41.784,23.370001,35.279999,29.799999,3.65,51.200001
10/5/2016,41.737999,23.389999,35.959999,30.139999,3.64,52.150002
11/5/2016,41.792,23.219999,36.060001,30.059999,3.65,52.150002
12/5/2016,41.456001,22.99,35.57,29.76,3.59,51.509998
13/5/2016,41.521999,22.82,40.98,29.91,3.67,51.32
16/5/2016,41.658001,23.110001,42.189999,30.389999,3.79,51.91
17/5/2016,40.931999,22.950001,42.279999,29.98,3.79,51.990002
18/5/2016,42.234001,23.52,43.360001,29.99,3.84,52.790001
19/5/2016,43.042,23.25,43.549999,29.629999,3.77,52.759998
20/5/2016,44.056,23.91,44.330002,30.15,3.87,54.52
23/5/2016,43.243999,24.27,44.400002,30.23,4.04,54.18
24/5/2016,43.582001,24.469999,45.360001,31.059999,4.2,55.59
25/5/2016,43.916,24.620001,45.169998,31.389999,4.18,55.98
26/5/2016,45.023998,24.790001,45.650002,31.49,4.35,55.740002
27/5/2016,44.608002,24.799999,45.900002,31.57,4.6,55.27
31/5/2016,44.646,24.719999,46.720001,31.59,4.57,54.919998
1/6/2016,43.911999,25.25,46.810001,31.66,4.43,54.790001
2/6/2016,43.792,25.18,47.139999,31.76,4.24,54.880001
3/6/2016,43.798,25.530001,46.48,31.620001,4.16,54.939999
6/6/2016,44.136002,25.469999,46.240002,31.68,4.47,54.889999
7/6/2016,46.467999,26.059999,46.330002,31.879999,4.51,54.84
8/6/2016,47.104,26.33,46.18,31.889999,4.46,54.939999
9/6/2016,45.872002,26.23,47.380001,31.940001,4.52,54.98
10/6/2016,43.757999,25.860001,46.200001,32.040001,4.32,53.830002
13/6/2016,43.574001,25.629999,46.790001,32.169998,4.4,52.830002
14/6/2016,42.992001,25.57,46.880001,32.139999,4.39,52.700001
15/6/2016,43.540001,25.84,47.360001,31.610001,4.42,53.279999
16/6/2016,43.585999,25.860001,47.549999,31.690001,4.75,53.419998
17/6/2016,43.094002,25.85,46.720001,31.76,5.26,53.549999
20/6/2016,43.939999,26.370001,47.560001,32.169998,5.1,53.889999
21/6/2016,43.922001,26.59,47.27,32.32,5.45,53.880001
22/6/2016,39.332001,26.540001,47.23,32.290001,5.02,54.040001
23/6/2016,39.279999,26.809999,48.490002,32.990002,5.21,55.549999
24/6/2016,38.630001,25.68,45.73,31.549999,4.88,52.119999
27/6/2016,39.709999,24.9,45.240002,30.719999,4.72,51.139999
28/6/2016,40.358002,25.26,45.900002,31.190001,5.12,52.509998
29/6/2016,42.037998,25.799999,46.650002,31.93,5.13,53.549999
30/6/2016,42.456001,26.23,47.009998,32.799999,5.14,53.57
1/7/2016,43.299999,26.530001,46.66,32.75,5.07,53
5/7/2016,42.796001,26.26,47.349998,32.68,4.96,51.939999
6/7/2016,42.888,26.15,47.650002,32.970001,5.04,52.369999
7/7/2016,43.188,26.309999,48.889999,33.200001,5.02,52.93
8/7/2016,43.355999,26.73,50.849998,34,5.1,54.189999
11/7/2016,44.956001,27.200001,52.02,34.380001,5.01,54.119999
12/7/2016,44.93,26.969999,52.799999,34.939999,5.14,54.619999
13/7/2016,44.506001,26.889999,52.779999,35.009998,5.09,54.830002
14/7/2016,44.306,27.110001,53.32,35.200001,5.17,54.880001
15/7/2016,44.080002,27.01,52.700001,35.07,5.14,54.75
18/7/2016,45.25,27.639999,52.970001,35.049999,5.51,55.349998
19/7/2016,45.051998,27.27,53.52,35.150002,5.41,55.139999
20/7/2016,45.672001,27.549999,54.220001,35.689999,5.41,55.82
21/7/2016,44.099998,27.48,53.220001,34.27,5.22,59.93
22/7/2016,44.453999,27.74,54.669998,34.66,5.84,61.150002
25/7/2016,46.001999,27.860001,55.68,34.689999,6.7,60.73
26/7/2016,45.902,28.33,56.630001,35.09,6.98,61.349998
27/7/2016,45.698002,28.1,56.060001,34.830002,6.85,62.509998
28/7/2016,46.122002,28.139999,56.18,34.77,6.82,62.43
29/7/2016,46.958,27.780001,57.099998,34.860001,6.86,62.580002
1/8/2016,46.001999,28.620001,56.73,34.849998,6.64,61.849998
2/8/2016,45.439999,28.16,56.040001,34.560001,6.26,60.599998
3/8/2016,45.158001,28.16,56.189999,34.25,6.3,61.009998
4/8/2016,46.122002,28.4,57.23,34.580002,6.47,60.98
5/8/2016,46.006001,28.790001,58.200001,34.98,6.61,62
8/8/2016,45.231998,29.09,58.740002,35.040001,6.68,61.580002
9/8/2016,45.816002,29.4,58.889999,34.919998,6.6,61.990002
10/8/2016,45.130001,29.219999,58.509998,34.529999,6.49,61.709999
11/8/2016,44.981998,29.139999,59.700001,34.68,6.58,61.740002
12/8/2016,45.122002,29.24,63.040001,34.57,6.73,61.709999
15/8/2016,45.118,29.389999,62.98,34.91,6.95,62.43
16/8/2016,44.722,29.08,62.599998,35.209999,6.78,62.07
17/8/2016,44.647999,28.98,61.150002,35.02,6.68,62.279999
18/8/2016,44.702,29.16,62.099998,34.970001,7.04,63.040001
19/8/2016,45,28.639999,62.259998,35.240002,7.62,62.759998
22/8/2016,44.585999,28.4,62.52,35.360001,7.58,62.830002
23/8/2016,44.967999,28.5,62.91,35.400002,7.67,63.09
24/8/2016,44.523998,28.389999,61.939999,35.150002,7.43,62.610001
25/8/2016,44.192001,28.6,61.529999,35.09,7.47,62.639999
26/8/2016,43.998001,28.639999,62.029999,35.259998,7.67,62.970001
29/8/2016,43.040001,28.700001,61.990002,35.549999,7.59,62.98
30/8/2016,42.268002,28.620001,61.630001,35.700001,7.49,62.939999
31/8/2016,42.402,28.74,61.34,35.889999,7.4,63.07
1/9/2016,40.153999,28.959999,63.150002,36.02,7.35,63.470001
2/9/2016,39.556,29.139999,62.529999,36.080002,7.51,63.349998
6/9/2016,40.566002,29.49,63.119999,36.57,7.34,63.09
7/9/2016,40.341999,29.82,62.189999,36.459999,6.84,62.43
8/9/2016,39.472,29.790001,62.639999,36.439999,6.23,62.689999
9/9/2016,38.894001,28.59,59.52,35.439999,5.9,60.52
12/9/2016,39.66,28.99,60.75,36.080002,5.94,62.25
13/9/2016,39.209999,28.49,59.869999,35.610001,5.74,61.290001
14/9/2016,39.282001,28.620001,60.400002,35.619999,6.04,61.59
15/9/2016,40.084,29.18,62.689999,36.560001,6.02,62.540001
16/9/2016,41.080002,28.91,62.84,37.669998,6.05,62.990002
19/9/2016,41.268002,29.93,63.669998,37.16,6.16,62.860001
20/9/2016,40.928001,29.9,63.09,37.139999,6.17,62.700001
21/9/2016,41.043999,30.5,64.860001,37.450001,6.29,63.57
22/9/2016,41.285999,30.66,65.019997,37.549999,6.37,63.52
23/9/2016,41.490002,30.120001,64.949997,37.189999,6.55,62.75
26/9/2016,41.798,29.84,64.339996,36.650002,6.32,62.310001
27/9/2016,41.161999,30.4,66.540001,37.18,6.54,63.310001
28/9/2016,41.254002,30.33,66.779999,37.439999,6.59,63.450001
29/9/2016,40.139999,30.4,67.400002,37.32,6.67,67.449997
30/9/2016,40.806,30.59,68.519997,37.75,6.91,68.5
3/10/2016,42.740002,30.719999,68.449997,37.66,6.95,67.110001
4/10/2016,42.282001,30.389999,68.300003,37.540001,6.97,66.68
5/10/2016,41.692001,30.530001,68.230003,37.990002,6.78,66.839996
6/10/2016,40.200001,30.77,67.339996,38.07,6.96,67.540001
7/10/2016,39.321999,31.18,66.849998,38.099998,6.75,68.190002
10/10/2016,40.189999,31.280001,67.099998,38.02,6.84,67.25
11/10/2016,40.02,30.73,66.129997,37.27,6.5,66.089996
12/10/2016,40.301998,31.35,66.43,37.130001,6.62,66.059998
13/10/2016,40.048,30.530001,65.349998,36.970001,6.49,65.699997
14/10/2016,39.301998,30.66,65.989998,37.450001,6.75,65.699997
17/10/2016,38.792,30.57,65.610001,37.290001,6.67,65.190002
18/10/2016,39.82,30.860001,66.610001,37.75,6.73,66.099998
19/10/2016,40.712002,30.98,66.470001,35.509998,6.77,65.790001
20/10/2016,39.82,31.059999,67.730003,35.43,6.96,67.339996
21/10/2016,40.018002,31.08,67.540001,35.150002,6.52,67.93
24/10/2016,40.551998,31.41,70.709999,35.259998,7.01,68.059998
25/10/2016,40.467999,31.549999,71.870003,35.099998,7.5,67.709999
26/10/2016,40.448002,31.209999,72.160004,34.919998,7.29,68.199997
27/10/2016,40.801998,30.77,70.68,34.810001,7.11,70.089996
28/10/2016,39.993999,30.77,70.559998,34.740002,7.2,68.400002
31/10/2016,39.546001,31.1,71.160004,34.869999,7.23,68.720001
1/11/2016,38.158001,30.709999,69.050003,34.52,7.09,68.339996
2/11/2016,37.604,30.389999,68.760002,34.599998,6.76,67.089996
3/11/2016,37.484001,30.280001,67.959999,33.93,6.7,66.949997
4/11/2016,38.112,30.24,67.57,33.610001,6.56,66.730003
7/11/2016,38.641998,31.35,71.269997,34.689999,6.96,68.459999
8/11/2016,38.987999,31.34,71.160004,34.740002,7,68.269997
9/11/2016,38.012001,30.59,69.959999,34.75,6.94,67.879997
10/11/2016,37.07,29.440001,67.769997,34.5,6.3,66.309998
11/11/2016,37.712002,29.93,87.970001,34.610001,6.69,66.879997
14/11/2016,36.290001,28.85,83.639999,34.48,6.79,65.93
15/11/2016,36.754002,29.200001,86.190002,34.91,6.97,66.769997
16/11/2016,36.785999,29.860001,91.629997,34.84,7.67,66.300003
17/11/2016,37.731998,29.469999,92.389999,35.02,8.46,66.669998
18/11/2016,37.004002,29.469999,93.360001,34.950001,8.71,67.309998
21/11/2016,36.903999,29.65,92.980003,34.98,8.94,67.099998
22/11/2016,38.234001,29.91,93.650002,35.48,8.69,68.309998
23/11/2016,38.627998,29.889999,93.970001,35.200001,8.8,68.129997
25/11/2016,39.330002,29.66,94.160004,35.439999,8.77,68.290001
28/11/2016,39.223999,29.66,94.110001,35.509998,8.83,67.099998
29/11/2016,37.914001,29.549999,93.25,35.310001,8.93,66.769997
30/11/2016,37.880001,29.690001,92.199997,34.700001,8.91,68.129997
1/12/2016,36.375999,28.549999,87.639999,33.759998,8.39,64.160004
2/12/2016,36.293999,28.860001,88.449997,34.16,8.53,65.839996
5/12/2016,37.360001,29.02,91.879997,34.389999,8.68,66.360001
6/12/2016,37.169998,29.51,93.389999,34.720001,9.45,67.449997
7/12/2016,38.630001,29.93,95.07,35.5,9.56,68.339996
8/12/2016,38.458,30.040001,93.480003,35.700001,10.34,68.550003
9/12/2016,38.436001,30.120001,91.82,35.759998,10.34,68.519997
12/12/2016,38.486,29.9,89.589996,35.970001,10.68,68.470001
13/12/2016,39.630001,30.360001,91.169998,36.799999,10.54,69.339996
14/12/2016,39.737999,29.870001,96.449997,36.549999,10.55,67.559998
15/12/2016,39.515999,30.16,98.709999,36.790001,10.86,68.029999
16/12/2016,40.498001,29.48,100.410004,36.310001,10.66,66.459999
19/12/2016,40.546001,29.27,101.629997,36.889999,10.95,67.019997
20/12/2016,41.757999,29.309999,105.169998,37.209999,11.51,66.910004
21/12/2016,41.540001,29.139999,105.830002,36.98,11.47,67.160004
22/12/2016,41.689999,28.74,107.110001,36.93,11.6,66.760002
23/12/2016,42.667999,29.049999,109.779999,36.970001,11.58,66.860001
27/12/2016,43.905998,29.1,117.32,37.07,12.07,67.25
28/12/2016,43.948002,29.120001,109.25,36.630001,11.55,65.75
29/12/2016,42.936001,29.129999,111.43,36.66,11.59,66.040001
30/12/2016,42.737999,28.75,106.739998,36.27,11.34,65.199997
3/1/2017,43.397999,29.309999,102.010002,36.599998,11.43,65.400002
4/1/2017,45.397999,29.299999,104.389999,36.41,11.43,65.470001
5/1/2017,45.349998,29.799999,101.739998,36.349998,11.24,65.550003
6/1/2017,45.801998,29.629999,103.099998,36.48,11.32,65.529999
9/1/2017,46.256001,30.040001,107.279999,36.610001,11.49,65.650002
10/1/2017,45.973999,30.07,106.470001,36.540001,11.44,65.629997
11/1/2017,45.945999,30.17,105.160004,36.950001,11.2,66.099998
12/1/2017,45.917999,29.290001,103.440002,36.709999,10.76,66.120003
13/1/2017,47.549999,29.440001,103.43,36.790001,10.58,66.879997
17/1/2017,47.116001,29.620001,101.110001,36.799999,9.82,64.190002
18/1/2017,47.672001,29.49,102.949997,36.759998,9.88,65.129997
19/1/2017,48.751999,29.629999,105.160004,36.57,9.77,64.440002
20/1/2017,48.945999,30.07,104.010002,36.939999,9.75,62.880001
23/1/2017,49.784,30.33,105.089996,36.77,9.91,54.880001
24/1/2017,50.922001,30.82,107.330002,37.619999,10.44,55
25/1/2017,50.894001,31.309999,107.790001,37.799999,10.35,56.900002
26/1/2017,50.501999,31.110001,109.650002,37.560001,10.52,54.049999
27/1/2017,50.59,31.25,111.769997,37.98,10.67,54.240002
30/1/2017,50.125999,31.190001,110.019997,37.419998,10.61,53.610001
31/1/2017,50.386002,30.91,109.18,36.82,10.37,53.43
1/2/2017,49.848,31.08,113.949997,36.52,12.06,53.150002
2/2/2017,50.310001,30.780001,115.389999,36.68,12.28,52.66
3/2/2017,50.265999,30.969999,114.379997,36.52,12.24,52.98
6/2/2017,51.554001,30.870001,117.309998,36.27,13.63,52.880001
7/2/2017,51.495998,30.52,119.129997,36.349998,13.29,53.27
8/2/2017,52.416,30.33,118.610001,36.380001,13.56,52.889999
9/2/2017,53.84,30.209999,116.379997,35.459999,13.42,52.880001
10/2/2017,53.846001,30.709999,113.620003,35.34,13.58,54
13/2/2017,56.119999,31.690001,108.379997,35.799999,13.49,54.93
14/2/2017,56.195999,31.33,108.779999,35.93,13.26,55.48
15/2/2017,55.952,31.75,109,36.049999,13.3,56.490002
16/2/2017,53.790001,32.32,107.25,36.41,12.97,56.880001
17/2/2017,54.445999,32.34,107.230003,36.48,13.13,56.459999
21/2/2017,55.478001,32.330002,111.07,36.52,14,56.75
22/2/2017,54.702,32.07,110.760002,36.07,14.28,57.099998
23/2/2017,51.198002,31.75,100.489998,36.18,14.32,57.139999
24/2/2017,51.400002,31.92,101.459999,36.529999,14.12,57.220001
27/2/2017,49.245998,31.530001,104.410004,36.509998,15.2,56.73
28/2/2017,49.998001,31.469999,101.480003,36.200001,14.46,56.48
1/3/2017,50.004002,31.58,102.790001,35.93,14.96,57.009998
2/3/2017,50.096001,30.870001,99,35.91,13.9,56.369999
3/3/2017,50.313999,30.85,98.43,35.900002,13.03,56.439999
6/3/2017,50.242001,30.85,97.669998,35.57,13.04,56.450001
7/3/2017,49.717999,31.309999,98.739998,35.799999,13.05,56.73
8/3/2017,49.374001,31.219999,98.559998,35.619999,13.22,57.77
9/3/2017,48.98,30.98,98.540001,35.82,13.33,57.970001
10/3/2017,48.737999,31.059999,99.120003,35.91,13.91,58.639999
13/3/2017,49.234001,31.5,101.849998,35.16,14.28,58.459999
14/3/2017,51.599998,31.209999,101.779999,35.18,14.1,58.220001
15/3/2017,51.146,31.91,102.550003,35.099998,13.98,58.52
16/3/2017,52.41,32.41,103.809998,35.139999,13.65,58.349998
17/3/2017,52.299999,32.59,106.07,35.27,13.49,57.549999
20/3/2017,52.383999,32.849998,109.449997,35.43,14.4,57.810001
21/3/2017,50.136002,32.48,105.910004,35.040001,13.82,56.799999
22/3/2017,51.001999,32.689999,108.07,35.369999,14.1,57.040001
23/3/2017,50.956001,32.560001,107.089996,35.27,13.79,56.810001
24/3/2017,52.632,32.810001,107.470001,35.16,13.7,56.919998
27/3/2017,54.043999,33.169998,108.25,35.389999,13.7,56.66
28/3/2017,55.490002,33.349998,107.690002,35.599998,13.69,57.380001
29/3/2017,55.476002,32.93,107.339996,35.57,13.71,57.360001
30/3/2017,55.584,33.07,109.400002,35.75,14.05,57.200001
31/3/2017,55.66,32.84,108.93,36.07,14.55,57.34
3/4/2017,59.703999,32.889999,108.379997,36.16,14.64,56.5
4/4/2017,60.740002,32.860001,100.779999,36.279999,14.16,56.68
5/4/2017,59,32.900002,100.029999,36.220001,14.17,56.470001
6/4/2017,59.740002,32.860001,100.760002,36.029999,13.27,56.529999
7/4/2017,60.507999,32.869999,100.330002,36.029999,13.52,56.32
10/4/2017,62.478001,32.52,97.769997,35.799999,13.1,56.52
11/4/2017,61.742001,32.400002,98.120003,35.740002,13.1,55.349998
12/4/2017,59.368,32.279999,97.309998,35.630001,12.76,53.389999
13/4/2017,60.799999,31.83,95.489998,35.25,12.31,52.790001
17/4/2017,60.287998,32.029999,99.230003,35.48,12.79,52.889999
18/4/2017,60.049999,31.790001,99.290001,35.77,12.95,52.669998
19/4/2017,61.104,31.610001,99.68,35.91,12.84,52.610001
20/4/2017,60.501999,31.790001,101.260002,36.18,13.11,52.66
21/4/2017,61.119999,32.080002,101.68,36.32,13,52.5
24/4/2017,61.605999,32.700001,102.949997,36.75,13.13,52.810001
25/4/2017,62.757999,33.07,104.739998,36.869999,13.49,53
26/4/2017,62.034,33,104.019997,36.93,13.41,53.040001
27/4/2017,61.726002,33.02,105.639999,37.43,13.62,53.209999
28/4/2017,62.813999,33.07,104.300003,36.150002,13.3,53.740002
1/5/2017,64.566002,33.400002,106.639999,36.310001,13.62,53.599998
2/5/2017,63.778,33.93,103.480003,36.970001,10.32,53.290001
3/5/2017,62.203999,34.290001,104.25,36.98,10.39,54.490002
4/5/2017,59.091999,34.139999,103.849998,36.849998,10.1,54.91
5/5/2017,61.669998,34.419998,103.860001,36.82,10.19,54.93
8/5/2017,61.438,34.98,102.769997,36.540001,10.04,54.619999
9/5/2017,64.251999,35.41,102.940002,36.369999,10.18,55.150002
10/5/2017,65.043999,35.41,121.290001,36.009998,10.79,55.330002
11/5/2017,64.620003,35.560001,126.5,35.689999,11.07,54.68
12/5/2017,64.961998,35.369999,127.889999,35.529999,11.26,55.32
15/5/2017,63.175999,35.060001,134.309998,35.630001,11.42,55.400002
16/5/2017,63.402,35.029999,136.809998,35.82,12.75,55.950001
17/5/2017,61.222,34.419998,127.720001,35.040001,11.2,55.360001
18/5/2017,62.612,34.900002,133.070007,35.220001,11.28,56.119999
19/5/2017,62.166,35.200001,136,35.400002,11.41,57.669998
22/5/2017,62.07,35.400002,138.899994,35.77,11.04,59.279999
23/5/2017,60.771999,35.400002,137.029999,35.860001,10.89,59.220001
24/5/2017,62.043999,35.52,138.570007,36.119999,10.89,58.639999
25/5/2017,63.366001,35.57,138.259995,36.259998,10.98,58.450001
26/5/2017,65.028,35.509998,141.839996,36.259998,11,57.52
30/5/2017,67.019997,35.779999,144.869995,36.18,11.12,57.34
31/5/2017,68.202003,35.360001,144.350006,36.110001,11.19,57.27
1/6/2017,68.073997,35.889999,144.360001,36.119999,10.93,58.619999
2/6/2017,67.970001,36.18,143.639999,36.32,10.9,58.580002
5/6/2017,69.463997,36.389999,148.009995,36.34,11.24,58.860001
6/6/2017,70.57,36.43,147.339996,36.130001,12.03,58.200001
7/6/2017,71.93,36.459999,149.119995,36.259998,12.38,57.529999
8/6/2017,74,36.830002,159.940002,36.48,12.9,58.119999
9/6/2017,71.463997,35.790001,149.600006,35.709999,12.28,57.049999
12/6/2017,71.802002,35.240002,149.970001,35.73,12.09,57.490002
13/6/2017,75.190002,35.560001,151.399994,35.880001,11.96,57.540001
14/6/2017,76.132004,35.650002,151.720001,35.529999,11.77,57.009998
15/6/2017,75.068001,35.439999,152.369995,35.310001,11.5,56.93
16/6/2017,74.279999,35.869999,151.619995,35.209999,11.44,56.82
19/6/2017,73.959999,36.209999,157.320007,35.509998,11.93,57.610001
20/6/2017,74.447998,36.130001,157.089996,34.860001,12.64,56.790001
21/6/2017,75.279999,36.709999,159.470001,34.580002,13.98,56.330002
22/6/2017,76.522003,36.709999,158.369995,34.360001,14.38,56.470001
23/6/2017,76.690002,36.73,153.830002,34.189999,14.17,56.91
26/6/2017,75.498001,36.130001,152.149994,34.07,14.08,56.560001
27/6/2017,72.473999,35.09,146.580002,33.650002,13.4,55.43
28/6/2017,74.248001,35.349998,151.75,34.200001,13.23,56.16
29/6/2017,72.150002,34.810001,146.679993,33.540001,12.6,55.080002
30/6/2017,72.321999,34.959999,144.559998,33.740002,12.48,55.220001
3/7/2017,70.524002,34.880001,139.330002,33.459999,12.15,54.950001
5/7/2017,65.417999,34.82,143.050003,34.34,13.19,55.450001
6/7/2017,61.765999,34.5,143.479996,33.630001,13.02,54.790001
7/7/2017,62.644001,34.630001,146.759995,33.880001,13.36,55.349998
10/7/2017,63.209999,35,153.699997,33.650002,13.81,55.639999
11/7/2017,65.444,35.380001,155.880005,33.919998,13.89,55.330002
12/7/2017,65.903999,35.689999,162.509995,34.25,14.29,56.200001
13/7/2017,64.681999,36.150002,160.630005,34.240002,13.53,56.23
14/7/2017,65.556,36.25,164.949997,34.68,13.92,56.810001
17/7/2017,63.914001,35.91,164.25,34.470001,13.8,56.459999
18/7/2017,65.648003,35.869999,165.960007,34.529999,13.48,56.290001
19/7/2017,65.052002,36.41,165.100006,34.560001,13.55,56.779999
20/7/2017,65.984001,36.099998,167.5,34.75,13.8,53.970001
21/7/2017,65.68,35.849998,168.100006,34.73,13.88,53.84
24/7/2017,68.503998,36.220001,166.149994,34.5,14.16,53.220001
25/7/2017,67.919998,36.099998,165.350006,34.669998,14.11,53.27
26/7/2017,68.769997,36.220001,167.259995,34.75,14.76,53.139999
27/7/2017,66.891998,36.18,161.740005,34.970001,14.12,52.490002
28/7/2017,67.014,35.860001,164.389999,35.310001,13.95,52.880001
31/7/2017,64.694,35.959999,162.509995,35.470001,13.61,53.189999
1/8/2017,63.914001,35.84,164.490005,36.349998,13.71,53.41
2/8/2017,65.178001,36.07,164.389999,36.639999,13.37,53.169998
3/8/2017,69.417999,35.790001,166.479996,36.490002,13.24,52.950001
4/8/2017,71.382004,36.029999,167.210007,36.299999,13.12,52.619999
7/8/2017,71.033997,36.790001,172.350006,36.43,13.43,52.700001
8/8/2017,73.043999,36.700001,170.300003,36.41,13.11,52.290001
9/8/2017,72.706001,36.459999,172.110001,36.59,12.83,52.77
10/8/2017,71.080002,35.34,164.740005,36.139999,12.12,52.34
11/8/2017,71.573997,36.139999,155.960007,35.869999,12.23,52.720001
14/8/2017,72.760002,36.049999,168.399994,36.34,12.76,53.549999
15/8/2017,72.466003,36.419998,166.979996,36,13.02,53.869999
16/8/2017,72.582001,36.34,165.149994,35.810001,12.63,53.310001
17/8/2017,70.384003,35.790001,161.470001,35.169998,12.34,52.27
18/8/2017,69.491997,35.860001,161.5,35.009998,12.37,51.919998
21/8/2017,67.571999,35.98,159.149994,34.919998,12.05,51.98
22/8/2017,68.269997,36.52,162.550003,34.650002,12.17,52.349998
23/8/2017,70.554001,36.580002,165.800003,34.66,12.48,52.23
24/8/2017,70.585999,36.830002,165.190002,34.709999,12.5,52.490002
25/8/2017,69.610001,36.849998,163.809998,34.669998,12.43,52.029999
28/8/2017,69.132004,36.77,164.970001,34.650002,12.23,51.810001
29/8/2017,69.472,36.880001,164.699997,34.73,12.15,51.810001
30/8/2017,70.636002,36.93,165.679993,34.889999,12.67,52.119999
31/8/2017,71.18,36.970001,169.440002,35.07,13,52.27
1/9/2017,71.080002,37.220001,170.460007,35.09,13.19,52.049999
5/9/2017,69.917999,36.849998,165.910004,35.02,12.92,50.029999
6/9/2017,68.905998,37.27,165.809998,35.759998,12.86,50.450001
7/9/2017,70.122002,37.540001,166.580002,35.540001,12.63,50.380001
8/9/2017,68.68,37.5,163.690002,35.189999,12.25,49.639999
11/9/2017,72.737999,37.84,169,35.77,12.55,50.57
12/9/2017,72.550003,37.860001,169.610001,36.09,12.3,50.900002
13/9/2017,73.246002,37.529999,170.369995,36.330002,12.22,51.009998
14/9/2017,75.528,37.380001,169.399994,36.48,12.26,51.48
15/9/2017,75.961998,37.650002,180.110001,37,12.52,52.189999
18/9/2017,77,38.07,187.550003,37,13.08,52.25
19/9/2017,75.019997,38.299999,187.350006,37.23,13.12,52.299999
20/9/2017,74.781998,37.82,185.839996,37.07,13.74,51.98
21/9/2017,73.295998,38.240002,180.759995,37.200001,13.41,52.029999
22/9/2017,70.218002,37.77,179,37.18,13.3,52.09
25/9/2017,68.998001,37.07,171,37.16,12.61,51.619999
26/9/2017,69.050003,37.139999,171.960007,37.470001,12.45,51.130001
27/9/2017,68.194,37.25,175.729996,37.540001,12.74,51.549999
28/9/2017,67.919998,37.049999,175.679993,37.830002,12.74,51.75
29/9/2017,68.220001,37.549999,178.770004,38.080002,12.75,51.84
2/10/2017,68.306,38.130001,179,39.040001,12.71,51.880001
3/10/2017,69.627998,38.439999,179.369995,39.380001,13.42,52.02
4/10/2017,71.001999,38.27,180.869995,39.34,13.31,51.959999
5/10/2017,71.066002,38.459999,180.770004,39.529999,13.34,52.349998
6/10/2017,71.375999,38.459999,181.300003,39.630001,13.23,52.490002
9/10/2017,68.587997,38.77,185.389999,39.860001,13.47,52.880001
10/10/2017,71.117996,38.970001,188.929993,39.650002,13.7,53.869999
11/10/2017,70.919998,40.349998,190.940002,39.299999,13.88,54.119999
12/10/2017,71.136002,40.439999,191.029999,39.189999,14.2,53
13/10/2017,71.113998,40.82,194.589996,39.669998,14.22,52.82
16/10/2017,70.120003,40.889999,197.929993,39.759998,14.26,52.380001
17/10/2017,71.150002,41.25,197.75,39.790001,14.16,52.41
18/10/2017,71.93,41.5,197.580002,40.25,14.07,52.209999
19/10/2017,70.362,41.07,197.800003,40.09,13.95,52.290001
20/10/2017,69.019997,41.119999,196.899994,40.43,13.81,52.02
23/10/2017,67.403999,41.209999,196.619995,40.830002,14.1,53.389999
24/10/2017,67.468002,41.32,198.679993,40.950001,14.25,54.25
25/10/2017,65.167999,41.16,193.660004,40.779999,12.33,53.84
26/10/2017,65.234001,41.200001,195.690002,41.349998,12.01,53.799999
27/10/2017,64.174004,42.150002,201.860001,44.400002,11.84,54.57
30/10/2017,64.015999,42.130001,203.839996,44.369999,10.89,54.66
31/10/2017,66.306,42.330002,206.809998,45.490002,10.99,51.009998
1/11/2017,64.216003,42.099998,207.199997,46.709999,10.8,53.459999
2/11/2017,59.852001,42.150002,205.940002,47.099998,10.85,54.84
3/11/2017,61.217999,42.189999,208.690002,46.34,11.12,61.810001
6/11/2017,60.556,42.43,209.630005,46.700001,11.93,62.52
7/11/2017,61.209999,42.509998,212.029999,46.779999,12.05,64.099998
8/11/2017,60.877998,42.43,209.160004,46.700001,11.71,65.489998
9/11/2017,60.598,41.639999,205.320007,46.299999,11.12,64.599998
10/11/2017,60.598,41.720001,216.139999,45.580002,11.26,64.57
13/11/2017,63.080002,42.009998,212.630005,45.75,11.09,66.489998
14/11/2017,61.740002,41.860001,214.179993,45.860001,11.12,66
15/11/2017,62.259998,41.540001,209.979996,45.459999,11.07,65.610001
16/11/2017,62.5,42.099998,211.610001,45.650002,11.25,66.110001
17/11/2017,63.009998,42.07,211.360001,44.630001,11.38,66.720001
20/11/2017,61.748001,42.209999,214.080002,44.619999,11.34,66.470001
21/11/2017,63.562,42.580002,216.050003,44.939999,11.4,66.669998
22/11/2017,62.52,42.41,214.929993,44.650002,11.37,68.129997
24/11/2017,63.110001,42.990002,216.960007,44.75,11.38,68.910004
27/11/2017,63.362,41.09,214.139999,44.490002,11.55,68.139999
28/11/2017,63.509998,40.93,210.710007,44.73,11.17,68.379997
29/11/2017,61.507999,39.41,196.419998,43.950001,10.83,66.519997
30/11/2017,61.77,39.599998,200.710007,44.84,10.89,66.339996
1/12/2017,61.306,39.700001,197.679993,44.68,10.73,65.489998
4/12/2017,61.040001,39.389999,186.660004,44.490002,10.03,64.559998
5/12/2017,60.740002,39.200001,187.740005,43.439999,9.91,64.690002
6/12/2017,62.652,38.68,189.259995,43.450001,10,64.980003
7/12/2017,62.248001,39.009998,191.990005,43.080002,10.04,65.230003
8/12/2017,63.026001,39,191.490005,43.349998,9.94,64.239998
11/12/2017,65.781998,39.369999,194.660004,43.66,10.16,65.18
12/12/2017,68.206001,39.299999,190.839996,43.330002,9.9,64.860001
13/12/2017,67.806,39.290001,186.179993,43.34,10.11,64.900002
14/12/2017,67.578003,39.400002,186.470001,43.259998,10.13,64.699997
15/12/2017,68.690002,39.5,191.559998,44.560001,10.29,64.760002
18/12/2017,67.774002,39.400002,197.899994,46.259998,10.98,65.379997
19/12/2017,66.220001,39.34,196.110001,47.040001,10.95,64.5
20/12/2017,65.795998,39.439999,196.800003,47.560001,10.98,64.599998
21/12/2017,66.332001,39.23,195.889999,46.759998,10.89,64.389999
22/12/2017,65.040001,39.630001,195.270004,46.700001,10.54,64.730003
26/12/2017,63.458,38.950001,197.440002,46.080002,10.46,64.300003
27/12/2017,62.327999,39.080002,197.169998,46.110001,10.53,64.540001
28/12/2017,63.071999,39.740002,197.399994,46.220001,10.55,64.379997
29/12/2017,62.27,39.650002,193.5,46.16,10.28,64.019997
2/1/2018,64.106003,41.02,199.350006,46.849998,10.98,65.199997
3/1/2018,63.450001,41.709999,212.470001,45.259998,11.55,65.940002
4/1/2018,62.924,41.490002,213.589996,44.43,12.12,66.029999
5/1/2018,63.316002,42.459999,215.399994,44.740002,11.88,66.470001
8/1/2018,67.281998,42.439999,222,44.740002,12.28,66.269997
9/1/2018,66.737999,42.18,221.940002,43.619999,11.82,65.269997
10/1/2018,66.959999,41.299999,223.679993,42.5,11.96,65.260002
11/1/2018,67.589996,41.029999,224.080002,43.41,12.14,65.43
12/1/2018,67.244003,41.189999,222.979996,43.240002,12.02,65.379997
16/1/2018,68.012001,42.23,220.110001,43.139999,11.91,68.25
17/1/2018,69.431999,43.130001,224.720001,44.389999,12.18,68.019997
18/1/2018,68.914001,44.57,224.440002,44.48,12.47,68.050003
19/1/2018,70.003998,44.669998,230.110001,44.82,12.59,68.040001
22/1/2018,70.311996,46.380001,233.690002,45.75,12.65,68.669998
23/1/2018,70.557999,46.279999,238.910004,46.060001,12.94,68.339996
24/1/2018,69.178001,45.330002,235.800003,45.509998,12.71,67.980003
25/1/2018,67.528,45.099998,236.350006,45.299999,12.41,67.419998
26/1/2018,68.57,45.720001,243.330002,50.080002,12.95,68.529999
29/1/2018,69.905998,45.400002,246.850006,49.98,13.32,67.32
30/1/2018,69.164001,44.880001,242.720001,48.790001,12.87,66.989998
31/1/2018,70.862,45.310001,245.800003,48.139999,13.74,68.25
1/2/2018,69.849998,45.450001,240.5,47.650002,13.25,66.800003
2/2/2018,68.75,44.509998,233.520004,46.150002,12.45,66.07
5/2/2018,66.625999,42.950001,213.699997,44.52,11.57,61.73
6/2/2018,66.793999,43.59,225.580002,44.91,11.65,64.400002
7/2/2018,69,41.880001,228.800003,45.200001,11.6,65.040001
8/2/2018,63.046001,40.360001,217.520004,42.75,11.22,62.419998
9/2/2018,62.084,41.470001,232.080002,43.950001,11.31,63.990002
12/2/2018,63.146,42.529999,228.029999,44.830002,11.68,65.660004
13/2/2018,64.732002,42.380001,232.630005,44.459999,11.78,65.699997
14/2/2018,64.461998,43.049999,241.419998,45.380001,12.2,66.589996
15/2/2018,66.814003,43.52,246.5,45.919998,12.19,65.279999
16/2/2018,67.098,43.48,243.839996,45.560001,11.82,64.849998
20/2/2018,66.954002,43.740002,249.080002,46.32,12.02,63.990002
21/2/2018,66.660004,42.889999,241.509995,45.939999,11.72,63.400002
22/2/2018,69.234001,42.389999,242.149994,45.799999,11.84,62.18
23/2/2018,70.410004,43.900002,245.929993,47.73,12.07,63.32
26/2/2018,71.484001,44.41,246.580002,49.110001,12.42,66.980003
27/2/2018,70.197998,43.619999,246.059998,49.91,12.53,66.339996
28/2/2018,68.612,43.349998,242,49.290001,12.11,65
1/3/2018,66.185997,42.720001,232.210007,47.84,11.9,64.959999
2/3/2018,67.024002,43.009998,236.539993,48.98,11.81,64.739998
5/3/2018,66.669998,43.490002,235.649994,49.75,11.91,64.010002
6/3/2018,65.639999,43.540001,242.160004,50.709999,11.76,62.139999
7/3/2018,66.459999,44.200001,241.839996,51.32,12.24,62.490002
8/3/2018,65.82,43.799999,241.179993,50.740002,11.97,61.82
9/3/2018,65.433998,44.59,245.330002,52.189999,11.7,63.029999
12/3/2018,69.101997,45.220001,249.759995,51.52,11.52,62.810001
13/3/2018,68.367996,44.990002,247.710007,51.779999,11.64,59.700001
14/3/2018,65.325996,45.150002,248.740005,51.860001,11.36,60.119999
15/3/2018,65.120003,45.310001,249.339996,50.880001,11.46,59.889999
16/3/2018,64.269997,44.970001,250.479996,51.169998,11.47,60.619999
19/3/2018,62.712002,44.599998,241,50.830002,11.43,58.369999
20/3/2018,62.110001,44.830002,249.580002,51.549999,11.11,58.259998
21/3/2018,63.306,44.700001,248.559998,51.560001,11.26,56.810001
22/3/2018,61.82,43.689999,241.850006,50.830002,10.91,55.580002
23/3/2018,60.307999,42.580002,232.970001,49.360001,10.63,53.66
26/3/2018,60.835999,44.27,244.479996,52.48,10.44,56.130001
27/3/2018,55.835999,43.290001,225.520004,51.189999,10,54.84
28/3/2018,51.556,42.689999,221.350006,49.599998,9.81,54.700001
29/3/2018,53.226002,43.759998,231.589996,52.080002,10.05,55.41
2/4/2018,50.495998,42.5,221.050003,48.919998,9.53,53.810001
3/4/2018,53.506001,43.48,225.350006,49.75,9.55,54.779999
4/4/2018,57.388,43.939999,226.240005,49.990002,9.77,54.990002
5/4/2018,61.144001,43.32,221.380005,50.380001,10.02,55.040001
6/4/2018,59.860001,42.419998,214.25,48.790001,9.61,53.119999
9/4/2018,57.931999,43.07,215.410004,49.549999,9.53,53.43
10/4/2018,60.939999,43.580002,227.910004,51.27,9.98,54.77
11/4/2018,60.186001,43.380001,226.240005,51.099998,9.82,55.009998
12/4/2018,58.816002,43.849998,234.600006,52.720001,10.08,55.200001
13/4/2018,60.068001,42.650002,231.5,51.860001,9.93,55.73
16/4/2018,58.242001,42.869999,231.490005,52.400002,10.09,54.77
17/4/2018,57.537998,42.310001,237.539993,53.540001,10.52,55.349998
18/4/2018,58.669998,41.919998,236.369995,53.610001,10.36,55.23
19/4/2018,60.015999,39.529999,229.039993,52.220001,10.11,52.57
20/4/2018,58.048,38.950001,228.710007,51.529999,9.99,51.439999
23/4/2018,56.674,38.75,223.880005,51.099998,10.04,50.529999
24/4/2018,56.692001,38.75,221.199997,51.450001,10.09,49.939999
25/4/2018,56.138,38.169998,216.660004,51.380001,9.71,49.75
26/4/2018,57.096001,38.169998,225.220001,53.049999,11.04,50.470001
27/4/2018,58.816002,38.169998,226.330002,52.73,11.11,51.110001
30/4/2018,58.779999,38.450001,224.899994,51.619999,10.88,51.009998
1/5/2018,59.984001,38.93,227.139999,53.330002,11.13,50.82
2/5/2018,60.23,37.75,226.309998,52.310001,10.97,50.259998
3/5/2018,56.889999,38.099998,232.990005,52.279999,10.93,50.310001
4/5/2018,58.818001,38.59,239.059998,52.779999,11.28,52.490002
7/5/2018,60.554001,38.450001,248.679993,53.330002,11.59,53.009998
8/5/2018,60.394001,39.18,250.399994,53.630001,11.61,52.860001
9/5/2018,61.369999,39.349998,255.779999,54.34,11.95,53.169998
10/5/2018,61.004002,39.77,260.130005,54.98,12.13,54.970001
11/5/2018,60.212002,39.91,254.529999,54.669998,11.95,55.23
14/5/2018,58.394001,39.950001,255.360001,54.900002,12.23,56.740002
15/5/2018,56.835999,39.299999,245.559998,53.919998,12.45,55.639999
16/5/2018,57.296001,39.790001,246.009995,54.639999,12.82,56.700001
17/5/2018,56.908001,38.959999,247.710007,54.810001,12.82,56.950001
18/5/2018,55.363998,38.419998,245.940002,53.5,13,57.509998
21/5/2018,56.897999,39.470001,244.240005,54.32,12.99,57.709999
22/5/2018,55.001999,39.639999,242.699997,54.450001,12.98,57.389999
23/5/2018,55.813999,39.650002,247.539993,55.209999,13.1,58.82
24/5/2018,55.57,39.27,247.690002,54.75,13.41,59.080002
25/5/2018,55.77,39.299999,249.279999,55.439999,13.54,59.959999
29/5/2018,56.751999,38.16,248.589996,55.32,13.36,58.23
30/5/2018,58.344002,38.34,252.990005,55.68,13.82,58.389999
31/5/2018,56.945999,38.700001,252.190002,55.200001,13.73,58.119999
1/6/2018,58.363998,39.200001,257.619995,57.080002,14.4,58.610001
4/6/2018,59.348,39.970001,264.850006,56.830002,14.85,58.709999
5/6/2018,58.226002,39.540001,265.070007,56.529999,14.85,58.98
6/6/2018,63.900002,39.560001,265.149994,57.029999,15.67,59.84
7/6/2018,63.217999,39.52,262.899994,55.880001,14.89,60.639999
8/6/2018,63.532001,38.93,262.279999,55.049999,15.25,60.259998
11/6/2018,66.419998,38.759998,260.619995,54.52,15.73,59.93
12/6/2018,68.554001,39.200001,262.579987,54.82,15.85,59.790001
13/6/2018,68.956001,39.049999,262.399994,55.029999,16.32,59.220001
14/6/2018,71.543999,38.599998,266.910004,55.540001,16.25,59.459999
15/6/2018,71.634003,38.689999,265.26001,55.110001,16.34,59.860001
18/6/2018,74.166,38.25,265.089996,53.220001,17.110001,59.200001
19/6/2018,70.510002,37.560001,260.170013,52.93,16.690001,58.700001
20/6/2018,72.444,38.349998,262.309998,53.459999,16.52,58.790001
21/6/2018,69.501999,37.619999,257.109985,52.189999,15.65,58.75
22/6/2018,66.725998,38.119999,250.949997,52.5,15.8,58.5
25/6/2018,66.601997,36.509998,239.119995,50.709999,15.11,57.049999
26/6/2018,68.400002,36.459999,241.990005,49.669998,15.5,56.450001
27/6/2018,68.900002,35.509998,235.720001,48.759998,14.97,55.169998
28/6/2018,69.986,35.939999,240.860001,49.25,15.31,55.900002
29/6/2018,68.589996,36.560001,236.899994,49.709999,14.99,56.119999
2/7/2018,67.014,36.540001,242.240005,50.200001,15.16,56.18
3/7/2018,62.172001,36.389999,236.839996,49.470001,15,55.330002
5/7/2018,61.832001,36.59,242.729996,50.75,15.5,57.380001
6/7/2018,61.779999,37.27,247.330002,51.369999,16.360001,57.84
9/7/2018,63.702,37.830002,249.25,51.860001,16.610001,58.040001
10/7/2018,64.494003,37.93,253.25,52.16,16.549999,58.369999
11/7/2018,63.792,36.970001,247.529999,51.200001,16.27,57.299999
12/7/2018,63.341999,37.310001,251.229996,52.349998,16.559999,58.32
13/7/2018,63.773998,37.77,249.320007,52.220001,16.27,58.389999
16/7/2018,62.02,37.790001,248.199997,52.009998,16.58,58.349998
17/7/2018,64.538002,38.040001,253.690002,51.75,16.870001,58.91
18/7/2018,64.769997,38.41,251.699997,51.720001,16.85,58.759998
19/7/2018,64.045998,39.810001,252.029999,51.98,16.709999,59.310001
20/7/2018,62.716,40.73,250.889999,51.91,16.5,58.610001
23/7/2018,60.639999,40.740002,249.410004,52.310001,16.66,59.080002
24/7/2018,59.486,40.389999,248.710007,52.18,16.190001,58.849998
25/7/2018,61.748001,40.889999,251.869995,52.43,16.049999,59.419998
26/7/2018,61.330002,40.82,254.839996,52.16,18.35,63.580002
27/7/2018,59.436001,41.450001,252.020004,47.68,18.940001,62.689999
30/7/2018,58.034,41.09,244.130005,47.689999,19.42,62.040001
31/7/2018,59.627998,41.209999,244.860001,48.099998,18.33,64.089996
1/8/2018,60.167999,41.709999,246.470001,48.810001,18.48,64.349998
2/8/2018,69.907997,41.549999,250.619995,49.48,18.790001,64.769997
3/8/2018,69.634003,41.689999,252.100006,49.630001,18.49,65.400002
6/8/2018,68.398003,41.07,254.029999,49.299999,19.43,65.730003
7/8/2018,75.914001,41.240002,256.950012,49.700001,19.559999,65.440002
8/8/2018,74.068001,41.970001,258.420013,49.959999,19.58,65.160004
9/8/2018,70.489998,41.84,256.459991,50.139999,19.1,65.080002
10/8/2018,71.098,41.029999,254.789993,48.849998,19.059999,64.82
13/8/2018,71.281998,40.709999,256.119995,48.450001,19.73,64.839996
14/8/2018,69.528,40.91,261.429993,48.119999,20.02,65.43
15/8/2018,67.737999,40.450001,259.079987,47.459999,19.700001,65.68
16/8/2018,67.089996,40.41,257.440002,47.169998,19.33,65.760002
17/8/2018,61.099998,40.130001,244.820007,47.099998,19.77,66.059998
20/8/2018,61.688,40.099998,247.839996,46.5,19.98,66.160004
21/8/2018,64.379997,40.889999,253.320007,47.619999,20.4,66.550003
22/8/2018,64.328003,40.900002,262.820007,47.049999,20.9,66.839996
23/8/2018,64.019997,40.68,266.839996,46.98,22.290001,66.860001
24/8/2018,64.564003,41.240002,272.220001,47.66,23.98,67.150002
27/8/2018,63.854,41.529999,275.899994,48.349998,25.26,67.339996
28/8/2018,62.372002,42.349998,274.380005,48.57,25.049999,69.779999
29/8/2018,61.001999,44.130001,278.48999,48.75,25.200001,69.199997
30/8/2018,60.630001,43.459999,277.809998,48.240002,24.889999,68.139999
31/8/2018,60.332001,43.599998,280.679993,48.43,25.17,68.709999
4/9/2018,57.790001,44.110001,283.700012,47.959999,28.059999,69.980003
5/9/2018,56.147999,44.220001,278.420013,47.720001,28.51,70.889999
6/9/2018,56.189999,44.049999,272.720001,47.259998,27.84,70.360001
7/9/2018,52.647999,44.880001,271.859985,46.450001,27.379999,70.379997
10/9/2018,57.099998,44.619999,274.730011,46.299999,29.889999,72.32
11/9/2018,55.888,44.549999,272.799988,44.93,30.1,72.510002
12/9/2018,58.108002,43.939999,268.200012,44.93,32.209999,71.75
13/9/2018,57.891998,43.43,271.339996,45.57,30.48,74.610001
14/9/2018,59.040001,44.41,276.429993,45.540001,32.720001,75.089996
17/9/2018,58.967999,43.759998,273.929993,45.419998,32.43,73.239998
18/9/2018,56.992001,43.560001,271.019989,46.099998,31.93,74.720001
19/9/2018,59.804001,44.02,271.980011,46.150002,31.209999,74.059998
20/9/2018,59.666,44.169998,266.279999,47.200001,31.18,74.599998
21/9/2018,59.82,44.060001,263.450012,46.66,31.02,73.699997
24/9/2018,59.936001,44.889999,265.700012,46.91,32.610001,73.580002
25/9/2018,60.198002,44.169998,268.410004,45.91,32.57,72.739998
26/9/2018,61.916,44.27,266.920013,45.700001,32.189999,71.760002
27/9/2018,61.504002,44.759998,267.399994,45.880001,32.59,71.709999
28/9/2018,52.953999,44.16,281.019989,47.290001,30.889999,72.029999
1/10/2018,62.139999,44.66,289.359985,46.450001,31.42,72.599998
2/10/2018,60.203999,43.619999,286.480011,48.099998,29.02,73.349998
3/10/2018,58.959999,43.959999,286.730011,48.759998,28.43,72.639999
4/10/2018,56.366001,42.43,279.290009,48.130001,27.780001,72.379997
5/10/2018,52.389999,41.630001,269.859985,47.029999,27.35,71.209999
8/10/2018,50.112,40.959999,265.769989,47.029999,26.459999,70.93
9/10/2018,52.560001,40.900002,265.540009,46.549999,27.24,70.129997
10/10/2018,51.375999,39.349998,245.690002,44.799999,25,66.730003
11/10/2018,50.445999,38.939999,235.130005,44.23,25.299999,64.290001
12/10/2018,51.756001,39.66,246.539993,44.880001,26.34,64.290001
15/10/2018,51.917999,38.75,235.380005,44.529999,26.26,64.169998
16/10/2018,55.318001,40.009998,245.830002,45.939999,28.18,66.120003
17/10/2018,54.355999,39.57,243.059998,45.889999,27.299999,66.099998
18/10/2018,52.782001,38.540001,239.529999,44.970001,26.620001,65.150002
19/10/2018,52,38.450001,229.169998,44,23.66,65.360001
22/10/2018,52.189999,38.720001,231.220001,45.009998,25.030001,66.120003
23/10/2018,58.827999,38,221.059998,44.5,25.09,66.379997
24/10/2018,57.700001,36.48,199.410004,42.419998,22.790001,62.619999
25/10/2018,62.972,37.389999,207.839996,44.310001,19.27,63.200001
26/10/2018,66.18,36.669998,198.289993,45.689999,17.629999,62.48
29/10/2018,66.970001,36.330002,185.619995,45.400002,16.85,62.169998
30/10/2018,65.980003,37.779999,203,47.759998,17.200001,63.18
31/10/2018,67.463997,38.099998,210.830002,46.880001,18.209999,62.889999
1/11/2018,68.856003,39.049999,218.110001,48.220001,20.219999,63.709999
2/11/2018,69.281998,38.779999,214.919998,47.110001,20.23,63.330002
5/11/2018,68.279999,38.48,211.770004,47.970001,19.9,63.470001
6/11/2018,68.211998,38.73,211.059998,47.25,20.68,63.630001
7/11/2018,69.632004,39.18,213.789993,48.720001,21.84,63.209999
8/11/2018,70.279999,38.700001,205.990005,48.990002,21.200001,58.049999
9/11/2018,70.101997,38.07,205.669998,48.110001,21.030001,56.720001
12/11/2018,66.255997,37.060001,189.539993,46.650002,19.030001,54.490002
13/11/2018,67.746002,37.400002,199.309998,47.389999,19.610001,54.16
14/11/2018,68.800003,37.84,197.190002,47.09,20.809999,53.939999
15/11/2018,69.688004,38.52,202.389999,48.110001,21.49,55.389999
16/11/2018,70.862,36.869999,164.429993,48.830002,20.66,55.880001
19/11/2018,70.694,36.049999,144.699997,48,19.110001,54.900002
20/11/2018,69.498001,35.639999,149.080002,47.389999,19.209999,54.919998
21/11/2018,67.638,36.169998,144.710007,47.029999,18.73,55.27
23/11/2018,65.166,35.959999,145,46.540001,19.379999,55.25
26/11/2018,69.199997,36.84,153.050003,47.450001,20.08,55.73
27/11/2018,68.783997,36.799999,153.729996,48.07,21.049999,55.57
28/11/2018,69.573997,38.009998,160.070007,48.860001,21.34,56.650002
29/11/2018,68.234001,37.93,157.360001,47.700001,21.43,58.110001
30/11/2018,70.096001,37.59,163.429993,49.310001,21.299999,58.259998
3/12/2018,71.697998,38.73,170.039993,50.130001,23.709999,59.139999
4/12/2018,71.940002,37.439999,157.110001,47.75,21.120001,57.73
6/12/2018,72.612,36.860001,158.289993,48.369999,21.299999,57.110001
7/12/2018,71.594002,36.52,147.610001,46.240002,19.459999,55.990002
10/12/2018,73.029999,36.43,151.860001,47.209999,19.99,57.240002
11/12/2018,73.351997,36.700001,148.190002,47.380001,19.98,57.349998
12/12/2018,73.32,37.380001,148.899994,47.830002,20.48,57.720001
13/12/2018,75.358002,37.330002,148.889999,48.290001,19.860001,58.09
14/12/2018,73.141998,36.529999,146.449997,47.860001,19.9,57.619999
17/12/2018,69.683998,36.220001,143.580002,47.080002,18.83,57
18/12/2018,67.405998,36.759998,146.940002,47.740002,19.5,57.779999
19/12/2018,66.594002,36.23,138.509995,45.57,18.16,56.689999
20/12/2018,63.076,35.880001,135.100006,45.540001,17.940001,56.369999
21/12/2018,63.953999,35.709999,129.570007,44.84,16.93,54.849998
24/12/2018,59.077999,35.290001,127.080002,43.59,16.65,53.650002
26/12/2018,65.218002,36.759998,133.100006,46.189999,17.9,55.959999
27/12/2018,63.226002,36.779999,131.169998,46.360001,17.49,56.09
28/12/2018,66.774002,37.139999,133.649994,46.75,17.82,56.810001
31/12/2018,66.559998,36.91,133.5,46.93,18.459999,56.91
2/1/2019,62.023998,36.52,136.220001,47.080002,18.83,57.400002
3/1/2019,60.071999,34.360001,127.989998,44.490002,17.049999,55.700001
4/1/2019,63.537998,34.970001,136.190002,47.220001,19,56.599998
7/1/2019,66.991997,35.23,143.399994,47.439999,20.57,56.439999
8/1/2019,67.07,34.939999,139.830002,47.740002,20.75,55.950001
9/1/2019,67.706001,35.610001,142.580002,48.009998,20.190001,56.610001
10/1/2019,68.994003,36.419998,145.229996,48.560001,19.74,56.799999
11/1/2019,69.452003,36.610001,148.830002,48.93,20.27,57.5
14/1/2019,66.879997,35.759998,150.440002,48.349998,20.23,57.299999
15/1/2019,68.886002,36.040001,149.869995,48.599998,20.379999,55.73
16/1/2019,69.209999,35.639999,148.839996,48.130001,19.73,55.27
17/1/2019,69.461998,36.290001,151.720001,48.470001,20.25,54.77
18/1/2019,60.452,36.84,156.929993,49.189999,20.77,55.27
22/1/2019,59.784,36.369999,148.770004,48.27,19.76,54.290001
23/1/2019,57.518002,36.490002,149.289993,47.939999,19.799999,51.77
24/1/2019,58.301998,37.639999,157.839996,49.759998,20.85,50.810001
25/1/2019,59.408001,38.139999,160.149994,47.040001,21.93,51.299999
28/1/2019,59.276001,37.439999,138.009995,46.709999,20.18,50.639999
29/1/2019,59.492001,36.330002,131.600006,46.540001,19.25,49.400002
30/1/2019,61.754002,37.380001,137.389999,47.540001,23.09,50.169998
31/1/2019,61.403999,37.619999,143.75,47.119999,24.41,49.52
1/2/2019,62.442001,37.57,144.729996,48.73,24.51,49.610001
4/2/2019,62.577999,37.939999,149.179993,49.220001,24.129999,49.689999
5/2/2019,64.269997,38.25,149.949997,50.009998,23.309999,50.73
6/2/2019,63.444,38.740002,153,49.900002,23.26,51.099998
7/2/2019,61.501999,38.119999,147.419998,49.23,22.67,50.549999
8/2/2019,61.16,37.790001,148.169998,48.84,23.049999,50.290001
11/2/2019,62.568001,38.290001,146.449997,48.77,22.959999,50.830002
12/2/2019,62.362,38.639999,151.169998,50.009998,22.82,51.66
13/2/2019,61.633999,38.130001,152.880005,50.470001,22.85,51.59
14/2/2019,60.754002,38.060001,154.529999,50.810001,23.129999,51.57
15/2/2019,61.576,38.09,157.339996,51.66,23.68,51.98
19/2/2019,61.127998,38.459999,156.639999,51.400002,23.950001,52.009998
20/2/2019,60.512001,39,158.550003,51.389999,23.950001,52.450001
21/2/2019,58.245998,38.98,155.770004,51.41,23.92,52.349998
22/2/2019,58.942001,39.389999,159.190002,52.490002,24.360001,53.119999
25/2/2019,59.754002,39.580002,158.690002,53.099998,24.709999,52.990002
26/2/2019,59.571999,39.599998,157.100006,53.23,24.209999,53.029999
27/2/2019,62.948002,39.450001,155.410004,53.240002,23.48,53.040001
28/2/2019,63.976002,39.049999,154.259995,52.959999,23.530001,53.389999
1/3/2019,58.958,39.389999,156.449997,53.299999,23.68,54.200001
4/3/2019,57.071999,39.150002,156.779999,53.939999,23.370001,53.779999
5/3/2019,55.307999,39.02,156.520004,53.68,23.5,53.939999
6/3/2019,55.248001,38.790001,152.050003,52.950001,22.41,54.799999
7/3/2019,55.318001,38.630001,149.259995,52.599998,22.08,54.029999
8/3/2019,56.827999,38.200001,150.639999,52.48,22.01,53.529999
11/3/2019,58.183998,38.639999,161.139999,53.349998,22.959999,54.349998
12/3/2019,56.672001,38.900002,162.520004,53.57,23.49,54.84
13/3/2019,57.792,39.209999,168.619995,54.369999,23.379999,55.389999
14/3/2019,57.992001,38.82,165.559998,53.439999,22.82,55.400002
15/3/2019,55.085999,39.650002,169.809998,54.330002,23.290001,56.599998
18/3/2019,53.897999,39.849998,168.949997,54.099998,23.25,56.830002
19/3/2019,53.493999,39.759998,175.710007,54.169998,26,56.970001
20/3/2019,54.720001,39.849998,174.399994,53.82,25.700001,57.16
21/3/2019,54.804001,41.040001,183.940002,54.639999,27.889999,57.77
22/3/2019,52.905998,40.43,177.5,53.259998,26.370001,56.82
25/3/2019,52.084,39.919998,173.779999,52.779999,25.969999,56.639999
26/3/2019,53.554001,40.400002,176.869995,53.439999,25.690001,58
27/3/2019,54.966,40.200001,176.5,53.16,24.889999,56.91
28/3/2019,55.723999,40.34,177.25,53.110001,25.059999,56.549999
29/3/2019,55.972,40.959999,179.559998,53.700001,25.52,57.029999
1/4/2019,57.835999,41.369999,182.279999,54.509998,26.360001,57.810001
2/4/2019,57.175999,41.27,183,54.360001,26.75,58.09
3/4/2019,58.362,41.790001,188.619995,55.48,29.02,57.68
4/4/2019,53.556,42.040001,188.259995,55.919998,29.09,57.860001
5/4/2019,54.992001,42.23,190.949997,55.599998,28.98,57.990002
8/4/2019,54.639999,42.389999,191.789993,55.68,28.530001,57.759998
9/4/2019,54.462002,42.209999,189.259995,55.32,27.24,57.439999
10/4/2019,55.212002,42.369999,192.100006,55.75,27.83,56.330002
11/4/2019,53.683998,42.099998,191.539993,55.799999,27.790001,55.900002
12/4/2019,53.540001,42.580002,190.009995,56.419998,27.85,56.950001
15/4/2019,53.276001,42.610001,184.699997,56.279999,27.33,57.18
16/4/2019,54.672001,43.009998,188.210007,56.709999,27.93,70.449997
17/4/2019,54.245998,44.389999,187.289993,58.560001,27.49,79.080002
18/4/2019,54.652,45.400002,186.300003,58.490002,27.68,79.889999
22/4/2019,52.549999,45.150002,188.470001,58.82,28.18,81.970001
23/4/2019,52.779999,45.419998,190.669998,58.779999,27.969999,86.720001
24/4/2019,51.731998,45.41,191.169998,58.720001,28.459999,86.830002
25/4/2019,49.526001,44.48,186.910004,57.610001,27.66,85.07
26/4/2019,47.028,43.939999,178.089996,52.43,27.879999,86.639999
29/4/2019,48.293999,43.830002,179.330002,51.110001,27.690001,87.25
30/4/2019,47.737999,43.82,181,51.040001,27.629999,86.129997
1/5/2019,46.801998,43.82,180.470001,50.759998,26.809999,86.370003
2/5/2019,48.82,44.400002,183.190002,50.549999,28.290001,87.139999
3/5/2019,51.006001,44.709999,183.009995,51.75,28.219999,89.290001
6/5/2019,51.068001,43.759998,179.850006,51.220001,27.42,88.25
7/5/2019,49.411999,43.759998,173.110001,50.48,26.66,85.199997
8/5/2019,48.967999,43.700001,173.919998,49.240002,27.09,84.540001
9/5/2019,48.396,43.25,170.190002,46.619999,27.209999,83.779999
10/5/2019,47.903999,42.830002,168.820007,46.200001,27.959999,85.839996
13/5/2019,45.402,40.990002,158.449997,44.759998,26.24,83.889999
14/5/2019,46.462002,41.970001,162.039993,45.169998,27.32,86.129997
15/5/2019,46.389999,41.970001,159.580002,45.619999,27.58,86.260002
16/5/2019,45.666,41.529999,160.190002,45.529999,28.01,82.809998
17/5/2019,42.206001,40.25,156.529999,44.889999,27.5,81.5
20/5/2019,41.071999,38.66,151.75,43.560001,26.68,76.620003
21/5/2019,41.015999,39.299999,155.059998,44.459999,27.35,77.75
22/5/2019,38.546001,38.900002,152.199997,44,27.41,69.309998
23/5/2019,39.098,38.07,147.320007,44.529999,26.360001,68.260002
24/5/2019,38.125999,38.200001,145.149994,44.57,26.440001,66.209999
28/5/2019,37.740002,37.650002,143.330002,43.57,29.049999,65.370003
29/5/2019,37.972,37.689999,140.339996,44.23,28.09,65.760002
30/5/2019,37.644001,38.040001,139.110001,44.73,28.030001,66.589996
31/5/2019,37.032001,38.349998,135.460007,44.040001,27.41,66.82
3/6/2019,35.793999,38.82,133.779999,43.459999,27.58,66.660004
4/6/2019,38.720001,39.060001,143,44.790001,29.57,68.449997
5/6/2019,39.318001,38.23,141.279999,44.549999,29.5,67.019997
6/6/2019,41.189999,38.439999,143.779999,45.099998,31.82,67.589996
7/6/2019,40.900002,38.82,145.5,46.029999,32.41,68.690002
10/6/2019,42.576,39.619999,148.429993,46.799999,33.23,70.540001
11/6/2019,43.419998,39.959999,150.75,46.849998,32.41,71.239998
12/6/2019,41.852001,39.459999,146.199997,46.32,32.18,69.589996
13/6/2019,42.782001,39.450001,148.259995,46.700001,31.389999,69.93
14/6/2019,42.984001,37.84,144.639999,46.189999,30.360001,68.720001
17/6/2019,45.006001,37.66,145.029999,46.130001,29.200001,69.110001
18/6/2019,44.948002,39.209999,152.880005,47.369999,30.450001,71.959999
19/6/2019,45.285999,39.400002,153.119995,47.07,30.5,71.800003
20/6/2019,43.924,40.509998,154.100006,47.189999,30.01,72.739998
21/6/2019,44.372002,40.52,151.759995,47.459999,29.1,72.720001
24/6/2019,44.728001,39.98,152.660004,47.630001,29.26,73.160004
25/6/2019,43.952,38.919998,151.479996,46.849998,28.860001,72.550003
26/6/2019,43.854,39.080002,159.259995,48.189999,29.92,74.949997
27/6/2019,44.568001,39.59,163.229996,47.459999,30.74,75.43
28/6/2019,44.692001,39.169998,164.229996,47.869999,30.370001,76.07
1/7/2019,45.433998,41.380001,166.169998,48.049999,31.200001,77.519997
2/7/2019,44.91,40.799999,162.229996,48.119999,31.24,77.010002
3/7/2019,46.98,40.330002,162.75,48.52,31.190001,76.629997
5/7/2019,46.619999,39.93,160.229996,48.080002,31.5,76.660004
8/7/2019,46.068001,39.32,157.210007,47.82,32.040001,76.629997
9/7/2019,46.012001,39.669998,157.309998,47.75,33.150002,76.550003
10/7/2019,47.784,40.709999,160.059998,48.209999,33.790001,74.360001
11/7/2019,47.720001,40.900002,166.279999,48.599998,33.060001,73.709999
12/7/2019,49.015999,41.23,167.610001,49.919998,33.209999,74.900002
15/7/2019,50.700001,41.82,167.270004,50.119999,34.389999,75.43
16/7/2019,50.476002,41.77,167.080002,49.169998,33.849998,75.669998
17/7/2019,50.972,41.630001,169.710007,49.389999,33.599998,75.760002
18/7/2019,50.708,43.189999,170.179993,49.939999,33,74.370003
19/7/2019,51.636002,43.830002,168.440002,50.27,32.509998,75
22/7/2019,51.136002,44.599998,171.320007,51.349998,32.849998,75.949997
23/7/2019,52.034,44.419998,175.660004,51.75,33.490002,74.120003
24/7/2019,52.976002,44.540001,178.660004,52.919998,34.110001,75.870003
25/7/2019,45.764,43.619999,173.380005,52.16,33.669998,75.349998
26/7/2019,45.608002,43.459999,175.070007,51.59,34.02,75.220001
29/7/2019,47.153999,43.939999,174.820007,52.509998,33.48,74.970001
30/7/2019,48.452,43.110001,175.449997,51.700001,33.869999,74.809998
31/7/2019,48.321999,42.630001,168.720001,50.549999,30.450001,73.160004
1/8/2019,46.77,41.869999,164.919998,49.5,29.860001,71.199997
2/8/2019,46.868,41.650002,161.190002,48.68,29.440001,71.150002
5/8/2019,45.664001,39.869999,150.789993,46.970001,27.99,68.800003
6/8/2019,46.150002,41.259998,152.350006,46.959999,28.860001,68.169998
7/8/2019,46.683998,41.259998,153.889999,46.73,29.190001,69.400002
8/8/2019,47.66,41.900002,158.259995,47.169998,33.919998,71.260002
9/8/2019,47.001999,41.41,154.179993,45.98,34.189999,71.5
12/8/2019,45.801998,40.959999,151.449997,45.599998,32.43,69.800003
13/8/2019,47,41.84,156.050003,46.84,32.110001,72.18
14/8/2019,43.924,40.43,150.070007,45.869999,30.24,70.879997
15/8/2019,43.127998,40.860001,148.770004,45.700001,29.67,71.160004
16/8/2019,43.987999,41.540001,159.559998,46.5,31.18,73.279999
19/8/2019,45.366001,41.779999,170.779999,47.23,31.48,74.870003
20/8/2019,45.172001,41.939999,167.869995,46.599998,30.719999,76.07
21/8/2019,44.166,42.580002,171.229996,47.150002,31.700001,76.699997
22/8/2019,44.43,42.130001,171.479996,46.779999,31.9,77.150002
23/8/2019,42.279999,40.950001,162.440002,44.959999,29.540001,73.519997
26/8/2019,43,41.34,165.449997,45.560001,30.280001,72.910004
27/8/2019,42.816002,41.349998,161.800003,45.790001,30.200001,73.970001
28/8/2019,43.118,41.650002,161.220001,45.790001,30.780001,74.349998
29/8/2019,44.341999,42.279999,167,46.869999,31.450001,76.449997
30/8/2019,45.122002,42.630001,167.509995,47.41,31.450001,77.769997
3/9/2019,45.001999,41.720001,164.169998,46.98,30.9,75.120003
4/9/2019,44.136002,43.150002,168.759995,48.919998,30.950001,77.089996
5/9/2019,45.916,44.240002,179.740005,50.099998,31.5,78.989998
6/9/2019,45.490002,43.709999,178.649994,50.919998,30.559999,78.839996
9/9/2019,46.358002,43.849998,180.5,51.59,30.5,78.209999
10/9/2019,47.108002,44.099998,183.179993,51.82,30.23,78.709999
11/9/2019,49.419998,44.220001,184.330002,52.790001,29.76,79.900002
12/9/2019,49.174,44.07,184.270004,53.009998,30.209999,79.080002
13/9/2019,49.040001,44.740002,181.940002,52.540001,30.690001,78.410004
16/9/2019,48.562,44.599998,180.210007,52.200001,30.83,78.040001
17/9/2019,48.958,45.130001,181.070007,51.950001,30.99,78.690002
18/9/2019,48.698002,45.040001,179.979996,51.740002,30.42,78.900002
19/9/2019,49.32,44.900002,176.940002,51.57,30.290001,78.230003
20/9/2019,48.124001,43.869999,172.690002,50.720001,30.049999,76.440002
23/9/2019,48.245998,44.07,174.839996,50.900002,30.639999,77.239998
24/9/2019,44.641998,44.119999,172.529999,49.82,29.52,75.230003
25/9/2019,45.740002,45.009998,178.229996,51.02,29.540001,77.260002
26/9/2019,48.512001,46.459999,177.339996,50.919998,29.469999,77.349998
27/9/2019,48.425999,45.509998,171.759995,50.779999,28.719999,76.629997
30/9/2019,48.174,46.48,174.070007,51.529999,28.99,76.279999
1/10/2019,48.938,47.189999,174,50.759998,28.76,75.470001
2/10/2019,48.625999,46.43,173.039993,49.389999,28.309999,73.989998
3/10/2019,46.605999,47.130001,181.309998,50.029999,28.68,75.730003
4/10/2019,46.285999,47.419998,181.970001,50.919998,29.01,77.489998
7/10/2019,47.543999,47.950001,184.330002,50.619999,28.93,76.339996
8/10/2019,48.009998,47.860001,177.229996,49.73,28.23,72.849998
9/10/2019,48.905998,48.68,180.710007,50.48,28.459999,74.349998
10/10/2019,48.948002,48.93,183.029999,51.110001,28.379999,74.970001
11/10/2019,49.577999,49.419998,185.990005,52.09,29.75,76.699997
14/10/2019,51.391998,49.91,186.529999,51.639999,30.530001,76.300003
15/10/2019,51.577999,50.389999,196.369995,52.650002,30.719999,77.82
16/10/2019,51.950001,50.130001,194.210007,52.450001,30.809999,78.230003
17/10/2019,52.394001,49.75,194.289993,51.860001,31.139999,78.970001
18/10/2019,51.389999,49.279999,190.490005,51.360001,30.969999,77.68
21/10/2019,50.700001,50,196.009995,52.130001,32.029999,78.980003
22/10/2019,51.116001,50.639999,195.610001,52.009998,31.51,78.470001
23/10/2019,50.936001,50.169998,195.089996,51.720001,31.360001,77.239998
24/10/2019,59.936001,50.950001,196.860001,52.23,31.719999,78.989998
25/10/2019,65.625999,51.130001,204.539993,56.459999,32.709999,80.169998
28/10/2019,65.542,51.310001,206.789993,56.759998,33.689999,83.050003
29/10/2019,63.243999,51.470001,202.919998,56.34,33.029999,81.660004
30/10/2019,63.001999,51.91,203,56.599998,33.130001,81.440002
31/10/2019,62.984001,51.630001,201.020004,56.529999,33.93,80.440002
1/11/2019,62.661999,52.099998,202.589996,56.509998,34.889999,83.580002
4/11/2019,63.493999,53.490002,210.5,57.610001,36.290001,85.089996
5/11/2019,63.444,53.549999,209.610001,57.549999,36.150002,85.459999
6/11/2019,65.316002,53.639999,207.630005,57.599998,35.93,84.629997
7/11/2019,67.108002,53.669998,208.339996,58.049999,36.279999,89.980003
8/11/2019,67.428001,52.830002,207.779999,58.27,36.290001,94.029999
11/11/2019,69.017998,52.599998,208.179993,58.349998,36.310001,91.839996
12/11/2019,69.986,52.150002,209.610001,58.200001,36.709999,90.970001
13/11/2019,69.222,52.880001,208.570007,57.889999,37.52,90.470001
14/11/2019,69.870003,52.48,209.789993,57.810001,38.349998,90.480003
15/11/2019,70.433998,53.290001,204.190002,57.959999,38.560001,90.809998
18/11/2019,69.998001,53.419998,212.279999,58.25,39.880001,90.480003
19/11/2019,71.903999,53.759998,207.990005,58.349998,41.290001,87.959999
20/11/2019,70.444,53.5,211.179993,57.900002,40.98,85.620003
21/11/2019,70.966003,52.98,210.179993,58.220001,39.52,85.110001
22/11/2019,66.608002,52.790001,210.889999,57.610001,39.150002,84.889999
25/11/2019,67.267998,53.759998,221.210007,58.810001,39.790001,85.290001
26/11/2019,65.783997,53.630001,217,58.900002,38.990002,84.629997
27/11/2019,66.258003,53.889999,218.240005,58.509998,39.41,84.800003
29/11/2019,65.987999,53.09,216.740005,58.049999,39.150002,83.550003
2/12/2019,66.973999,52.98,209.25,57.66,38.73,82.449997
3/12/2019,67.239998,52.779999,207.660004,56.07,38.900002,80.580002
4/12/2019,66.606003,53.18,209.419998,56.02,39.689999,82.080002
5/12/2019,66.073997,54.400002,208.740005,56.080002,39.619999,82.589996
6/12/2019,67.178001,54.939999,212.169998,56.810001,39.630001,83.82
9/12/2019,67.905998,54.459999,212.169998,56.529999,38.93,84.919998
10/12/2019,69.767998,54.52,213.979996,56.59,39.439999,84.120003
11/12/2019,70.540001,55.900002,217.339996,57.07,39.470001,86.989998
12/12/2019,71.935997,58.610001,224.070007,57.549999,42.59,89.050003
13/12/2019,71.678001,58.25,223.990005,57.790001,41.150002,87.830002
16/12/2019,76.300003,58.540001,225.149994,57.700001,42.349998,88.43
17/12/2019,75.797997,59.23,228.289993,57.299999,42.77,88.32
18/12/2019,78.629997,59.099998,229.509995,57.169998,42.299999,87.980003
19/12/2019,80.807999,57.959999,235.460007,57.959999,42.830002,88.489998
20/12/2019,81.117996,57.93,239.369995,58.950001,44.150002,88.849998
23/12/2019,83.844002,58.220001,238.820007,59.23,45.459999,88.449997
24/12/2019,85.050003,57.759998,238.619995,59.41,46.540001,88.769997
26/12/2019,86.188004,58.25,239.190002,59.82,46.630001,88.400002
27/12/2019,86.075996,58.459999,236.869995,60.080002,46.18,88.800003
30/12/2019,82.940002,57.849998,232.320007,59.619999,45.52,88.43
31/12/2019,83.666,58.099998,235.300003,59.849998,45.860001,88.230003
2/1/2020,86.052002,60.040001,239.910004,60.84,49.099998,88.690002
3/1/2020,88.601997,58.060001,236.070007,60.099998,48.599998,87.019997
6/1/2020,90.307999,57.389999,237.059998,59.93,48.389999,86.510002
7/1/2020,93.811996,58.32,239.929993,58.93,48.25,88.970001
8/1/2020,98.428001,58.75,240.380005,58.970001,47.830002,88.709999
9/1/2020,96.267998,59.23,243.020004,59.299999,48.970001,89.910004
10/1/2020,95.629997,58.860001,244.320007,58.939999,48.169998,90.260002
13/1/2020,104.972,60.060001,251.979996,59.59,48.75,90.970001
14/1/2020,107.584,60.32,247.279999,59.43,48.209999,90.559998
15/1/2020,103.699997,58.389999,245.570007,58.939999,48.549999,89.669998
16/1/2020,102.697998,58.75,248.929993,59.66,49.77,91.790001
17/1/2020,102.099998,58.580002,249.279999,59.599998,50.93,95.910004
21/1/2020,109.440002,58.240002,247.940002,60.549999,51.049999,94.540001
22/1/2020,113.912003,58.349998,250.110001,62.73,51.43,92.970001
23/1/2020,114.440002,57.48,252.860001,63.32,51.709999,92
24/1/2020,112.963997,57.73,250.479996,68.470001,50.349998,89.650002
27/1/2020,111.603996,55.259998,240.199997,65.690002,49.259998,87.050003
28/1/2020,113.379997,57.09,247.970001,67.309998,50.529999,89.150002
29/1/2020,116.197998,57.189999,245.539993,66.330002,47.509998,88.230003
30/1/2020,128.162003,55.799999,245.809998,66.470001,48.779999,87.779999
31/1/2020,130.113998,53.939999,236.429993,63.93,47,85.309998
3/2/2020,156,54.77,240.330002,64.419998,48.02,86.480003
4/2/2020,177.412003,57.52,247.130005,65.459999,49.450001,88.93
5/2/2020,146.940002,57.919998,250.759995,67.339996,49.84,90.910004
6/2/2020,149.792007,58.02,254.25,67.089996,49.32,90.610001
7/2/2020,149.613998,56.200001,251.589996,66.019997,49.73,87.419998
10/2/2020,154.255997,57.02,262.970001,66.389999,52.259998,88.599998
11/2/2020,154.876007,58.66,267.890015,67.410004,53.799999,90
12/2/2020,153.457993,59.630001,272.540009,67.459999,53.889999,91.720001
13/2/2020,160.800003,59.330002,270.779999,67.440002,54.529999,90.029999
14/2/2020,160.005997,58.189999,289.790009,67.269997,55.310001,89.599998
18/2/2020,171.679993,56.18,296.570007,66.139999,56.889999,88.029999
19/2/2020,183.483994,57.639999,314.700012,67.110001,58.900002,90.559998
20/2/2020,179.882004,56.48,308.700012,65.449997,57.27,89.470001
21/2/2020,180.199997,55.59,294.070007,64.339996,53.279999,87.029999
24/2/2020,166.757996,54.119999,273.279999,61.759998,49.119999,83.32
25/2/2020,159.981995,53.860001,262.049988,59.73,47.57,80.220001
26/2/2020,155.759995,55.029999,267.649994,59.650002,47.490002,79.660004
27/2/2020,135.800003,53.290001,252.600006,55.830002,44.009998,75.940002
28/2/2020,133.598007,53.84,270.070007,55.52,45.48,78.300003
2/3/2020,148.723999,55.98,276.429993,58.18,47.459999,80.559998
3/3/2020,149.102005,54.880001,265.890015,55.970001,46.75,78.559998
4/3/2020,149.899994,57.080002,284.51001,58.68,50.110001,81.800003
5/3/2020,144.908005,55.73,273.290009,56.959999,48.110001,79.169998
6/3/2020,140.695999,55.07,266.040009,55.77,48.59,77.470001
9/3/2020,121.599998,51.830002,245.440002,50.849998,43.27,72.639999
10/3/2020,129.065994,54.509998,261.079987,53.98,45.380001,78.889999
11/3/2020,126.846001,52.240002,246.470001,51.66,45.700001,74.620003
12/3/2020,112.110001,48.689999,216.309998,45.540001,39.009998,67.019997
13/3/2020,109.323997,52.23,240.839996,54.43,43.900002,75.809998
16/3/2020,89.014,44.900002,196.399994,44.610001,38.709999,64.480003
17/3/2020,86.040001,48.540001,217.270004,50.080002,41.880001,68.860001
18/3/2020,72.244003,44.369999,202.820007,47.610001,39.119999,61.189999
19/3/2020,85.528,43.889999,212.970001,45.939999,39.82,65
20/3/2020,85.505997,44.529999,205.75,45.830002,39.610001,60.91
23/3/2020,86.858002,45.259998,212.690002,49.580002,41.639999,62.529999
24/3/2020,101,48.869999,249.179993,52.400002,46.220001,65.459999
25/3/2020,107.849998,49,245.619995,51.259998,44.630001,63.080002
26/3/2020,105.632004,49.869999,257.23999,55.540001,47.5,68.980003
27/3/2020,102.872002,46.91,252.729996,52.369999,46.580002,66.589996
30/3/2020,100.426003,47.82,265.589996,55.490002,47.860001,69.029999
31/3/2020,104.800003,47.790001,263.600006,54.119999,45.48,67.650002
1/4/2020,96.311996,46.509998,243.070007,51.880001,43.66,65.900002
2/4/2020,90.893997,48.130001,255.470001,54.349998,44.490002,68.019997
3/4/2020,96.001999,47.060001,243.910004,54.130001,42.59,65.230003
6/4/2020,103.248001,49.970001,268.399994,58.43,47.52,70.949997
7/4/2020,109.089996,49.720001,259.029999,58.400002,47.560001,72.730003
8/4/2020,109.767998,50.27,266.950012,58.98,48.790001,73.330002
9/4/2020,114.599998,48.330002,262.950012,57.139999,48.380001,71.580002
13/4/2020,130.190002,48.75,269.850006,58.700001,50.939999,73.300003
14/4/2020,141.977997,50.630001,283.950012,60.66,54.93,77.550003
15/4/2020,145.966003,49.66,280.839996,58.869999,54.990002,75.989998
16/4/2020,149.042007,52.400002,294.700012,60.790001,56.950001,76.849998
17/4/2020,150.778,53.689999,292.320007,60.360001,56.599998,76.169998
20/4/2020,149.272003,52.59,287.049988,59.18,56.970001,74.309998
21/4/2020,137.343994,51.369999,269.51001,56.360001,52.919998,71.839996
22/4/2020,146.421997,52.950001,286.149994,60.099998,55.919998,74.68
23/4/2020,141.126007,52.639999,284.01001,59.040001,55.900002,73.809998
24/4/2020,145.029999,52.73,289.589996,59.259998,56.18,76.040001
27/4/2020,159.75,53.509998,297.079987,59.470001,56.490002,75.980003
28/4/2020,153.824005,52.759998,291.359985,58.75,55.509998,75.290001
29/4/2020,160.102005,54.48,298.459991,61.799999,53.66,78.970001
30/4/2020,156.376007,53.130001,292.279999,59.98,52.389999,78.669998
1/5/2020,140.264008,51.099998,282.779999,57.470001,49.880001,75.639999
4/5/2020,152.238007,52.150002,291.290009,57.990002,52.560001,75.68
5/5/2020,153.641998,51.709999,293.73999,58.75,52.189999,77.629997
6/5/2020,156.516006,52.130001,297.790009,59.18,52.16,78.870003
7/5/2020,156.007996,52.330002,304.869995,59.169998,51.950001,78.830002
8/5/2020,163.884003,52.91,312.5,59.669998,53.189999,80.559998
11/5/2020,162.257996,52.400002,322.619995,60.130001,55.740002,80.480003
12/5/2020,161.882004,51.099998,312.100006,58.389999,53.759998,78.419998
13/5/2020,158.192001,50.919998,311.200012,57.740002,52.18,78
14/5/2020,160.666,52.099998,321.220001,59.080002,54.509998,79.870003
15/5/2020,159.834,49.799999,339.630005,58.279999,54.200001,75.769997
18/5/2020,162.725998,51.869999,350.01001,59.919998,54.59,79.940002
19/5/2020,161.602005,50.810001,352.220001,60.290001,55.470001,78.089996
20/5/2020,163.112,51.84,358.799988,63.099998,56.389999,80.629997
21/5/2020,165.520004,50.75,351.01001,61.98,54.650002,78
22/5/2020,163.376007,49.799999,361.049988,62.259998,55.169998,78.699997
26/5/2020,163.774002,50.82,348.709991,62.34,53.189999,78.019997
27/5/2020,164.046005,51.740002,341.01001,63.560001,52.740002,79.290001
28/5/2020,161.162003,50.279999,339.480011,61.700001,51.740002,78.110001
29/5/2020,167,50.330002,355.019989,62.93,53.799999,80.879997
1/6/2020,179.619995,51.029999,352.25,61.860001,53.630001,79.730003
2/6/2020,176.311996,52.009998,353.01001,62.119999,53.540001,84.629997
3/6/2020,176.591995,53.060001,350.779999,61.93,52.73,84.110001
4/6/2020,172.876007,54.279999,350.660004,62.970001,52.630001,86.040001
5/6/2020,177.132004,55.200001,356.799988,64.339996,53.099998,88.550003
8/6/2020,189.983994,55.57,352.200012,63.669998,52.970001,91.370003
9/6/2020,188.134003,56.610001,361.839996,63.040001,56.389999,89.75
10/6/2020,205.009995,57.549999,374.670013,63.869999,57.439999,91.010002
11/6/2020,194.567993,55.040001,351.850006,59.700001,52.830002,84.019997
12/6/2020,187.056,56,357.299988,59.330002,53.5,85.239998
15/6/2020,198.179993,56.02,366.950012,60.099998,54.68,86.389999
16/6/2020,196.425995,55.799999,362.73999,60.400002,54.459999,89.519997
17/6/2020,198.358002,56.599998,369.440002,60.490002,54.549999,89.940002
18/6/2020,200.792007,56.150002,368.720001,60.080002,54.040001,89.919998
19/6/2020,200.179993,55.310001,370.450012,59.619999,54.23,88.809998
22/6/2020,198.863998,56,381.070007,60.09,54.759998,89.129997
23/6/2020,200.356003,56.759998,378,59.919998,53.990002,89.349998
24/6/2020,192.169998,56.580002,369.420013,59.09,52.389999,89.139999
25/6/2020,197.195999,57.040001,379.600006,58.509998,51.93,88.959999
26/6/2020,191.947998,56.330002,366.200012,57.5,50.099998,88.019997
29/6/2020,201.869995,56.389999,368,58.27,50.279999,89.010002
30/6/2020,215.962006,56.77,379.910004,59.830002,52.610001,91.209999
1/7/2020,223.925995,56.82,381.200012,58.810001,52.580002,89.779999
2/7/2020,241.731995,58.619999,384.48999,59.130001,52.34,91.870003
6/7/2020,274.31601,61.880001,393.570007,59.540001,53.400002,92.919998
7/7/2020,277.971985,60.709999,394.869995,58.310001,52.93,92.139999
8/7/2020,273.175995,62.59,408.640015,58.610001,53.43,93.529999
9/7/2020,278.855988,64.779999,420.359985,58.419998,57.259998,93.25
10/7/2020,308.929993,63.849998,419.170013,59.529999,55.880001,92.510002
13/7/2020,299.411987,65.07,402.089996,58.580002,53.59,91.330002
14/7/2020,303.359985,66.959999,415.079987,58.98,54.720001,92.379997
15/7/2020,309.201996,66.059998,409.089996,59.029999,55.34,92.550003
16/7/2020,300.127991,66.589996,405.390015,59.139999,54.919998,91.199997
17/7/2020,300.167999,66.400002,408.059998,60,55.040001,92.230003
20/7/2020,328.600006,66.889999,420.429993,61.150002,57.459999,93.169998
21/7/2020,313.671997,67.809998,413.140015,60.700001,57,92.309998
22/7/2020,318.466003,68.529999,417.549988,61.049999,61.790001,92.599998
23/7/2020,302.614014,67.370003,405.190002,60.400002,59.57,89.669998
24/7/2020,283.399994,73.900002,407.779999,50.59,69.400002,88.889999
27/7/2020,307.920013,83.25,416.859985,49.57,68.970001,92.699997
28/7/2020,295.298004,76.919998,408.619995,49.240002,67.610001,91.449997
29/7/2020,299.821991,82.669998,418.619995,48.07,76.089996,93.029999
30/7/2020,297.497986,79.93,424.559998,47.990002,78.199997,107.190002
31/7/2020,286.152008,78.889999,424.589996,47.73,77.43,105.610001
3/8/2020,297,78.949997,440.410004,48.299999,77.669998,109.589996
4/8/2020,297.399994,80.190002,449.109985,49.130001,85.040001,110.949997
5/8/2020,297.003998,81.629997,451.470001,48.919998,85.309998,111.389999
6/8/2020,297.915985,80.519997,453.420013,48.57,86.709999,111.059998
7/8/2020,290.541992,80.029999,447.980011,48.029999,84.849998,108.25
10/8/2020,283.713989,79.870003,446.600006,49.220001,82.239998,106.360001
11/8/2020,274.877991,77.940002,434,48.189999,76.879997,108.830002
12/8/2020,310.951996,79.389999,457.609985,49.189999,82.610001,115.790001
13/8/2020,324.200012,78.300003,457.720001,48.560001,81.839996,113.410004
14/8/2020,330.141998,78.410004,462.559998,48.889999,81.300003,113.739998
17/8/2020,367.127991,80.190002,493.480011,48.93,82.419998,112.18
18/8/2020,377.417999,79.410004,490.429993,48.650002,81.660004,112.029999
19/8/2020,375.705994,78.540001,485.540009,48.330002,81.089996,111.040001
20/8/2020,400.365997,76.809998,485.640015,49.169998,82.769997,110.660004
21/8/2020,409.996002,78.339996,507.339996,49.279999,83.809998,113
24/8/2020,402.839996,78.900002,508.809998,49.139999,83.080002,115.910004
25/8/2020,404.667999,80.040001,510,49.43,86.349998,115.949997
26/8/2020,430.634003,81.75,510.920013,49.549999,86.019997,116.040001
27/8/2020,447.75,80.599998,505.130005,49.400002,83.800003,116.019997
28/8/2020,442.679993,80.440002,525.909973,50.43,85.550003,118.199997
31/8/2020,498.320007,79.25,534.97998,50.950001,90.82,119.099998
1/9/2020,475.049988,81.550003,552.840027,50.790001,92.18,122.010002
2/9/2020,447.369995,82.169998,573.859985,52.25,90.220001,123.18
3/9/2020,407,81.18,520.619995,50.389999,82.540001,116.43
4/9/2020,418.320007,78.910004,504.899994,50.080002,82.010002,115.970001
8/9/2020,330.209991,77.32,476.519989,48.91,78.690002,109.769997
9/9/2020,366.279999,79.400002,508.600006,49.619999,81.910004,114.019997
10/9/2020,371.339996,78.900002,492.470001,48.959999,78.980003,112.440002
11/9/2020,372.720001,78.82,486.579987,49.279999,76.339996,113.419998
14/9/2020,419.619995,80.5,514.890015,49.41,77.900002,113.459999
15/9/2020,449.76001,85.849998,519.640015,50,78.93,116.580002
16/9/2020,441.76001,83.129997,500.579987,50.369999,76.660004,114.559998
17/9/2020,423.429993,81.910004,498.540009,50.32,76.550003,114.879997
18/9/2020,442.149994,80.230003,487.570007,49.889999,74.93,110.690002
21/9/2020,449.390015,80.589996,500.690002,49.720001,77.940002,111.919998
22/9/2020,424.230011,80.480003,505.51001,49.950001,77.699997,113.82
23/9/2020,380.359985,77.919998,484.950012,48.82,74.730003,110.57
24/9/2020,387.790009,78.379997,493.920013,49.16,75.82,112.190002
25/9/2020,407.339996,78.879997,514.950012,49.939999,78.059998,114.5
28/9/2020,421.200012,79.769997,521.400024,51.43,79.480003,118.470001
29/9/2020,419.070007,80.510002,529.030029,51.189999,81.769997,117.379997
30/9/2020,429.01001,81.07,541.219971,51.779999,81.989998,117.68
1/10/2020,448.160004,82.620003,544.580017,52.240002,84.860001,119.519997
2/10/2020,415.089996,80.800003,522.48999,51.009998,81.800003,115.470001
5/10/2020,425.679993,84.540001,545.700012,51.689999,86.150002,120.519997
6/10/2020,413.980011,83.120003,549.460022,51.369999,84.480003,119.540001
7/10/2020,425.299988,86.919998,558.559998,52.669998,86.690002,123.029999
8/10/2020,425.920013,87.800003,553.549988,53.369999,86.510002,122.339996
9/10/2020,434,88.779999,550.51001,52.82,83.099998,124.870003
12/10/2020,442.299988,90.910004,569.039978,53.880001,84.290001,126.690002
13/10/2020,446.649994,89.639999,569.929993,53.830002,85.279999,127.459999
14/10/2020,461.299988,88.599998,563.809998,53.549999,84.209999,129.880005
15/10/2020,448.880005,88.150002,558.799988,53.849998,83.129997,128.580002
16/10/2020,439.670013,86.699997,552.460022,54.16,83.169998,129.029999
19/10/2020,430.829987,87.559998,539.909973,54.580002,82,128.419998
20/10/2020,421.940002,88.260002,545.820007,53.43,81.559998,128.300003
21/10/2020,422.640015,87.639999,540.98999,53.5,79.199997,128.550003
22/10/2020,425.790009,88.209999,534.440002,53.900002,79.419998,128.380005
23/10/2020,420.630005,88.309998,543.609985,48.200001,81.959999,128.880005
26/10/2020,420.279999,86.730003,525.650024,46.720001,82.230003,126.199997
27/10/2020,424.679993,86.709999,535.869995,45.639999,78.879997,125.910004
28/10/2020,406.019989,83.849998,505.079987,44.25,76.400002,121.580002
29/10/2020,410.829987,84.889999,520.960022,44.110001,78.019997,126.440002
30/10/2020,388.040009,83.870003,501.359985,44.279999,75.290001,123.360001
2/11/2020,400.51001,85.709999,503.230011,44.459999,74.699997,123.970001
3/11/2020,423.899994,87.690002,520.780029,44.849998,76.580002,125.449997
4/11/2020,420.980011,89.449997,551.77002,45.700001,81.349998,128.970001
5/11/2020,438.089996,90.43,566.400024,45.68,83,145.410004
6/11/2020,429.950012,91.410004,582.47998,45.389999,85.879997,145.009995
9/11/2020,421.26001,89.029999,545.22998,45.599998,83.120003,142.610001
10/11/2020,410.359985,87.660004,510.799988,45.439999,77.989998,140.110001
11/11/2020,417.130005,90.879997,536.719971,46.349998,81.279999,147.690002
12/11/2020,411.76001,89.82,538.27002,44.950001,81.839996,143.910004
13/11/2020,408.5,93.220001,531.880005,45.459999,81.43,144.259995
16/11/2020,408.089996,99.269997,540.609985,46.189999,83.730003,149.070007
17/11/2020,441.609985,95.709999,536.890015,45.529999,83.360001,148.740005
18/11/2020,486.640015,96.93,537.150024,45.060001,82.540001,147.050003
19/11/2020,499.269989,96.610001,537.609985,45.619999,85.540001,147.529999
20/11/2020,489.609985,95.330002,523.51001,45.389999,84.639999,146.029999
23/11/2020,521.849976,98.129997,525.599976,46.060001,85.309998,143.820007
24/11/2020,555.380005,96.639999,518.309998,47.009998,85.07,145.929993
25/11/2020,574,97.489998,529.390015,47.049999,86.709999,144.080002
27/11/2020,585.76001,98.739998,530.450012,47.450001,87.190002,143.830002
30/11/2020,567.599976,97.019997,536.059998,48.349998,92.660004,147.169998
1/12/2020,584.76001,100.860001,535.599976,49.560001,92.629997,151.259995
2/12/2020,568.820007,99.540001,541.780029,49.900002,93.739998,149.979996
3/12/2020,593.380005,99.5,535.840027,50.990002,92.309998,149.910004
4/12/2020,599.039978,103.730003,542.330017,51.990002,94.040001,157.619995
7/12/2020,641.76001,106.389999,544.27002,50.200001,94.07,158.020004
8/12/2020,649.880005,105.639999,534,50.689999,92.919998,158.800003
9/12/2020,604.47998,104.419998,517.22998,50.07,89.830002,156.020004
10/12/2020,627.070007,104.230003,518.890015,50.259998,91.660004,155.75
11/12/2020,609.98999,104.029999,520.530029,49.73,91.650002,144.279999
14/12/2020,639.830017,103.559998,532.349976,50.470001,94.779999,146.289993
15/12/2020,633.25,105.089996,534.419983,50.669998,97.120003,148.360001
16/12/2020,622.77002,105.199997,529.700012,51.119999,96.849998,149.740005
17/12/2020,655.900024,103.900002,533.650024,50.650002,96.839996,149.529999
18/12/2020,695,104.279999,530.880005,47.459999,95.919998,147.419998
21/12/2020,649.859985,104.830002,533.289978,46.360001,93.230003,146.800003
22/12/2020,640.340027,103.940002,531.130005,46.169998,93.160004,146.339996
23/12/2020,645.97998,103.760002,520.369995,46.57,91.550003,146.960007
24/12/2020,661.77002,105.970001,519.75,47.07,91.809998,148.789993
28/12/2020,663.690002,106.150002,516,47.07,91.599998,147.740005
29/12/2020,665.98999,105.559998,517.72998,49.389999,90.620003,148.490005
30/12/2020,694.780029,108.900002,525.830017,48.75,92.290001,149.949997
31/12/2020,705.669983,109.040001,522.200012,49.82,91.709999,152.339996
4/1/2021,729.77002,111.699997,524.539978,49.669998,92.300003,148.5
5/1/2021,735.109985,112.769997,536.190002,50.610001,92.769997,152.429993
6/1/2021,755.97998,115.610001,504.579987,51.099998,90.330002,151.190002
7/1/2021,816.039978,121.43,533.76001,52.189999,95.160004,155.699997
8/1/2021,880.02002,118.690002,531.070007,51.650002,94.580002,156.639999
11/1/2021,811.190002,122.599998,544.859985,51.540001,97.25,156.110001
12/1/2021,849.440002,123,539.390015,53.240002,95.360001,154.449997
13/1/2021,854.409973,119.230003,541.27002,56.950001,91.779999,157.419998
14/1/2021,845,126.449997,528.01001,59.25,90.790001,160.850006
15/1/2021,826.159973,125.230003,514.380005,57.580002,88.209999,157.089996
19/1/2021,844.549988,131.300003,521.01001,57.990002,89.449997,163.770004
20/1/2021,850.450012,130.639999,534.630005,58.669998,88.75,164.600006
21/1/2021,844.98999,134.160004,554.700012,62.459999,91.529999,164.75
22/1/2021,846.640015,129.139999,548.5,56.66,92.790001,162.419998
25/1/2021,880.799988,130.520004,546.130005,55.439999,94.129997,164.399994
26/1/2021,883.090027,126.650002,537.409973,55.209999,94.709999,162.550003
27/1/2021,864.159973,121.739998,516.710022,53.59,88.839996,153.669998
28/1/2021,835.429993,125.830002,522.039978,56.07,87.519997,155.550003
29/1/2021,793.530029,121.519997,519.590027,55.509998,85.639999,156.279999
1/2/2021,839.809998,126.660004,529.47998,56.689999,87.660004,161.580002
2/2/2021,872.789978,128.440002,542.27002,58,88.860001,164.779999
3/2/2021,854.690002,127.5,541.219971,57.68,87.889999,162.300003
4/2/2021,849.98999,128.149994,546.570007,58.790001,87.839996,147.970001
5/2/2021,852.22998,127.779999,543.640015,58.18,87.900002,145.839996
8/2/2021,863.419983,132.550003,577.549988,59.16,91.470001,147.380005
9/2/2021,849.460022,132.679993,570.530029,58.779999,90.910004,146.110001
10/2/2021,804.820007,133.690002,590.570007,58.860001,92.349998,145.5
11/2/2021,811.659973,139.160004,610.030029,60.66,92.660004,145.559998
12/2/2021,816.119995,138.059998,598.450012,61.810001,93.769997,147.979996
16/2/2021,796.219971,140.050003,613.210022,62.470001,91.459999,147.160004
17/2/2021,798.150024,136.270004,596.23999,61.849998,89.940002,144.75
18/2/2021,787.380005,134.630005,593.159973,61.610001,88.639999,143.910004
19/2/2021,781.299988,136.660004,597.059998,63.009998,89.580002,144.940002
22/2/2021,714.5,133.570007,574.22998,60.709999,85.370003,139.460007
23/2/2021,698.840027,129.100006,565.679993,61.119999,84.739998,137.119995
24/2/2021,742.02002,132.300003,579.960022,63.189999,86.940002,141.100006
25/2/2021,682.219971,126,532.299988,60.400002,82.419998,135.529999
26/2/2021,675.5,125.940002,548.580017,60.779999,84.510002,136.190002
1/3/2021,718.429993,129.130005,553.669983,62.880001,86.389999,139.490005
2/3/2021,686.440002,126,536.25,61.240002,84.129997,137.039993
3/3/2021,653.200012,122.889999,512.190002,59.900002,80.860001,131.660004
4/3/2021,621.440002,115.589996,494.809998,58.330002,77.75,127.800003
5/3/2021,597.950012,120.800003,498.459991,60.740002,78.519997,129.75
8/3/2021,563,113.93,463.730011,59.849998,73.959999,123.199997
9/3/2021,673.580017,116.379997,500.809998,62.669998,78.529999,129.110001
10/3/2021,668.059998,113.830002,498.730011,62.25,77.519997,127.870003
11/3/2021,699.599976,120.580002,519.73999,63.310001,81.230003,131.740005
12/3/2021,693.72998,118.300003,514.23999,62.900002,81.050003,129.979996
15/3/2021,707.940002,119.080002,527.650024,63.790001,82.5,131.639999
16/3/2021,676.880005,119.349998,531.650024,64.779999,82.75,133.649994
17/3/2021,701.809998,118.760002,533.650024,65.779999,82.629997,133.919998
18/3/2021,653.159973,114.5,508.899994,63.73,78.120003,129.75
19/3/2021,654.869995,113.629997,513.830017,63.759998,79.059998,131.020004
22/3/2021,670,117.18,527.450012,65.629997,80.300003,134.089996
23/3/2021,662.159973,114.889999,522.830017,63.48,78.379997,132.520004
24/3/2021,630.27002,108.959999,505.720001,62.040001,76.480003,127.18
25/3/2021,640.390015,110.449997,501.410004,62.02,76.220001,127.279999
26/3/2021,618.710022,116.559998,513.570007,64.870003,77.410004,132.990005
29/3/2021,611.289978,114.389999,517.929993,64.5,77.139999,131.270004
30/3/2021,635.619995,115.07,514.869995,63.77,76,130.110001
31/3/2021,667.929993,118.279999,533.929993,64,78.5,132.589996
1/4/2021,661.75,124.800003,552.469971,64.550003,81.089996,137.789993
5/4/2021,691.049988,124.5,559.5,66.540001,81.43,140.330002
6/4/2021,691.619995,122.440002,554.460022,65.559998,81.440002,138.059998
7/4/2021,670.969971,119.889999,565.73999,66.25,82.199997,139.429993
8/4/2021,683.799988,123.43,572.679993,67.050003,83.349998,140.339996
9/4/2021,677.02002,122.800003,576,68.260002,82.760002,140.570007
12/4/2021,701.97998,120.900002,608.359985,65.410004,78.580002,137.440002
13/4/2021,762.320007,121.269997,627.179993,65.220001,80.190002,137.300003
14/4/2021,732.22998,120.839996,611.080017,64.190002,78.550003,134.75
15/4/2021,738.849976,118.349998,645.48999,65.019997,83.010002,137.839996
16/4/2021,739.780029,118.839996,636.5,64.75,82.150002,138.210007
19/4/2021,714.630005,115.400002,614.469971,63.630001,81.110001,135.25
20/4/2021,718.98999,114.949997,606.849976,62.700001,79.269997,133.399994
21/4/2021,744.119995,117.400002,614.419983,63.700001,81.610001,136.190002
22/4/2021,719.690002,115.32,594.01001,62.57,79.059998,132.970001
23/4/2021,729.400024,118.639999,610.609985,59.240002,82.760002,135.429993
26/4/2021,738.200012,121.519997,619.119995,58.759998,85.410004,138.960007
27/4/2021,704.73999,121.269997,615.27002,57.970001,85.209999,138.009995
28/4/2021,694.400024,119.660004,611.070007,57.619999,84.019997,136.570007
29/4/2021,677,119.099998,612.98999,58.279999,83.910004,142.679993
30/4/2021,709.440002,116.739998,600.380005,57.529999,81.620003,138.800003
3/5/2021,684.900024,115.940002,593.469971,57.259998,78.550003,137.429993
4/5/2021,673.599976,115.360001,574.049988,56.900002,78.610001,134.119995
5/5/2021,670.940002,115.379997,578.340027,56.849998,77.830002,134.649994
6/5/2021,663.539978,117,580.919983,57.189999,77.889999,136
7/5/2021,672.369995,116.830002,592.48999,57.669998,78.809998,137.850006
10/5/2021,629.039978,112.309998,570.630005,55.970001,75.989998,128.940002
11/5/2021,617.200012,112.849998,572.25,55.040001,76.830002,128.369995
12/5/2021,589.890015,108.209999,550.340027,53.619999,74.639999,124.620003
13/5/2021,571.690002,108.75,546.609985,54.009998,73.089996,127.110001
14/5/2021,589.73999,112.459999,569.719971,55.349998,74.589996,130.149994
17/5/2021,576.830017,109.800003,566.619995,55.330002,74.650002,129.800003
18/5/2021,577.869995,110.839996,560.630005,54.84,74.440002,128.910004
19/5/2021,563.460022,112.400002,562.630005,55.360001,76.230003,130.660004
20/5/2021,586.780029,113.279999,584.5,55.950001,78.059998,132.639999
21/5/2021,580.880005,111.849998,599.669983,56.080002,77.169998,131.460007
24/5/2021,606.440002,113.629997,624.47998,56.959999,77.440002,132.910004
25/5/2021,604.690002,114.279999,625.909973,56.869999,77.860001,133.75
26/5/2021,619.130005,116,628,56.919998,78.339996,133.089996
27/5/2021,630.849976,115.769997,619.52002,57.73,78.419998,133.639999
28/5/2021,625.219971,117.360001,649.780029,57.119999,80.080002,134.539993
1/6/2021,623.900024,118.510002,650.580017,56.889999,80.809998,133.940002
2/6/2021,605.119995,118.949997,671.130005,57.48,81.970001,133.820007
3/6/2021,572.840027,116.82,678.789978,56.240002,80.279999,131.779999
4/6/2021,599.049988,119.510002,703.130005,57.369999,81.580002,134.339996
7/6/2021,605.130005,118.220001,704.76001,57.09,81.349998,133.320007
8/6/2021,603.590027,115.919998,698.280029,57,80.889999,134.199997
9/6/2021,598.780029,117.129997,694.330017,57,79.959999,132.889999
10/6/2021,610.119995,118.239998,697,57.380001,81.559998,134.220001
11/6/2021,609.890015,118.25,713.01001,57.849998,81.309998,134.619995
14/6/2021,617.690002,120.989998,720.75,58.189999,81.550003,137.309998
15/6/2021,599.359985,119.449997,711.539978,57.990002,80.470001,135.580002
16/6/2021,604.869995,118.019997,712.409973,57.220001,80.110001,134.949997
17/6/2021,616.599976,119.120003,746.289978,57.18,84.559998,135.350006
18/6/2021,623.309998,115.790001,745.549988,55.669998,84.650002,133
