Date,TWH
2014-07-01,10.7221
2014-07-02,8.33358
2014-07-03,7.56635
2014-07-04,7.47565
2014-07-05,7.29972
2014-07-06,7.11011
2014-07-07,7.02427
2014-07-08,6.42244
2014-07-09,6.60222
2014-07-10,6.66421
2014-07-11,6.60222
2014-07-12,6.63512
2014-07-13,6.77725
2014-07-14,6.71003
2014-07-15,6.79618
2014-07-16,6.68728
2014-07-17,6.86269
2014-07-18,6.99471
2014-07-19,7.15058
2014-07-20,7.11863
2014-07-21,7.24643
2014-07-22,7.1378
2014-07-23,7.15058
2014-07-24,6.96526
2014-07-25,6.91652
2014-07-26,6.7109
2014-07-27,6.77708
2014-07-28,6.82255
2014-07-29,6.94417
2014-07-30,7.19908
2014-07-31,7.34885
2014-08-01,7.38276
2014-08-02,7.58304
2014-08-03,7.58995
2014-08-04,7.43801
2014-08-05,7.34133
2014-08-06,7.28608
2014-08-07,7.32751
2014-08-08,7.38274
2014-08-09,7.58059
2014-08-10,7.80423
2014-08-11,8.2438
2014-08-12,8.57684
2014-08-13,8.49871
2014-08-14,8.70273
2014-08-15,8.76315
2014-08-16,8.58862
2014-08-17,8.53771
2014-08-18,8.65407
2014-08-19,8.79139
2014-08-20,9.22227
2014-08-21,9.36345
2014-08-22,9.54341
2014-08-23,9.81822
2014-08-24,9.86514
2014-08-25,9.62932
2014-08-26,8.4429
2014-08-27,7.16883
2014-08-28,5.93491
2014-08-29,4.76756
2014-08-30,3.57126
2014-08-31,2.5246
2014-09-01,1.51607
2014-09-02,1.51119
2014-09-03,1.54295
2014-09-04,1.55388
2014-09-05,1.54988
2014-09-06,1.57976
2014-09-07,1.56613
2014-09-08,1.57763
2014-09-09,1.57619
2014-09-10,1.55894
2014-09-11,1.57619
2014-09-12,1.58914
2014-09-13,1.59617
2014-09-14,1.62037
2014-09-15,1.6604
2014-09-16,1.71788
2014-09-17,1.783
2014-09-18,1.81848
2014-09-19,1.86446
2014-09-20,1.87527
2014-09-21,1.88465
2014-09-22,1.90029
2014-09-23,1.86745
2014-09-24,1.82053
2014-09-25,1.81617
2014-09-26,1.79225
2014-09-27,1.7605
2014-09-28,1.74026
2014-09-29,1.72648
2014-09-30,1.76993
2014-10-01,1.80764
2014-10-02,1.78283
2014-10-03,1.80464
2014-10-04,1.84099
2014-10-05,1.91187
2014-10-06,1.95548
2014-10-07,1.92095
2014-10-08,1.90096
2014-10-09,1.91998
2014-10-10,1.9391
2014-10-11,1.9235
2014-10-12,1.88799
2014-10-13,1.87985
2014-10-14,1.87858
2014-10-15,1.894
2014-10-16,1.89581
2014-10-17,1.87195
2014-10-18,1.90865
2014-10-19,1.88113
2014-10-20,1.84809
2014-10-21,1.88663
2014-10-22,1.90131
2014-10-23,1.91213
2014-10-24,1.95152
2014-10-25,1.943
2014-10-26,1.93476
2014-10-27,1.98333
2014-10-28,1.96292
2014-10-29,1.96356
2014-10-30,2.00189
2014-10-31,2.05661
2014-11-01,2.06415
2014-11-02,2.12076
2014-11-03,2.13962
2014-11-04,2.18491
2014-11-05,2.17541
2014-11-06,2.17443
2014-11-07,2.13119
2014-11-08,2.14889
2014-11-09,2.16791
2014-11-10,2.15429
2014-11-11,2.1165
2014-11-12,2.13879
2014-11-13,2.1201
2014-11-14,2.12841
2014-11-15,2.10141
2014-11-16,2.10141
2014-11-17,2.09518
2014-11-18,2.14782
2014-11-19,2.14051
2014-11-20,2.13102
2014-11-21,2.07959
2014-11-22,2.11428
2014-11-23,2.10285
2014-11-24,2.11445
2014-11-25,2.07286
2014-11-26,2.06441
2014-11-27,2.07075
2014-11-28,2.11512
2014-11-29,2.12146
2014-11-30,2.15949
2014-12-01,2.12357
2014-12-02,2.10875
2014-12-03,2.0221
2014-12-04,1.97946
2014-12-05,1.9395
2014-12-06,1.84731
2014-12-07,1.72955
2014-12-08,1.73987
2014-12-09,1.72407
2014-12-10,1.77128
2014-12-11,1.77478
2014-12-12,1.74855
2014-12-13,1.76428
2014-12-14,1.79051
2014-12-15,1.75205
2014-12-16,1.75379
2014-12-17,1.72495
2014-12-18,1.68862
2014-12-19,1.67834
2014-12-20,1.65414
2014-12-21,1.63523
2014-12-22,1.6715
2014-12-23,1.68014
2014-12-24,1.72279
2014-12-25,1.77281
2014-12-26,1.79867
2014-12-27,1.82971
2014-12-28,1.89352
2014-12-29,1.89352
2014-12-30,1.90432
2014-12-31,1.91045
2015-01-01,1.93106
2015-01-02,1.96201
2015-01-03,1.98763
2015-01-04,2.0017
2015-01-05,1.99597
2015-01-06,2.00715
2015-01-07,1.98583
2015-01-08,1.95386
2015-01-09,1.90945
2015-01-10,1.88281
2015-01-11,1.85261
2015-01-12,1.83168
2015-01-13,1.7951
2015-01-14,1.82509
2015-01-15,1.85418
2015-01-16,1.87263
2015-01-17,1.87674
2015-01-18,1.89546
2015-01-19,1.91604
2015-01-20,1.89874
2015-01-21,1.90643
2015-01-22,1.87568
2015-01-23,1.84685
2015-01-24,1.82379
2015-01-25,1.76998
2015-01-26,1.73731
2015-01-27,1.78969
2015-01-28,1.79918
2015-01-29,1.83556
2015-01-30,1.84619
2015-01-31,1.90348
2015-02-01,1.94286
2015-02-02,1.9856
2015-02-03,1.93553
2015-02-04,1.92652
2015-02-05,1.9175
2015-02-06,1.98785
2015-02-07,1.97522
2015-02-08,1.93373
2015-02-09,1.94638
2015-02-10,1.99707
2015-02-11,2.01725
2015-02-12,1.96165
2015-02-13,1.92603
2015-02-14,1.95009
2015-02-15,1.984
2015-02-16,1.98958
2015-02-17,1.99929
2015-02-18,2.01678
2015-02-19,2.1081
2015-02-20,2.13141
2015-02-21,2.09644
2015-02-22,2.1184
2015-02-23,2.10309
2015-02-24,2.07679
2015-02-25,2.07674
2015-02-26,2.06027
2015-02-27,2.06342
2015-02-28,2.07725
2015-03-01,2.06893
2015-03-02,2.10158
2015-03-03,2.16075
2015-03-04,2.12198
2015-03-05,2.08525
2015-03-06,2.07709
2015-03-07,2.07301
2015-03-08,2.10683
2015-03-09,2.08294
2015-03-10,2.07563
2015-03-11,2.1092
2015-03-12,2.11142
2015-03-13,2.11208
2015-03-14,2.09797
2015-03-15,2.07492
2015-03-16,2.06456
2015-03-17,2.01481
2015-03-18,2.01273
2015-03-19,2.02517
2015-03-20,2.00444
2015-03-21,2.0459
2015-03-22,2.04361
2015-03-23,2.05155
2015-03-24,2.13946
2015-03-25,2.15309
2015-03-26,2.17129
2015-03-27,2.23854
2015-03-28,2.22773
2015-03-29,2.246
2015-03-30,2.23987
2015-03-31,2.19291
2015-04-01,2.13166
2015-04-02,2.16841
2015-04-03,2.11736
2015-04-04,2.12757
2015-04-05,2.13263
2015-04-06,2.11499
2015-04-07,2.1372
2015-04-08,2.13781
2015-04-09,2.0863
2015-04-10,2.11668
2015-04-11,2.10683
2015-04-12,2.06599
2015-04-13,2.13083
2015-04-14,2.12434
2015-04-15,2.11786
2015-04-16,2.12866
2015-04-17,2.07248
2015-04-18,2.08544
2015-04-19,2.11817
2015-04-20,2.10149
2015-04-21,2.09786
2015-04-22,2.1505
2015-04-23,2.12278
2015-04-24,2.10851
2015-04-25,2.13217
2015-04-26,2.12246
2015-04-27,2.08709
2015-04-28,2.08709
2015-04-29,2.03507
2015-04-30,2.04339
2015-05-01,2.09333
2015-05-02,2.06004
2015-05-03,2.05385
2015-05-04,2.03531
2015-05-05,2.03761
2015-05-06,2.10859
2015-05-07,2.12336
2015-05-08,2.12774
2015-05-09,2.09047
2015-05-10,2.06562
2015-05-11,2.12809
2015-05-12,2.11976
2015-05-13,2.12184
2015-05-14,2.14891
2015-05-15,2.14267
2015-05-16,2.14891
2015-05-17,2.241
2015-05-18,2.21917
2015-05-19,2.18414
2015-05-20,2.15612
2015-05-21,2.16609
2015-05-22,2.15437
2015-05-23,2.11842
2015-05-24,2.06916
2015-05-25,2.06276
2015-05-26,2.09263
2015-05-27,2.0777
2015-05-28,2.02863
2015-05-29,2.06276
2015-05-30,2.11396
2015-05-31,2.1162
2015-06-01,2.08998
2015-06-02,2.09479
2015-06-03,2.09577
2015-06-04,2.10746
2015-06-05,2.06598
2015-06-06,2.1461
2015-06-07,2.14233
2015-06-08,2.19432
2015-06-09,2.1964
2015-06-10,2.25256
2015-06-11,2.24008
2015-06-12,2.2484
2015-06-13,2.20888
2015-06-14,2.21719
2015-06-15,2.20338
2015-06-16,2.14559
2015-06-17,2.13723
2015-06-18,2.19525
2015-06-19,2.21916
2015-06-20,2.17947
2015-06-21,2.13057
2015-06-22,2.15011
2015-06-23,2.19789
2015-06-24,2.19355
2015-06-25,2.18486
2015-06-26,2.20007
2015-06-27,2.18921
2015-06-28,2.22482
2015-06-29,2.19481
2015-06-30,2.20383
2015-07-01,2.15651
2015-07-02,2.1589
2015-07-03,2.17206
2015-07-04,2.22008
2015-07-05,2.22176
2015-07-06,2.31028
2015-07-07,2.28653
2015-07-08,2.34267
2015-07-09,2.29733
2015-07-10,2.28221
2015-07-11,2.27555
2015-07-12,2.27032
2015-07-13,2.2099
2015-07-14,2.24202
2015-07-15,2.23595
2015-07-16,2.24791
2015-07-17,2.24356
2015-07-18,2.25464
2015-07-19,2.29259
2015-07-20,2.31045
2015-07-21,2.2725
2015-07-22,2.27473
2015-07-23,2.28813
2015-07-24,2.33724
2015-07-25,2.35224
2015-07-26,2.34194
2015-07-27,2.33414
2015-07-28,2.36138
2015-07-29,2.3649
2015-07-30,2.35854
2015-07-31,2.32629
2015-08-01,2.33283
2015-08-02,2.34883
2015-08-03,2.36711
2015-08-04,2.36711
2015-08-05,2.32369
2015-08-06,2.34426
2015-08-07,2.31227
2015-08-08,2.32775
2015-08-09,2.3098
2015-08-10,2.33573
2015-08-11,2.39812
2015-08-12,2.38444
2015-08-13,2.39629
2015-08-14,2.41033
2015-08-15,2.35625
2015-08-16,2.34704
2015-08-17,2.30097
2015-08-18,2.2526
2015-08-19,2.3217
2015-08-20,2.32861
2015-08-21,2.38159
2015-08-22,2.44071
2015-08-23,2.44061
2015-08-24,2.46958
2015-08-25,2.46495
2015-08-26,2.48742
2015-08-27,2.4668
2015-08-28,2.45431
2015-08-29,2.45905
2015-08-30,2.49699
2015-08-31,2.50174
2015-09-01,2.54679
2015-09-02,2.47212
2015-09-03,2.42748
2015-09-04,2.3691
2015-09-05,2.28589
2015-09-06,2.22035
2015-09-07,2.15433
2015-09-08,2.06318
2015-09-09,2.05631
2015-09-10,2.12063
2015-09-11,2.12982
2015-09-12,2.10564
2015-09-13,2.11975
2015-09-14,2.11975
2015-09-15,2.16811
2015-09-16,2.154
2015-09-17,2.10187
2015-09-18,2.09207
2015-09-19,2.08243
2015-09-20,2.04686
2015-09-21,2.01766
2015-09-22,2.02482
2015-09-23,2.07035
2015-09-24,2.0718
2015-09-25,2.10748
2015-09-26,2.15366
2015-09-27,2.19774
2015-09-28,2.22083
2015-09-29,2.25652
2015-09-30,2.23552
2015-10-01,2.25818
2015-10-02,2.21082
2015-10-03,2.2142
2015-10-04,2.2306
2015-10-05,2.25959
2015-10-06,2.19984
2015-10-07,2.17531
2015-10-08,2.15997
2015-10-09,2.13416
2015-10-10,2.16643
2015-10-11,2.15137
2015-10-12,2.1277
2015-10-13,2.11694
2015-10-14,2.15782
2015-10-15,2.21398
2015-10-16,2.25306
2015-10-17,2.20177
2015-10-18,2.19998
2015-10-19,2.24987
2015-10-20,2.23083
2015-10-21,2.21398
2015-10-22,2.1754
2015-10-23,2.18617
2015-10-24,2.20556
2015-10-25,2.22709
2015-10-26,2.22494
2015-10-27,2.26586
2015-10-28,2.2551
2015-10-29,2.268
2015-10-30,2.32368
2015-10-31,2.33511
2015-11-01,2.33822
2015-11-02,2.32194
2015-11-03,2.34669
2015-11-04,2.38866
2015-11-05,2.37852
2015-11-06,2.32126
2015-11-07,2.33227
2015-11-08,2.30144
2015-11-09,2.29263
2015-11-10,2.27281
2015-11-11,2.31365
2015-11-12,2.36715
2015-11-13,2.42053
2015-11-14,2.41657
2015-11-15,2.48316
2015-11-16,2.55801
2015-11-17,2.58357
2015-11-18,2.55778
2015-11-19,2.49954
2015-11-20,2.51585
2015-11-21,2.59039
2015-11-22,2.61834
2015-11-23,2.59505
2015-11-24,2.64686
2015-11-25,2.67121
2015-11-26,2.80719
2015-11-27,2.76033
2015-11-28,2.7512
2015-11-29,2.73385
2015-11-30,2.77092
2015-12-01,2.80165
2015-12-02,2.8351
2015-12-03,2.74763
2015-12-04,2.79908
2015-12-05,2.85311
2015-12-06,2.88087
2015-12-07,2.87545
2015-12-08,2.93553
2015-12-09,2.99145
2015-12-10,3.23058
2015-12-11,3.2847
2015-12-12,3.28782
2015-12-13,3.2741
2015-12-14,3.40842
2015-12-15,3.43081
2015-12-16,3.41682
2015-12-17,3.24611
2015-12-18,3.28551
2015-12-19,3.3512
2015-12-20,3.4993
2015-12-21,3.4462
2015-12-22,3.42998
2015-12-23,3.49287
2015-12-24,3.51534
2015-12-25,3.56376
2015-12-26,3.61004
2015-12-27,3.74228
2015-12-28,3.74889
2015-12-29,3.77864
2015-12-30,3.80509
2015-12-31,3.84894
2016-01-01,3.8095
2016-01-02,3.77706
2016-01-03,3.63222
2016-01-04,3.79819
2016-01-05,3.84952
2016-01-06,3.82221
2016-01-07,3.86236
2016-01-08,4.002
2016-01-09,4.02405
2016-01-10,4.1343
2016-01-11,4.09388
2016-01-12,4.14165
2016-01-13,4.20257
2016-01-14,4.19569
2016-01-15,4.04916
2016-01-16,4.06368
2016-01-17,4.02609
2016-01-18,4.0951
2016-01-19,4.0037
2016-01-20,4.03415
2016-01-21,4.05019
2016-01-22,4.26674
2016-01-23,4.41511
2016-01-24,4.49531
2016-01-25,4.4512
2016-01-26,4.57838
2016-01-27,4.62703
2016-01-28,4.69762
2016-01-29,4.70948
2016-01-30,4.78574
2016-01-31,4.86861
2016-02-01,4.90264
2016-02-02,5.00647
2016-02-03,5.10839
2016-02-04,5.20181
2016-02-05,5.28249
2016-02-06,5.33769
2016-02-07,5.44766
2016-02-08,5.51855
2016-02-09,5.65152
2016-02-10,5.72755
2016-02-11,5.99304
2016-02-12,6.06654
2016-02-13,6.01261
2016-02-14,5.98037
2016-02-15,6.00076
2016-02-16,5.80702
2016-02-17,5.76114
2016-02-18,5.64388
2016-02-19,5.5593
2016-02-20,5.63152
2016-02-21,5.52552
2016-02-22,5.48511
2016-02-23,5.56813
2016-02-24,5.46037
2016-02-25,5.49524
2016-02-26,5.51773
2016-02-27,5.50038
2016-02-28,5.53508
2016-02-29,5.56978
2016-03-01,5.5987
2016-03-02,5.82427
2016-03-03,5.70859
2016-03-04,5.79356
2016-03-05,5.78403
2016-03-06,5.83849
2016-03-07,5.81466
2016-03-08,5.86226
2016-03-09,5.89578
2016-03-10,5.98369
2016-03-11,5.98573
2016-03-12,5.9521
2016-03-13,5.86803
2016-03-14,5.97452
2016-03-15,6.01375
2016-03-16,5.92408
2016-03-17,5.84562
2016-03-18,5.73136
2016-03-19,5.72054
2016-03-20,5.82992
2016-03-21,5.79182
2016-03-22,5.75597
2016-03-23,5.77642
2016-03-24,5.84682
2016-03-25,5.91912
2016-03-26,6.01865
2016-03-27,5.98938
2016-03-28,6.17087
2016-03-29,6.22356
2016-03-30,6.21186
2016-03-31,6.0772
2016-04-01,6.12398
2016-04-02,6.04867
2016-04-03,6.06133
2016-04-04,6.04587
2016-04-05,6.04159
2016-04-06,6.10766
2016-04-07,6.20214
2016-04-08,6.15055
2016-04-09,6.28631
2016-04-10,6.4693
2016-04-11,6.39256
2016-04-12,6.35124
2016-04-13,6.39256
2016-04-14,6.58657
2016-04-15,6.61521
2016-04-16,6.53129
2016-04-17,6.50885
2016-04-18,6.45277
2016-04-19,6.52733
2016-04-20,6.60227
2016-04-21,6.54227
2016-04-22,6.56755
2016-04-23,6.60548
2016-04-24,6.44113
2016-04-25,6.39689
2016-04-26,6.40321
2016-04-27,6.17565
2016-04-28,6.07445
2016-04-29,6.16916
2016-04-30,6.1817
2016-05-01,6.32698
2016-05-02,6.51651
2016-05-03,6.51641
2016-05-04,6.75649
2016-05-05,6.88287
2016-05-06,6.90815
2016-05-07,6.93343
2016-05-08,7.0156
2016-05-09,7.10408
2016-05-10,7.14833
2016-05-11,6.99192
2016-05-12,6.96748
2016-05-13,6.98814
2016-05-14,7.02966
2016-05-15,6.92306
2016-05-16,6.81124
2016-05-17,6.78159
2016-05-18,6.93393
2016-05-19,6.80336
2016-05-20,6.78274
2016-05-21,6.76212
2016-05-22,7.07137
2016-05-23,7.33938
2016-05-24,7.38419
2016-05-25,7.3058
2016-05-26,7.43303
2016-05-27,7.38918
2016-05-28,7.358
2016-05-29,7.13003
2016-05-30,6.9084
2016-05-31,6.7901
2016-06-01,6.82535
2016-06-02,6.59145
2016-06-03,6.35016
2016-06-04,6.0315
2016-06-05,5.87948
2016-06-06,5.7486
2016-06-07,5.58151
2016-06-08,5.31113
2016-06-09,5.43761
2016-06-10,5.43579
2016-06-11,5.61506
2016-06-12,5.4778
2016-06-13,5.41732
2016-06-14,5.36449
2016-06-15,5.4045
2016-06-16,5.32262
2016-06-17,5.34821
2016-06-18,5.35844
2016-06-19,5.5171
2016-06-20,5.53245
2016-06-21,5.66105
2016-06-22,5.58844
2016-06-23,5.59132
2016-06-24,5.53405
2016-06-25,5.61115
2016-06-26,5.50354
2016-06-27,5.46792
2016-06-28,5.47294
2016-06-29,5.56589
2016-06-30,5.62056
2016-07-01,5.76272
2016-07-02,5.69164
2016-07-03,5.73538
2016-07-04,5.75818
2016-07-05,5.75671
2016-07-06,5.73832
2016-07-07,5.68136
2016-07-08,5.64162
2016-07-09,5.65696
2016-07-10,5.68397
2016-07-11,5.65403
2016-07-12,5.64289
2016-07-13,5.58161
2016-07-14,5.60389
2016-07-15,5.54819
2016-07-16,5.59275
2016-07-17,5.55376
2016-07-18,5.58164
2016-07-19,5.49839
2016-07-20,5.61574
2016-07-21,5.3846
2016-07-22,5.17022
2016-07-23,4.84163
2016-07-24,4.52842
2016-07-25,4.24993
2016-07-26,4.07423
2016-07-27,3.77176
2016-07-28,3.78426
2016-07-29,3.85928
2016-07-30,3.80927
2016-07-31,3.9343
2016-08-01,4.02599
2016-08-02,4.12112
2016-08-03,4.24191
2016-08-04,4.27811
2016-08-05,4.33154
2016-08-06,4.48983
2016-08-07,4.43131
2016-08-08,4.37696
2016-08-09,4.23291
2016-08-10,4.17379
2016-08-11,4.16196
2016-08-12,4.08314
2016-08-13,4.07132
2016-08-14,4.13043
2016-08-15,4.1286
2016-08-16,4.21275
2016-08-17,4.13957
2016-08-18,4.20188
2016-08-19,4.26813
2016-08-20,4.28345
2016-08-21,4.33271
2016-08-22,4.42172
2016-08-23,4.47264
2016-08-24,4.5957
2016-08-25,4.49386
2016-08-26,4.4005
2016-08-27,4.35382
2016-08-28,4.30714
2016-08-29,4.27238
2016-08-30,4.35535
2016-08-31,4.28781
2016-09-01,4.33948
2016-09-02,4.43869
2016-09-03,4.37062
2016-09-04,4.49701
2016-09-05,4.46462
2016-09-06,4.34396
2016-09-07,4.42153
2016-09-08,4.43877
2016-09-09,4.39136
2016-09-10,4.51634
2016-09-11,4.4517
2016-09-12,4.5635
2016-09-13,4.70483
2016-09-14,4.73753
2016-09-15,4.79588
2016-09-16,4.79673
2016-09-17,4.84736
2016-09-18,4.77985
2016-09-19,4.65106
2016-09-20,4.58934
2016-09-21,4.63343
2016-09-22,4.57612
2016-09-23,4.56289
2016-09-24,4.57612
2016-09-25,4.78612
2016-09-26,4.92027
2016-09-27,5.041
2016-09-28,5.00612
2016-09-29,5.05791
2016-09-30,5.12704
2016-10-01,5.13454
2016-10-02,4.94928
2016-10-03,4.93986
2016-10-04,4.89748
2016-10-05,4.98695
2016-10-06,5.07171
2016-10-07,5.07642
2016-10-08,5.16535
2016-10-09,5.30884
2016-10-10,5.22356
2016-10-11,5.18102
2016-10-12,5.12133
2016-10-13,5.00915
2016-10-14,5.0221
2016-10-15,4.91049
2016-10-16,4.75908
2016-10-17,4.76413
2016-10-18,4.84488
2016-10-19,4.74899
2016-10-20,4.77927
2016-10-21,4.92058
2016-10-22,4.95255
2016-10-23,5.00942
2016-10-24,5.08657
2016-10-25,4.99252
2016-10-26,5.04491
2016-10-27,5.17071
2016-10-28,5.0956
2016-10-29,5.08468
2016-10-30,5.20351
2016-10-31,5.22331
2016-11-01,5.24806
2016-11-02,5.22331
2016-11-03,5.18865
2016-11-04,5.01042
2016-11-05,5.00161
2016-11-06,4.93034
2016-11-07,4.92824
2016-11-08,5.05532
2016-11-09,5.12751
2016-11-10,5.19516
2016-11-11,5.43105
2016-11-12,5.53721
2016-11-13,5.48253
2016-11-14,5.61177
2016-11-15,5.54715
2016-11-16,5.66644
2016-11-17,5.62171
2016-11-18,5.60127
2016-11-19,5.54738
2016-11-20,5.54571
2016-11-21,5.45544
2016-11-22,5.41719
2016-11-23,5.37589
2016-11-24,5.47676
2016-11-25,5.52318
2016-11-26,5.58369
2016-11-27,5.67171
2016-11-28,5.80924
2016-11-29,5.89175
2016-11-30,5.86425
2016-12-01,5.77623
2016-12-02,5.73942
2016-12-03,5.86061
2016-12-04,5.89696
2016-12-05,5.84568
2016-12-06,5.86572
2016-12-07,6.05862
2016-12-08,6.13435
2016-12-09,6.09072
2016-12-10,5.8668
2016-12-11,6.08513
2016-12-12,6.10752
2016-12-13,6.26427
2016-12-14,6.06833
2016-12-15,5.95609
2016-12-16,6.00562
2016-12-17,6.13854
2016-12-18,5.94541
2016-12-19,5.98636
2016-12-20,5.82544
2016-12-21,6.01
2016-12-22,6.20603
2016-12-23,6.32107
2016-12-24,6.27869
2016-12-25,6.424
2016-12-26,6.36951
2016-12-27,6.47849
2016-12-28,6.51568
2016-12-29,6.48325
2016-12-30,6.53661
2016-12-31,6.62498
2017-01-01,6.59344
2017-01-02,6.71975
2017-01-03,6.79231
2017-01-04,6.7413
2017-01-05,6.67928
2017-01-06,6.70409
2017-01-07,6.64207
2017-01-08,6.71029
2017-01-09,6.56765
2017-01-10,6.55035
2017-01-11,6.60773
2017-01-12,6.87069
2017-01-13,6.85873
2017-01-14,7.13409
2017-01-15,7.19672
2017-01-16,7.46476
2017-01-17,7.50411
2017-01-18,7.48438
2017-01-19,7.49754
2017-01-20,7.75403
2017-01-21,7.81322
2017-01-22,7.87349
2017-01-23,7.82064
2017-01-24,7.92452
2017-01-25,8.08101
2017-01-26,8.12569
2017-01-27,8.18679
2017-01-28,8.16242
2017-01-29,8.28492
2017-01-30,8.33095
2017-01-31,8.30027
2017-02-01,8.63013
2017-02-02,8.3814
2017-02-03,7.9697
2017-02-04,7.66969
2017-02-05,7.41167
2017-02-06,7.11131
2017-02-07,6.97058
2017-02-08,6.43713
2017-02-09,6.58424
2017-02-10,6.6377
2017-02-11,6.66607
2017-02-12,6.54381
2017-02-13,6.78832
2017-02-14,6.90414
2017-02-15,6.8591
2017-02-16,6.74328
2017-02-17,6.76902
2017-02-18,6.87232
2017-02-19,6.87172
2017-02-20,6.81718
2017-02-21,6.65686
2017-02-22,6.68956
2017-02-23,6.72567
2017-02-24,6.84912
2017-02-25,6.97334
2017-02-26,7.26894
2017-02-27,7.24206
2017-02-28,7.34284
2017-03-01,7.38314
2017-03-02,7.43017
2017-03-03,7.36204
2017-03-04,7.16713
2017-03-05,7.00365
2017-03-06,7.03348
2017-03-07,7.08009
2017-03-08,7.10992
2017-03-09,7.09455
2017-03-10,7.16318
2017-03-11,7.28256
2017-03-12,7.33874
2017-03-13,7.35981
2017-03-14,7.38088
2017-03-15,7.38088
2017-03-16,7.41599
2017-03-17,7.42449
2017-03-18,7.51641
2017-03-19,7.62419
2017-03-20,7.59195
2017-03-21,7.52596
2017-03-22,7.68154
2017-03-23,7.68012
2017-03-24,7.85214
2017-03-25,7.67813
2017-03-26,7.68539
2017-03-27,7.65638
2017-03-28,7.75064
2017-03-29,7.59838
2017-03-30,7.42101
2017-03-31,6.90671
2017-04-01,6.68726
2017-04-02,6.33955
2017-04-03,6.33585
2017-04-04,5.88914
2017-04-05,5.7661
2017-04-06,5.66668
2017-04-07,6.02665
2017-04-08,6.23043
2017-04-09,6.47554
2017-04-10,6.54006
2017-04-11,7.01932
2017-04-12,7.12505
2017-04-13,7.24162
2017-04-14,7.12315
2017-04-15,7.25718
2017-04-16,7.21
2017-04-17,7.18818
2017-04-18,7.08561
2017-04-19,7.13449
2017-04-20,7.2177
2017-04-21,7.4198
2017-04-22,7.38371
2017-04-23,7.43423
2017-04-24,7.33318
2017-04-25,7.34762
2017-04-26,7.4198
2017-04-27,7.48694
2017-04-28,7.26538
2017-04-29,7.47027
2017-04-30,7.45828
2017-05-01,7.64836
2017-05-02,7.72309
2017-05-03,7.57365
2017-05-04,7.72576
2017-05-05,7.67512
2017-05-06,7.63895
2017-05-07,7.75469
2017-05-08,7.97171
2017-05-09,7.95001
2017-05-10,8.13631
2017-05-11,7.96868
2017-05-12,8.23062
2017-05-13,8.24148
2017-05-14,8.30614
2017-05-15,8.32332
2017-05-16,8.22645
2017-05-17,8.28814
2017-05-18,8.68326
2017-05-19,9.15447
2017-05-20,9.60479
2017-05-21,9.82566
2017-05-22,9.98981
2017-05-23,10.7494
2017-05-24,11.2116
2017-05-25,11.5313
2017-05-26,11.5194
2017-05-27,11.6595
2017-05-28,11.95
2017-05-29,12.0993
2017-05-30,12.2508
2017-05-31,12.359
2017-06-01,12.4346
2017-06-02,12.359
2017-06-03,12.6185
2017-06-04,12.6774
2017-06-05,13.0645
2017-06-06,12.9887
2017-06-07,13.2475
2017-06-08,13.4415
2017-06-09,13.7225
2017-06-10,13.383
2017-06-11,13.338
2017-06-12,13.1286
2017-06-13,13.0055
2017-06-14,12.6976
2017-06-15,12.5498
2017-06-16,12.5128
2017-06-17,12.5675
2017-06-18,12.6418
2017-06-19,12.7813
2017-06-20,12.8269
2017-06-21,12.9105
2017-06-22,12.8212
2017-06-23,13.0646
2017-06-24,13.1588
2017-06-25,12.8618
2017-06-26,12.7456
2017-06-27,12.6552
2017-06-28,12.8747
2017-06-29,12.6293
2017-06-30,12.5519
2017-07-01,12.7842
2017-07-02,13.4756
2017-07-03,13.6917
2017-07-04,13.8449
2017-07-05,13.6141
2017-07-06,13.7767
2017-07-07,13.5725
2017-07-08,13.4444
2017-07-09,12.8415
2017-07-10,13.1671
2017-07-11,13.4082
2017-07-12,13.7458
2017-07-13,13.9267
2017-07-14,13.9519
2017-07-15,13.7009
2017-07-16,14.2682
2017-07-17,13.4502
2017-07-18,13.1005
2017-07-19,12.5342
2017-07-20,12.3458
2017-07-21,12.1566
2017-07-22,12.1018
2017-07-23,11.6804
2017-07-24,11.9961
2017-07-25,11.8172
2017-07-26,11.7962
2017-07-27,11.7797
2017-07-28,11.8469
2017-07-29,11.9297
2017-07-30,11.7737
2017-07-31,11.5321
2017-08-01,11.6512
2017-08-02,11.7564
2017-08-03,11.568
2017-08-04,11.8259
2017-08-05,11.9832
2017-08-06,11.8509
2017-08-07,11.8824
2017-08-08,11.9884
2017-08-09,12.3333
2017-08-10,12.8441
2017-08-11,13.0593
2017-08-12,13.1613
2017-08-13,13.8604
2017-08-14,14.1481
2017-08-15,14.6464
2017-08-16,14.6001
2017-08-17,15.2753
2017-08-18,15.3504
2017-08-19,15.5904
2017-08-20,15.3203
2017-08-21,15.0953
2017-08-22,14.1499
2017-08-23,14.5851
2017-08-24,13.36
2017-08-25,12.5822
2017-08-26,11.8321
2017-08-27,12.1189
2017-08-28,12.2555
2017-08-29,13.0709
2017-08-30,13.1102
2017-08-31,14.0023
2017-09-01,15.0561
2017-09-02,15.709
2017-09-03,15.508
2017-09-04,15.9599
2017-09-05,16.4141
2017-09-06,16.1702
2017-09-07,16.2351
2017-09-08,16.1275
2017-09-09,16.2805
2017-09-10,16.14
2017-09-11,16.2162
2017-09-12,16.1939
2017-09-13,16.6228
2017-09-14,16.5954
2017-09-15,16.6641
2017-09-16,16.6641
2017-09-17,17.1861
2017-09-18,16.7987
2017-09-19,16.7787
2017-09-20,16.0905
2017-09-21,16.5915
2017-09-22,16.4021
2017-09-23,16.8074
2017-09-24,16.7716
2017-09-25,16.8221
2017-09-26,16.5264
2017-09-27,17.0193
2017-09-28,17.0357
2017-09-29,17.5285
2017-09-30,17.0686
2017-10-01,16.8231
2017-10-02,17.2794
2017-10-03,18.0745
2017-10-04,17.9017
2017-10-05,17.0855
2017-10-06,16.9697
2017-10-07,17.3464
2017-10-08,18.2552
2017-10-09,18.4392
2017-10-10,18.0544
2017-10-11,18.1381
2017-10-12,18.6066
2017-10-13,18.2217
2017-10-14,17.9373
2017-10-15,18.3318
2017-10-16,18.7382
2017-10-17,18.9832
2017-10-18,19.348
2017-10-19,19.9596
2017-10-20,20.8734
2017-10-21,21.2403
2017-10-22,21.0434
2017-10-23,20.99
2017-10-24,21.0434
2017-10-25,21.6493
2017-10-26,21.8031
2017-10-27,20.8632
2017-10-28,19.9755
2017-10-29,20.0637
2017-10-30,20.1964
2017-10-31,20.2058
2017-11-01,20.2837
2017-11-02,20.0755
2017-11-03,20.299
2017-11-04,21.1621
2017-11-05,20.7612
2017-11-06,20.3455
2017-11-07,20.6025
2017-11-08,20.2207
2017-11-09,20.2831
2017-11-10,20.2469
2017-11-11,19.1067
2017-11-12,17.7378
2017-11-13,17.7062
2017-11-14,16.9624
2017-11-15,16.9364
2017-11-16,16.7234
2017-11-17,17.5458
2017-11-18,18.6388
2017-11-19,20.2002
2017-11-20,20.8833
2017-11-21,21.7615
2017-11-22,21.6835
2017-11-23,21.781
2017-11-24,21.4233
2017-11-25,21.7747
2017-11-26,21.6
2017-11-27,21.46
2017-11-28,21.0894
2017-11-29,21.5342
2017-11-30,21.6877
2017-12-01,22.3122
2017-12-02,22.331
2017-12-03,22.6895
2017-12-04,22.8143
2017-12-05,23.1525
2017-12-06,23.5279
2017-12-07,23.6828
2017-12-08,23.6181
2017-12-09,24.4542
2017-12-10,24.7866
2017-12-11,25.1804
2017-12-12,25.2978
2017-12-13,25.716
2017-12-14,26.4482
2017-12-15,26.7366
2017-12-16,26.6701
2017-12-17,27.136
2017-12-18,27.7225
2017-12-19,27.9185
2017-12-20,27.3444
2017-12-21,26.688
2017-12-22,26.9874
2017-12-23,26.8245
2017-12-24,26.6906
2017-12-25,25.8367
2017-12-26,25.8889
2017-12-27,26.4114
2017-12-28,26.8555
2017-12-29,27.1167
2017-12-30,27.3257
2017-12-31,27.6131
2018-01-01,28.2734
2018-01-02,28.8148
2018-01-03,28.6424
2018-01-04,28.9264
2018-01-05,28.1709
2018-01-06,28.5071
2018-01-07,28.2761
2018-01-08,28.2158
2018-01-09,28.0418
2018-01-10,28.2655
2018-01-11,28.887
2018-01-12,29.7571
2018-01-13,29.6935
2018-01-14,30.1115
2018-01-15,30.2867
2018-01-16,30.7697
2018-01-17,31.4324
2018-01-18,31.596
2018-01-19,31.9031
2018-01-20,32.8952
2018-01-21,33.813
2018-01-22,34.3005
2018-01-23,34.8167
2018-01-24,35.0749
2018-01-25,35.1422
2018-01-26,35.6041
2018-01-27,35.7602
2018-01-28,35.6917
2018-01-29,35.8617
2018-01-30,36.3816
2018-01-31,35.2546
2018-02-01,35.5873
2018-02-02,35.778
2018-02-03,35.5811
2018-02-04,35.9918
2018-02-05,36.9619
2018-02-06,36.8413
2018-02-07,37.9114
2018-02-08,37.1867
2018-02-09,36.5805
2018-02-10,35.7926
2018-02-11,34.6029
2018-02-12,33.6374
2018-02-13,33.0661
2018-02-14,33.4281
2018-02-15,32.7087
2018-02-16,32.6252
2018-02-17,32.8046
2018-02-18,33.1335
2018-02-19,33.0139
2018-02-20,32.4697
2018-02-21,32.404
2018-02-22,33.1479
2018-02-23,33.0831
2018-02-24,33.1637
2018-02-25,33.6689
2018-02-26,33.2356
2018-02-27,33.881
2018-02-28,33.4431
2018-03-01,33.9436
2018-03-02,34.3572
2018-03-03,35.6406
2018-03-04,35.076
2018-03-05,35.8598
2018-03-06,36.373
2018-03-07,37.078
2018-03-08,37.647
2018-03-09,37.7682
2018-03-10,36.9012
2018-03-11,37.5287
2018-03-12,38.0294
2018-03-13,38.1001
2018-03-14,37.6402
2018-03-15,37.0035
2018-03-16,37.3572
2018-03-17,37.6756
2018-03-18,37.762
2018-03-19,37.8362
2018-03-20,36.9743
2018-03-21,37.5383
2018-03-22,37.7672
2018-03-23,37.1994
2018-03-24,37.7354
2018-03-25,37.2618
2018-03-26,37.0757
2018-03-27,38.0063
2018-03-28,37.3735
2018-03-29,37.7085
2018-03-30,38.1703
2018-03-31,36.6399
2018-04-01,37.0791
2018-04-02,36.633
2018-04-03,36.3429
2018-04-04,36.1588
2018-04-05,35.6382
2018-04-06,34.7703
2018-04-07,36.4216
2018-04-08,36.2592
2018-04-09,35.9628
2018-04-10,35.9958
2018-04-11,36.4568
2018-04-12,36.3909
2018-04-13,37.2801
2018-04-14,36.2458
2018-04-15,36.8136
2018-04-16,37.0501
2018-04-17,37.483
2018-04-18,37.9427
2018-04-19,39.2812
2018-04-20,38.7809
2018-04-21,39.6132
2018-04-22,39.5051
2018-04-23,39.9373
2018-04-24,39.8292
2018-04-25,38.4968
2018-04-26,37.1643
2018-04-27,37.4918
2018-04-28,36.5948
2018-04-29,36.7936
2018-04-30,37.1314
2018-05-01,37.3662
2018-05-02,37.8388
2018-05-03,38.0484
2018-05-04,37.6193
2018-05-05,38.4278
2018-05-06,37.2642
2018-05-07,36.6689
2018-05-08,35.5752
2018-05-09,36.2755
2018-05-10,36.3806
2018-05-11,36.129
2018-05-12,36.4441
2018-05-13,36.9862
2018-05-14,36.4959
2018-05-15,36.8959
2018-05-16,37.751
2018-05-17,37.1207
2018-05-18,37.8793
2018-05-19,37.4825
2018-05-20,37.3382
2018-05-21,38.2401
2018-05-22,38.4204
2018-05-23,37.8072
2018-05-24,38.3048
2018-05-25,39.5648
2018-05-26,40.0833
2018-05-27,41.0377
2018-05-28,41.2231
2018-05-29,40.9875
2018-05-30,41.6674
2018-05-31,42.782
2018-06-01,42.4071
2018-06-02,42.0321
2018-06-03,41.9946
2018-06-04,43.007
2018-06-05,44.5499
2018-06-06,44.3486
2018-06-07,44.1252
2018-06-08,44.1378
2018-06-09,44.5893
2018-06-10,43.9402
2018-06-11,43.1003
2018-06-12,42.5824
2018-06-13,42.4103
2018-06-14,42.8404
2018-06-15,43.1845
2018-06-16,44.1738
2018-06-17,45.4642
2018-06-18,46.4965
2018-06-19,47.0457
2018-06-20,47.7465
2018-06-21,48.6801
2018-06-22,48.7739
2018-06-23,48.7064
2018-06-24,49.5122
2018-06-25,49.3981
2018-06-26,49.0658
2018-06-27,47.5628
2018-06-28,46.7221
2018-06-29,46.4662
2018-06-30,45.3874
2018-07-01,44.0774
2018-07-02,43.1226
2018-07-03,41.7644
2018-07-04,42.302
2018-07-05,41.6461
2018-07-06,42.2556
2018-07-07,43.1145
2018-07-08,43.8062
2018-07-09,43.7951
2018-07-10,45.2447
2018-07-11,45.2886
2018-07-12,45.4644
2018-07-13,44.7176
2018-07-14,43.4958
2018-07-15,41.9632
2018-07-16,40.8683
2018-07-17,41.0864
2018-07-18,42.5359
2018-07-19,43.5946
2018-07-20,43.8445
2018-07-21,44.0241
2018-07-22,46.6271
2018-07-23,49.0544
2018-07-24,49.2897
2018-07-25,49.7008
2018-07-26,49.711
2018-07-27,50.5301
2018-07-28,51.102
2018-07-29,51.2092
2018-07-30,50.6786
2018-07-31,51.1134
2018-08-01,50.9076
2018-08-02,51.1535
2018-08-03,51.9492
2018-08-04,54.2041
2018-08-05,53.9379
2018-08-06,53.5908
2018-08-07,53.5677
2018-08-08,53.6874
2018-08-09,53.2403
2018-08-10,53.4347
2018-08-11,52.6249
2018-08-12,52.1148
2018-08-13,52.791
2018-08-14,51.8227
2018-08-15,51.744
2018-08-16,52.1667
2018-08-17,51.0256
2018-08-18,50.7769
2018-08-19,50.3033
2018-08-20,50.3033
2018-08-21,50.8717
2018-08-22,50.8243
2018-08-23,50.398
2018-08-24,50.2516
2018-08-25,49.4056
2018-08-26,51.1652
2018-08-27,53.2865
2018-08-28,53.9066
2018-08-29,53.2601
2018-08-30,53.8827
2018-08-31,54.5595
2018-09-01,55.3575
2018-09-02,53.6549
2018-09-03,51.3539
2018-09-04,49.7832
2018-09-05,49.1992
2018-09-06,48.7328
2018-09-07,48.5882
2018-09-08,48.5845
2018-09-09,49.8385
2018-09-10,49.6874
2018-09-11,50.7031
2018-09-12,52.7851
2018-09-13,52.9978
2018-09-14,52.036
2018-09-15,51.5342
2018-09-16,50.3299
2018-09-17,50.3299
2018-09-18,50.3801
2018-09-19,49.7779
2018-09-20,50.0971
2018-09-21,50.8366
2018-09-22,51.7372
2018-09-23,52.4322
2018-09-24,53.2257
2018-09-25,54.7418
2018-09-26,54.0213
2018-09-27,53.5876
2018-09-28,54.099
2018-09-29,53.9456
2018-09-30,54.6103
2018-10-01,55.1216
2018-10-02,53.1376
2018-10-03,53.0764
2018-10-04,53.2796
2018-10-05,51.9894
2018-10-06,50.5483
2018-10-07,49.4058
2018-10-08,48.1644
2018-10-09,48.0913
2018-10-10,48.3384
2018-10-11,48.8764
2018-10-12,48.9777
2018-10-13,49.7881
2018-10-14,48.37
2018-10-15,49.7375
2018-10-16,49.9907
2018-10-17,49.6868
2018-10-18,48.5881
2018-10-19,48.832
2018-10-20,48.669
2018-10-21,49.6294
2018-10-22,48.9883
2018-10-23,49.6659
2018-10-24,48.1908
2018-10-25,47.922
2018-10-26,47.9708
2018-10-27,47.6292
2018-10-28,47.7268
2018-10-29,47.2876
2018-10-30,47.2876
2018-10-31,49.7276
2018-11-01,50.5574
2018-11-02,50.498
2018-11-03,51.6511
2018-11-04,50.7704
2018-11-05,50.6129
2018-11-06,49.2909
2018-11-07,47.6264
2018-11-08,45.9655
2018-11-09,45.1913
2018-11-10,43.7398
2018-11-11,44.8526
2018-11-12,44.6591
2018-11-13,44.272
2018-11-14,44.514
2018-11-15,44.8043
2018-11-16,44.7308
2018-11-17,44.8896
2018-11-18,43.3368
2018-11-19,42.2087
2018-11-20,42.3172
2018-11-21,40.4901
2018-11-22,39.8118
2018-11-23,39.2568
2018-11-24,38.9732
2018-11-25,38.8984
2018-11-26,38.0043
2018-11-27,37.6975
2018-11-28,37.9776
2018-11-29,36.8879
2018-11-30,35.5817
2018-12-01,34.5369
2018-12-02,33.761
2018-12-03,33.3174
2018-12-04,32.4976
2018-12-05,32.0231
2018-12-06,32.3303
2018-12-07,32.0755
2018-12-08,31.313
2018-12-09,31.0934
2018-12-10,31.0877
2018-12-11,30.6367
2018-12-12,30.2897
2018-12-13,30.1509
2018-12-14,31.2612
2018-12-15,31.9685
2018-12-16,31.4741
2018-12-17,32.663
2018-12-18,32.6828
2018-12-19,33.1439
2018-12-20,32.8348
2018-12-21,32.162
2018-12-22,32.6044
2018-12-23,34.2454
2018-12-24,33.58
2018-12-25,34.2712
2018-12-26,34.6966
2018-12-27,36.1302
2018-12-28,37.1789
2018-12-29,36.1195
2018-12-30,36.2665
2018-12-31,36.6481
2019-01-01,37.0206
2019-01-02,37.3295
2019-01-03,37.1607
2019-01-04,37.007
2019-01-05,38.2952
2019-01-06,37.5643
2019-01-07,37.3609
2019-01-08,37.9381
2019-01-09,38.3995
2019-01-10,38.435
2019-01-11,38.3995
2019-01-12,37.449
2019-01-13,37.1817
2019-01-14,37.5612
2019-01-15,36.3429
2019-01-16,35.3382
2019-01-17,34.4002
2019-01-18,34.1444
2019-01-19,34.1258
2019-01-20,35.0068
2019-01-21,34.9905
2019-01-22,34.8627
2019-01-23,35.2712
2019-01-24,36.4695
2019-01-25,36.3567
2019-01-26,36.8495
2019-01-27,36.0802
2019-01-28,35.8012
2019-01-29,36.2556
2019-01-30,35.7878
2019-01-31,35.412
2019-02-01,36.0539
2019-02-02,35.7815
2019-02-03,35.7594
2019-02-04,35.8122
2019-02-05,35.738
2019-02-06,36.5954
2019-02-07,37.1306
2019-02-08,37.1844
2019-02-09,37.2828
2019-02-10,37.3214
2019-02-11,37.3544
2019-02-12,36.9892
2019-02-13,36.9535
2019-02-14,36.138
2019-02-15,35.1886
2019-02-16,35.4066
2019-02-17,36.3385
2019-02-18,36.8154
2019-02-19,37.8362
2019-02-20,36.9977
2019-02-21,36.1956
2019-02-22,37.537
2019-02-23,37.4557
2019-02-24,36.7113
2019-02-25,36.3405
2019-02-26,36.5979
2019-02-27,37.0647
2019-02-28,38.2648
2019-03-01,38.275
2019-03-02,37.8367
2019-03-03,38.1298
2019-03-04,37.8656
2019-03-05,37.3762
2019-03-06,36.8563
2019-03-07,36.5168
2019-03-08,35.8805
2019-03-09,36.1002
2019-03-10,35.7335
2019-03-11,35.914
2019-03-12,35.6918
2019-03-13,35.9457
2019-03-14,36.4189
2019-03-15,36.6724
2019-03-16,37.5849
2019-03-17,37.949
2019-03-18,38.7146
2019-03-19,39.925
2019-03-20,40.9467
2019-03-21,40.57
2019-03-22,40.9331
2019-03-23,40.3377
2019-03-24,40.8336
2019-03-25,40.6325
2019-03-26,39.405
2019-03-27,39.2428
2019-03-28,39.6304
2019-03-29,39.3904
2019-03-30,39.4314
2019-03-31,39.0032
2019-04-01,38.5361
2019-04-02,39.1743
2019-04-03,38.6693
2019-04-04,38.2065
2019-04-05,38.456
2019-04-06,38.37
2019-04-07,38.3717
2019-04-08,38.7589
2019-04-09,38.0477
2019-04-10,38.5192
2019-04-11,39.5114
2019-04-12,39.6067
2019-04-13,39.7059
2019-04-14,39.1952
2019-04-15,39.3399
2019-04-16,40.0226
2019-04-17,39.8007
2019-04-18,39.5746
2019-04-19,39.6148
2019-04-20,39.4541
2019-04-21,41.024
2019-04-22,40.5483
2019-04-23,39.354
2019-04-24,40.3175
2019-04-25,40.0405
2019-04-26,39.9624
2019-04-27,40.169
2019-04-28,40.2054
2019-04-29,41.3632
2019-04-30,42.3215
2019-05-01,42.6409
2019-05-02,44.1567
2019-05-03,44.0966
2019-05-04,43.9849
2019-05-05,42.8209
2019-05-06,42.5682
2019-05-07,42.2397
2019-05-08,41.709
2019-05-09,40.6976
2019-05-10,39.9072
2019-05-11,39.9344
2019-05-12,41.1357
2019-05-13,41.7985
2019-05-14,42.8342
2019-05-15,42.7099
2019-05-16,42.5442
2019-05-17,43.6213
2019-05-18,44.5757
2019-05-19,44.7853
2019-05-20,44.5392
2019-05-21,44.5829
2019-05-22,45.3311
2019-05-23,46.2417
2019-05-24,46.725
2019-05-25,46.5513
2019-05-26,47.0635
2019-05-27,47.7467
2019-05-28,48.8519
2019-05-29,49.8309
2019-05-30,50.2078
2019-05-31,49.3793
2019-06-01,50.8408
2019-06-02,50.1484
2019-06-03,48.7655
2019-06-04,49.0488
2019-06-05,48.9406
2019-06-06,49.2503
2019-06-07,51.0344
2019-06-08,49.4453
2019-06-09,50.0291
2019-06-10,51.2539
2019-06-11,50.0803
2019-06-12,48.294
2019-06-13,47.5706
2019-06-14,47.5721
2019-06-15,48.1814
2019-06-16,46.9421
2019-06-17,45.8008
2019-06-18,46.6673
2019-06-19,48.7213
2019-06-20,48.3559
2019-06-21,47.0934
2019-06-22,47.2656
2019-06-23,50.1012
2019-06-24,52.8687
2019-06-25,52.725
2019-06-26,52.8909
2019-06-27,53.8688
2019-06-28,56.1373
2019-06-29,58.6061
2019-06-30,57.9656
2019-07-01,56.7762
2019-07-02,57.7891
2019-07-03,58.5895
2019-07-04,59.8182
2019-07-05,61.0344
2019-07-06,61.086
2019-07-07,61.0003
2019-07-08,62.7069
2019-07-09,63.1991
2019-07-10,61.9062
2019-07-11,60.8758
2019-07-12,60.7889
2019-07-13,59.9005
2019-07-14,60.5638
2019-07-15,59.9751
2019-07-16,60.9028
2019-07-17,61.1426
2019-07-18,60.663
2019-07-19,57.9056
2019-07-20,59.7553
2019-07-21,59.7356
2019-07-22,60.1797
2019-07-23,58.2871
2019-07-24,57.8992
2019-07-25,58.831
2019-07-26,60.8156
2019-07-27,58.8079
2019-07-28,59.6849
2019-07-29,59.6561
2019-07-30,59.5863
2019-07-31,61.3324
2019-08-01,60.8959
2019-08-02,60.9638
2019-08-03,62.0116
2019-08-04,61.4804
2019-08-05,60.8152
2019-08-06,62.6978
2019-08-07,62.5194
2019-08-08,63.2654
2019-08-09,62.933
2019-08-10,62.6239
2019-08-11,62.7584
2019-08-12,62.2126
2019-08-13,61.9734
2019-08-14,61.9135
2019-08-15,62.8108
2019-08-16,62.8108
2019-08-17,61.435
2019-08-18,59.8495
2019-08-19,61.8376
2019-08-20,61.7799
2019-08-21,60.9842
2019-08-22,60.1945
2019-08-23,60.735
2019-08-24,62.8392
2019-08-25,64.7283
2019-08-26,63.1421
2019-08-27,62.044
2019-08-28,62.9591
2019-08-29,64.4232
2019-08-30,64.8503
2019-08-31,65.2163
2019-09-01,64.932
2019-09-02,65.9002
2019-09-03,67.9292
2019-09-04,67.2296
2019-09-05,67.491
2019-09-06,67.6193
2019-09-07,66.8809
2019-09-08,68.7878
2019-09-09,68.6
2019-09-10,69.7267
2019-09-11,72.731
2019-09-12,72.2929
2019-09-13,71.9872
2019-09-14,73.3076
2019-09-15,72.3853
2019-09-16,74.5088
2019-09-17,73.3426
2019-09-18,73.8477
2019-09-19,74.1837
2019-09-20,75.0328
2019-09-21,75.7928
2019-09-22,77.1055
2019-09-23,73.72
2019-09-24,74.3418
2019-09-25,73.0982
2019-09-26,74.8388
2019-09-27,74.1928
2019-09-28,74.5122
2019-09-29,72.9855
2019-09-30,74.4786
2019-10-01,73.9379
2019-10-02,73.6817
2019-10-03,72.1665
2019-10-04,72.8308
2019-10-05,72.1378
2019-10-06,72.5307
2019-10-07,73.9125
2019-10-08,74.843
2019-10-09,73.8932
2019-10-10,74.7872
2019-10-11,75.3675
2019-10-12,73.6769
2019-10-13,73.383
2019-10-14,72.1779
2019-10-15,71.7601
2019-10-16,72.1865
2019-10-17,71.3296
2019-10-18,71.4856
2019-10-19,72.0094
2019-10-20,72.1764
2019-10-21,73.7474
2019-10-22,74.7448
2019-10-23,76.5662
2019-10-24,75.8661
2019-10-25,74.8348
2019-10-26,75.2092
2019-10-27,73.4641
2019-10-28,72.2083
2019-10-29,70.1798
2019-10-30,68.2212
2019-10-31,68.1476
2019-11-01,67.6674
2019-11-02,67.2275
2019-11-03,68.9219
2019-11-04,68.7764
2019-11-05,69.5877
2019-11-06,69.4422
2019-11-07,69.745
2019-11-08,68.9305
2019-11-09,69.0361
2019-11-10,70.3703
2019-11-11,71.1077
2019-11-12,69.8542
2019-11-13,69.484
2019-11-14,71.1662
2019-11-15,73.2431
2019-11-16,73.52
2019-11-17,72.6893
2019-11-18,71.9278
2019-11-19,72.6343
2019-11-20,72.999
2019-11-21,70.7307
2019-11-22,68.999
2019-11-23,70.8191
2019-11-24,69.1925
2019-11-25,68.1213
2019-11-26,66.4828
2019-11-27,66.258
2019-11-28,67.9502
2019-11-29,68.0248
2019-11-30,64.3823
2019-12-01,64.6403
2019-12-02,65.5323
2019-12-03,67.4841
2019-12-04,68.9545
2019-12-05,67.3288
2019-12-06,67.4899
2019-12-07,69.1598
2019-12-08,69.5047
2019-12-09,69.6294
2019-12-10,68.9012
2019-12-11,66.5407
2019-12-12,65.7037
2019-12-13,66.1595
2019-12-14,65.899
2019-12-15,64.3362
2019-12-16,64.9223
2019-12-17,64.4664
2019-12-18,64.5967
2019-12-19,66.174
2019-12-20,66.4911
2019-12-21,68.1829
2019-12-22,71.0735
2019-12-23,70.1283
2019-12-24,69.0571
2019-12-25,68.6364
2019-12-26,69.2338
2019-12-27,68.4269
2019-12-28,66.5699
2019-12-29,65.7542
2019-12-30,67.3457
2019-12-31,68.73
2020-01-01,71.9131
2020-01-02,70.8269
2020-01-03,73.104
2020-01-04,75.0525
2020-01-05,76.1734
2020-01-06,74.6379
2020-01-07,77.3124
2020-01-08,75.6426
2020-01-09,76.7489
2020-01-10,75.4609
2020-01-11,75.2189
2020-01-12,74.4854
2020-01-13,75.1296
2020-01-14,73.118
2020-01-15,74.5829
2020-01-16,75.6085
2020-01-17,77.0923
2020-01-18,75.5817
2020-01-19,76.2534
2020-01-20,77.6329
2020-01-21,78.908
2020-01-22,79.2816
2020-01-23,79.2816
2020-01-24,78.7585
2020-01-25,81.1497
2020-01-26,80.6266
2020-01-27,78.908
2020-01-28,78.4104
2020-01-29,79.2673
2020-01-30,79.5873
2020-01-31,79.4918
2020-02-01,79.047
2020-02-02,79.5458
2020-02-03,81.4818
2020-02-04,80.8706
2020-02-05,81.0511
2020-02-06,79.6283
2020-02-07,79.4634
2020-02-08,78.751
2020-02-09,79.9118
2020-02-10,78.1802
2020-02-11,79.8424
2020-02-12,78.6653
2020-02-13,79.3231
2020-02-14,79.175
2020-02-15,79.5946
2020-02-16,78.7668
2020-02-17,81.6569
2020-02-18,81.9741
2020-02-19,82.0221
2020-02-20,80.9208
2020-02-21,82.6028
2020-02-22,83.225
2020-02-23,83.3549
2020-02-24,82.0572
2020-02-25,81.4036
2020-02-26,80.8266
2020-02-27,82.3686
2020-02-28,82.3686
2020-02-29,81.3418
2020-03-01,83.845
2020-03-02,84.3209
2020-03-03,84.6536
2020-03-04,86.7444
2020-03-05,87.6332
2020-03-06,87.1409
2020-03-07,88.3241
2020-03-08,86.5477
2020-03-09,86.8576
2020-03-10,85.8237
2020-03-11,82.6152
2020-03-12,82.374
2020-03-13,80.35
2020-03-14,78.4121
2020-03-15,75.4414
2020-03-16,72.4832
2020-03-17,70.3662
2020-03-18,67.291
2020-03-19,62.0372
2020-03-20,59.0828
2020-03-21,56.6803
2020-03-22,55.2325
2020-03-23,52.8996
2020-03-24,52.2364
2020-03-25,51.065
2020-03-26,52.3083
2020-03-27,53.4071
2020-03-28,52.8167
2020-03-29,53.0989
2020-03-30,54.4716
2020-03-31,55.3839
2020-04-01,58.4983
2020-04-02,58.8066
2020-04-03,58.3241
2020-04-04,60.4011
2020-04-05,63.0961
2020-04-06,63.1196
2020-04-07,65.0512
2020-04-08,66.1002
2020-04-09,67.955
2020-04-10,71.479
2020-04-11,73.0608
2020-04-12,72.7358
2020-04-13,76.2646
2020-04-14,76.8999
2020-04-15,78.8299
2020-04-16,78.8299
2020-04-17,76.3339
2020-04-18,76.2646
2020-04-19,76.1953
2020-04-20,75.502
2020-04-21,74.8525
2020-04-22,72.911
2020-04-23,72.8302
2020-04-24,74.7707
2020-04-25,73.9649
2020-04-26,73.6497
2020-04-27,73.0891
2020-04-28,73.6701
2020-04-29,74.7972
2020-04-30,74.3515
2020-05-01,74.3797
2020-05-02,75.4397
2020-05-03,77.9397
2020-05-04,79.3038
2020-05-05,80.0932
2020-05-06,81.2614
2020-05-07,82.6329
2020-05-08,82.698
2020-05-09,82.2491
2020-05-10,82.9755
2020-05-11,83.4307
2020-05-12,82.6129
2020-05-13,79.8696
2020-05-14,77.283
2020-05-15,75.9976
2020-05-16,74.791
2020-05-17,68.9491
2020-05-18,65.9287
2020-05-19,62.2342
2020-05-20,59.9984
2020-05-21,58.9376
2020-05-22,55.7556
2020-05-23,52.7938
2020-05-24,51.4555
2020-05-25,48.6475
2020-05-26,47.3311
2020-05-27,47.5179
2020-05-28,46.5524
2020-05-29,46.8792
2020-05-30,48.5156
2020-05-31,50.1574
2020-06-01,50.6321
2020-06-02,50.8474
2020-06-03,50.848
2020-06-04,51.4767
2020-06-05,53.2818
2020-06-06,54.3649
2020-06-07,54.0068
2020-06-08,54.6351
2020-06-09,55.4804
2020-06-10,56.1843
2020-06-11,57.5451
2020-06-12,56.976
2020-06-13,55.356
2020-06-14,56.0777
2020-06-15,55.0993
2020-06-16,55.1201
2020-06-17,54.7673
2020-06-18,52.5849
2020-06-19,52.4591
2020-06-20,52.2491
2020-06-21,51.9464
2020-06-22,53.0375
2020-06-23,54.0434
2020-06-24,54.0034
2020-06-25,54.9091
2020-06-26,55.966
2020-06-27,55.945
2020-06-28,56.0813
2020-06-29,55.8976
2020-06-30,54.9221
2020-07-01,55.7647
2020-07-02,56.7107
2020-07-03,56.3612
2020-07-04,57.1037
2020-07-05,57.511
2020-07-06,57.8523
2020-07-07,58.5285
2020-07-08,57.9067
2020-07-09,57.8219
2020-07-10,57.6342
2020-07-11,57.582
2020-07-12,57.0073
2020-07-13,57.0495
2020-07-14,56.9072
2020-07-15,56.941
2020-07-16,56.1887
2020-07-17,54.5683
2020-07-18,53.8081
2020-07-19,53.3138
2020-07-20,53.2443
2020-07-21,52.0965
2020-07-22,52.4376
2020-07-23,52.4376
2020-07-24,54.8819
2020-07-25,55.5641
2020-07-26,57.0989
2020-07-27,57.6039
2020-07-28,58.95
2020-07-29,59.3218
2020-07-30,59.3966
2020-07-31,59.1777
2020-08-01,59.1046
2020-08-02,58.3262
2020-08-03,59.3073
2020-08-04,59.5533
2020-08-05,58.6737
2020-08-06,60.2601
2020-08-07,60.5843
2020-08-08,61.3327
2020-08-09,62.8483
2020-08-10,61.9725
2020-08-11,62.9936
2020-08-12,65.155
2020-08-13,64.9753
2020-08-14,66.1839
2020-08-15,67.1035
2020-08-16,66.8038
2020-08-17,66.0884
2020-08-18,65.2111
2020-08-19,64.0203
2020-08-20,63.9577
2020-08-21,63.2056
2020-08-22,62.0619
2020-08-23,62.482
2020-08-24,64.1067
2020-08-25,63.5503
2020-08-26,64.018
2020-08-27,63.1498
2020-08-28,63.7818
2020-08-29,64.5255
2020-08-30,62.7472
2020-08-31,62.7005
2020-09-01,64.146
2020-09-02,64.0651
2020-09-03,63.7851
2020-09-04,61.813
2020-09-05,61.292
2020-09-06,62.4323
2020-09-07,63.5592
2020-09-08,63.1808
2020-09-09,63.0705
2020-09-10,64.533
2020-09-11,64.4254
2020-09-12,65.8624
2020-09-13,66.3649
2020-09-14,66.3684
2020-09-15,66.4283
2020-09-16,66.7877
2020-09-17,67.8864
2020-09-18,69.4116
2020-09-19,68.0706
2020-09-20,67.7026
2020-09-21,66.7413
2020-09-22,65.9209
2020-09-23,66.0193
2020-09-24,64.509
2020-09-25,65.8845
2020-09-26,66.9541
2020-09-27,67.662
2020-09-28,66.3909
2020-09-29,66.9501
2020-09-30,67.5245
2020-10-01,66.3126
2020-10-02,63.5826
2020-10-03,63.0385
2020-10-04,62.7892
2020-10-05,63.1567
2020-10-06,62.1314
2020-10-07,61.5334
2020-10-08,63.734
2020-10-09,64.1813
2020-10-10,63.7607
2020-10-11,62.8059
2020-10-12,63.5362
2020-10-13,66.2295
2020-10-14,66.5201
2020-10-15,66.2585
2020-10-16,67.4129
2020-10-17,68.7681
2020-10-18,67.9819
2020-10-19,66.9631
2020-10-20,65.8762
2020-10-21,64.9507
2020-10-22,64.3655
2020-10-23,63.2009
2020-10-24,63.1956
2020-10-25,63.0678
2020-10-26,62.1303
2020-10-27,59.1725
2020-10-28,57.3763
2020-10-29,55.6645
2020-10-30,54.6583
2020-10-31,52.5535
2020-11-01,53.7908
2020-11-02,53.4556
2020-11-03,56.2573
2020-11-04,59.5416
2020-11-05,62.0177
2020-11-06,65.0221
2020-11-07,67.64
2020-11-08,68.774
2020-11-09,75.5756
2020-11-10,77.2168
2020-11-11,78.2429
2020-11-12,80.517
2020-11-13,80.2719
2020-11-14,80.3187
2020-11-15,81.4899
2020-11-16,80.3246
2020-11-17,82.0782
2020-11-18,84.7284
2020-11-19,83.7549
2020-11-20,86.9346
2020-11-21,89.9671
2020-11-22,92.7989
2020-11-23,92.1273
2020-11-24,90.4014
2020-11-25,89.2509
2020-11-26,90.3193
2020-11-27,89.1687
2020-11-28,87.9359
2020-11-29,86.3935
2020-11-30,84.4228
2020-12-01,86.8454
2020-12-02,85.8276
2020-12-03,87.547
2020-12-04,87.7746
2020-12-05,88.0021
2020-12-06,87.4127
2020-12-07,90.7231
2020-12-08,90.0073
2020-12-09,90.7231
2020-12-10,88.3074
2020-12-11,87.7706
2020-12-12,86.6969
2020-12-13,88.4659
2020-12-14,87.6887
2020-12-15,87.0124
2020-12-16,87.0451
2020-12-17,86.6622
2020-12-18,88.1323
2020-12-19,90.2272
2020-12-20,89.5793
2020-12-21,89.1536
2020-12-22,89.7927
2020-12-23,91.3052
2020-12-24,91.4962
2020-12-25,90.8995
2020-12-26,89.5722
2020-12-27,90.0349
2020-12-28,92.8096
2020-12-29,94.2059
2020-12-30,96.3414
2020-12-31,100.666
2021-01-01,101.594
2021-01-02,103.356
2021-01-03,105.028
2021-01-04,106.923
2021-01-05,108.007
2021-01-06,109.168
2021-01-07,109.805
2021-01-08,110.103
2021-01-09,109.944
2021-01-10,111.717
2021-01-11,111.486
2021-01-12,112.167
2021-01-13,111.328
2021-01-14,110.827
2021-01-15,113.144
2021-01-16,114.863
2021-01-17,112.05
2021-01-18,111.077
2021-01-19,111.185
2021-01-20,109.995
2021-01-21,108.049
2021-01-22,106.534
2021-01-23,107.619
2021-01-24,108.426
2021-01-25,108.044
2021-01-26,109.524
2021-01-27,109.793
2021-01-28,111.688
2021-01-29,113.05
2021-01-30,110.93
2021-01-31,111.477
2021-02-01,109.182
2021-02-02,108.212
2021-02-03,108.992
2021-02-04,110.531
2021-02-05,112.283
2021-02-06,115.179
2021-02-07,116.89
2021-02-08,122.004
2021-02-09,121.374
2021-02-10,121.069
2021-02-11,118.111
2021-02-12,115.63
2021-02-13,115.432
2021-02-14,114.537
2021-02-15,113.419
2021-02-16,110.958
2021-02-17,110.809
2021-02-18,112.514
2021-02-19,114.674
2021-02-20,115
2021-02-21,115.721
2021-02-22,115.013
2021-02-23,117.038
2021-02-24,120.671
2021-02-25,123.65
2021-02-26,122.636
2021-02-27,123.983
2021-02-28,122.758
2021-03-01,122.391
2021-03-02,124.351
2021-03-03,123.493
2021-03-04,120.063
2021-03-05,121.288
2021-03-06,119.979
2021-03-07,121.134
2021-03-08,123.473
2021-03-09,122.451
2021-03-10,121.387
2021-03-11,121.672
2021-03-12,121.561
2021-03-13,120.933
2021-03-14,122.718
2021-03-15,122.355
2021-03-16,123.88
2021-03-17,122.772
2021-03-18,125.191
2021-03-19,125.024
2021-03-20,126.717
2021-03-21,126.963
2021-03-22,127.682
2021-03-23,129.512
2021-03-24,131.805
2021-03-25,132.409
2021-03-26,131.203
2021-03-27,131.819
2021-03-28,132.189
2021-03-29,132.189
2021-03-30,130.339
2021-03-31,130.956
2021-04-01,129.846
2021-04-02,131.322
2021-04-03,128.809
2021-04-04,128.253
2021-04-05,129.989
2021-04-06,130.775
2021-04-07,131.901
2021-04-08,131.506
2021-04-09,133.093
2021-04-10,136.486
2021-04-11,136.355
2021-04-12,134.789
2021-04-13,134.528
2021-04-14,131.658
2021-04-15,136.706
2021-04-16,130.571
2021-04-17,122.187
2021-04-18,119.758
2021-04-19,113.868
2021-04-20,112.362
2021-04-21,108.179
2021-04-22,104.663
2021-04-23,108.919
2021-04-24,116.101
2021-04-25,118.361
2021-04-26,120.622
2021-04-27,122.484
2021-04-28,127.937
2021-04-29,125.144
2021-04-30,126.474
2021-05-01,125.139
2021-05-02,127.927
2021-05-03,133.374
2021-05-04,135.563
2021-05-05,134.957
2021-05-06,138.525
2021-05-07,139.267
2021-05-08,141.227
2021-05-09,141.344
2021-05-10,141.693
2021-05-11,140.645
2021-05-12,142.392
2021-05-13,143.851
2021-05-14,142.786
2021-05-15,140.281
2021-05-16,137.303
2021-05-17,133.467
2021-05-18,127.232
2021-05-19,124.444
2021-05-20,117.873
2021-05-21,113.33
2021-05-22,111.131
2021-05-23,108.051
2021-05-24,107.446
2021-05-25,109.778
2021-05-26,108.532
2021-05-27,109.188
2021-05-28,110.367
2021-05-29,110.367
2021-05-30,110.652
2021-05-31,109.667
2021-06-01,109.186
2021-06-02,111.253
2021-06-03,111.908
2021-06-04,110.56
2021-06-05,109.606
2021-06-06,110.041
2021-06-07,108.978
2021-06-08,109.546
2021-06-09,105.195
2021-06-10,102.04
2021-06-11,99.2114
2021-06-12,99.3202
2021-06-13,97.1892
2021-06-14,96.6288
2021-06-15,93.9158
2021-06-16,92.8807
2021-06-17,93.437
2021-06-18,94.7893
2021-06-19,91.041
2021-06-20,87.6716
2021-06-21,84.581
2021-06-22,80.4601
2021-06-23,78.1936
2021-06-24,75.6181
2021-06-25,74.1758
2021-06-26,72.7335
2021-06-27,67.8914
2021-06-28,66.1401
2021-06-29,66.037
