date,ethereum,stellar,chainlink,monero,tsmc,nvidia,amd
11/1/2017,291.694,0.027353,0.157611,85.717003,42.099998,207.199997,10.8
11/2/2017,287.428986,0.027607,0.167427,83.763603,42.150002,205.940002,10.85
11/3/2017,305.710999,0.027779,0.171798,87.987,42.189999,208.690002,11.12
11/6/2017,298.891998,0.02888,0.167456,102.916,42.43,209.630005,11.93
11/7/2017,294.658997,0.030699,0.177539,99.764397,42.509998,212.029999,12.05
11/8/2017,309.070007,0.033763,0.213909,113.315002,42.43,209.160004,11.71
11/9/2017,320.884003,0.039946,0.223969,120.779999,41.639999,205.320007,11.12
11/10/2017,299.252991,0.033073,0.187602,105.585999,41.720001,216.139999,11.26
11/13/2017,316.716003,0.030656,0.183071,123.402,42.009998,212.630005,11.09
11/14/2017,337.631012,0.036374,0.188114,122.352997,41.860001,214.179993,11.12
11/15/2017,333.356995,0.037053,0.186138,121.374001,41.540001,209.979996,11.07
11/16/2017,330.924011,0.037234,0.169761,120.305,42.099998,211.610001,11.25
11/17/2017,332.394012,0.035572,0.159649,126.699997,42.07,211.360001,11.38
11/20/2017,366.730011,0.038121,0.162183,135.764999,42.209999,214.080002,11.34
11/21/2017,360.401001,0.037668,0.154972,141.738007,42.580002,216.050003,11.4
11/22/2017,380.652008,0.042299,0.168515,165.949997,42.41,214.929993,11.37
11/24/2017,474.911011,0.040193,0.192921,160.026993,42.990002,216.960007,11.38
11/27/2017,480.355011,0.059843,0.184168,173.391998,41.09,214.139999,11.55
11/28/2017,472.902008,0.081415,0.176424,203.210007,40.93,210.710007,11.17
11/29/2017,427.52301,0.064424,0.145255,168.149994,39.41,196.419998,10.83
11/30/2017,447.114014,0.072871,0.170461,180.138,39.599998,200.710007,10.89
12/1/2017,466.540009,0.089883,0.177823,190.938004,39.700001,197.679993,10.73
12/4/2017,470.20401,0.09761,0.229581,210.242004,39.389999,186.660004,10.03
12/5/2017,463.281006,0.123523,0.313877,269.484009,39.200001,187.740005,9.91
12/6/2017,428.588013,0.151622,0.29157,278.684998,38.68,189.259995,10
12/7/2017,434.40799,0.133046,0.260064,280.855011,39.009998,191.990005,10.04
12/8/2017,456.031006,0.13726,0.245226,276.743988,39,191.490005,9.94
12/11/2017,515.135986,0.144956,0.260592,279.669006,39.369999,194.660004,10.16
12/12/2017,651.43103,0.156444,0.231424,308.066986,39.299999,190.839996,9.9
12/13/2017,702.767029,0.149342,0.261878,305.744995,39.290001,186.179993,10.11
12/14/2017,695.815979,0.188907,0.308503,325.205994,39.400002,186.470001,10.13
12/15/2017,684.447998,0.195862,0.320793,312.321991,39.5,191.559998,10.29
12/18/2017,794.64502,0.276283,0.434907,381.511993,39.400002,197.899994,10.98
12/19/2017,826.822998,0.26431,0.439356,377.235992,39.34,196.110001,10.95
12/20/2017,819.085999,0.252386,0.372796,469.197998,39.439999,196.800003,10.98
12/21/2017,821.062988,0.2572,0.424287,417.980011,39.23,195.889999,10.89
12/22/2017,674.859985,0.216717,0.426878,346.113007,39.630001,195.270004,10.54
12/26/2017,773.835999,0.226018,0.521421,381.542999,38.950001,197.440002,10.46
12/27/2017,762.84198,0.229224,0.505501,421.848999,39.080002,197.169998,10.53
12/28/2017,737.02301,0.223544,0.506697,378.903992,39.740002,197.399994,10.55
12/29/2017,753.59198,0.322941,0.486348,377.365997,39.650002,193.5,10.28
1/2/2018,884.44397,0.564766,0.673712,383.416992,41.02,199.350006,10.98
1/3/2018,962.719971,0.896227,0.681167,412.062988,41.709999,212.470001,11.55
1/4/2018,980.921997,0.72405,0.984368,403.048004,41.490002,213.589996,12.12
1/5/2018,997.719971,0.662712,0.907486,384.936005,42.459999,215.399994,11.88
1/8/2018,1148.530029,0.629323,1.3773,405.074005,42.439999,222,12.28
1/9/2018,1299.73999,0.585653,1.22828,413.334015,42.18,221.940002,11.82
1/10/2018,1255.819946,0.56693,1.18871,407.740997,41.299999,223.679993,11.96
1/11/2018,1154.930054,0.558126,1.01033,355.59201,41.029999,224.080002,12.14
1/12/2018,1273.199951,0.67796,1.05156,394.78299,41.189999,222.979996,12.02
1/16/2018,1053.689941,0.441197,0.756453,320.036987,42.23,220.110001,11.91
1/17/2018,1014.25,0.477187,0.698634,319.186005,43.130001,224.720001,12.18
1/18/2018,1036.280029,0.509523,0.74423,316.467987,44.57,224.440002,12.47
1/19/2018,1039.099976,0.506232,0.812905,364.621002,44.669998,230.110001,12.59
1/22/2018,1003.26001,0.486338,0.802858,315.89801,46.380001,233.690002,12.65
1/23/2018,986.229004,0.486185,0.801917,308.460999,46.279999,238.910004,12.94
1/24/2018,1058.780029,0.567014,0.792863,317.399994,45.330002,235.800003,12.71
1/25/2018,1056.030029,0.608253,0.760437,317.102997,45.099998,236.350006,12.41
1/26/2018,1055.170044,0.633916,0.709853,323.684998,45.720001,243.330002,12.95
1/29/2018,1182.359985,0.589283,0.697712,316.627991,45.400002,246.850006,13.32
1/30/2018,1071.130005,0.489648,0.596778,274.015991,44.880001,242.720001,12.87
1/31/2018,1118.310059,0.539797,0.620146,272.889008,45.310001,245.800003,13.74
2/1/2018,1036.790039,0.456455,0.520347,240.964996,45.450001,240.5,13.25
2/2/2018,915.784973,0.405075,0.494574,235.630005,44.509998,233.520004,12.45
2/5/2018,697.950989,0.331192,0.341506,179.487,42.950001,213.699997,11.57
2/6/2018,793.122009,0.370811,0.425248,212.289001,43.59,225.580002,11.65
2/7/2018,757.067993,0.342125,0.376771,207.274994,41.880001,228.800003,11.6
2/8/2018,817.807007,0.363565,0.41108,247.223999,40.360001,217.520004,11.22
2/9/2018,883.86499,0.401068,0.435194,260.433014,41.470001,232.080002,11.31
2/12/2018,868.70697,0.395649,0.490282,247.567993,42.529999,228.029999,11.68
2/13/2018,845.257996,0.410614,0.570759,234.688995,42.380001,232.630005,11.78
2/14/2018,923.560974,0.453888,0.568253,276.661987,43.049999,241.419998,12.2
2/15/2018,936.976013,0.453556,0.565251,303.251007,43.52,246.5,12.19
2/16/2018,944.210022,0.455446,0.639628,296.47699,43.48,243.839996,11.82
2/20/2018,895.370972,0.402289,0.699926,304.395996,43.740002,249.080002,12.02
2/21/2018,849.971008,0.396765,0.653669,322.606995,42.889999,241.509995,11.72
2/22/2018,812.844971,0.366447,0.601923,282.76001,42.389999,242.149994,11.84
2/23/2018,864.189026,0.381985,0.674791,285.708008,43.900002,245.929993,12.07
2/26/2018,869.315002,0.364579,0.691446,293.608002,44.41,246.580002,12.42
2/27/2018,878.265015,0.362051,0.723957,302.540985,43.619999,246.059998,12.53
2/28/2018,855.198975,0.333916,0.661447,285.696991,43.349998,242,12.11
3/1/2018,872.200012,0.339314,0.663065,314.035004,42.720001,232.210007,11.9
3/2/2018,856.853027,0.320107,0.652742,344.729004,43.009998,236.539993,11.81
3/5/2018,853.684021,0.352031,0.586738,373.247009,43.490002,235.649994,11.91
3/6/2018,816.950989,0.337911,0.53387,346.39801,43.540001,242.160004,11.76
3/7/2018,752.830994,0.329103,0.521148,339.14801,44.200001,241.839996,12.24
3/8/2018,704.596008,0.311938,0.486422,278.636993,43.799999,241.179993,11.97
3/9/2018,728.916016,0.311859,0.480877,288.089996,44.59,245.330002,11.7
3/12/2018,699.830994,0.291765,0.510198,259.421997,45.220001,249.759995,11.52
3/13/2018,690.827026,0.290193,0.563841,248.067993,44.990002,247.710007,11.64
3/14/2018,614.291016,0.248689,0.443609,215.559998,45.150002,248.740005,11.36
3/15/2018,611.304016,0.240655,0.419737,213.311005,45.310001,249.339996,11.46
3/16/2018,601.666016,0.229991,0.42442,215.703003,44.970001,250.479996,11.47
3/19/2018,556.726013,0.250226,0.381644,216.772995,44.599998,241,11.43
3/20/2018,557.174988,0.267968,0.391713,223.737,44.830002,249.580002,11.11
3/21/2018,561.731995,0.254636,0.445421,218.632996,44.700001,248.559998,11.26
3/22/2018,539.702026,0.243212,0.419292,212.710007,43.689999,241.850006,10.91
3/23/2018,539.619019,0.236147,0.40914,213.914993,42.580002,232.970001,10.63
3/26/2018,489.950989,0.228861,0.371496,197.175003,44.27,244.479996,10.44
3/27/2018,450.115997,0.216033,0.342625,187.929993,43.290001,225.520004,10
3/28/2018,446.278992,0.219251,0.351367,199.158997,42.689999,221.350006,9.81
3/29/2018,385.967987,0.190819,0.280161,176.862,43.759998,231.589996,10.05
4/2/2018,386.424988,0.224878,0.273684,177.507004,42.5,221.050003,9.53
4/3/2018,416.893005,0.235691,0.295473,189.535004,43.48,225.350006,9.55
4/4/2018,380.542999,0.204108,0.290161,170.100998,43.939999,226.240005,9.77
4/5/2018,383.231995,0.19794,0.286925,173.309006,43.32,221.380005,10.02
4/6/2018,370.285004,0.193317,0.275062,162.003998,42.419998,214.25,9.61
4/9/2018,398.526001,0.197333,0.311528,167.065002,43.07,215.410004,9.53
4/10/2018,414.243011,0.199344,0.355836,165.570007,43.580002,227.910004,9.98
4/11/2018,430.540009,0.212337,0.359287,169.160995,43.380001,226.240005,9.82
4/12/2018,492.94101,0.24212,0.386811,191.944,43.849998,234.600006,10.08
4/13/2018,492.734985,0.24629,0.381543,188.867004,42.650002,231.5,9.93
4/16/2018,511.147003,0.284156,0.409538,194.100006,42.869999,231.490005,10.09
4/17/2018,502.894012,0.300202,0.416794,195.751007,42.310001,237.539993,10.52
4/18/2018,524.789001,0.351544,0.44629,228.345001,41.919998,236.369995,10.36
4/19/2018,567.888977,0.36612,0.482795,238.606003,39.529999,229.039993,10.11
4/20/2018,615.718018,0.391165,0.481416,271.981995,38.950001,228.710007,9.99
4/23/2018,642.547974,0.372128,0.492385,283.299988,38.75,223.880005,10.04
4/24/2018,708.15802,0.40067,0.536824,296.036011,38.75,221.199997,10.09
4/25/2018,615.416016,0.339517,0.434367,257.140991,38.169998,216.660004,9.71
4/26/2018,662.809021,0.387556,0.490148,268.270996,38.169998,225.220001,11.04
4/27/2018,647.031982,0.391085,0.452005,251.876007,38.169998,226.330002,11.11
4/30/2018,669.924011,0.424659,0.544691,242.455994,38.450001,224.899994,10.88
5/1/2018,673.612976,0.439733,0.550401,240.259995,38.93,227.139999,11.13
5/2/2018,687.148987,0.439227,0.564701,249.664001,37.75,226.309998,10.97
5/3/2018,779.54303,0.437379,0.567669,245.979004,38.099998,232.990005,10.93
5/4/2018,785.624023,0.43114,0.582583,241.526993,38.59,239.059998,11.28
5/7/2018,753.724976,0.395702,0.573018,233.070999,38.450001,248.679993,11.59
5/8/2018,752.856995,0.386371,0.552857,223.354004,39.18,250.399994,11.61
5/9/2018,752.275024,0.37797,0.539512,227.518997,39.349998,255.779999,11.95
5/10/2018,727.276978,0.353962,0.526373,218.222,39.77,260.130005,12.13
5/11/2018,679.585999,0.314252,0.467844,197.740005,39.91,254.529999,11.95
5/14/2018,730.549011,0.36968,0.516912,215.042999,39.950001,255.360001,12.23
5/15/2018,708.870972,0.348445,0.504004,205.169998,39.299999,245.559998,12.45
5/16/2018,707.049988,0.334677,0.480891,199.209,39.790001,246.009995,12.82
5/17/2018,672.656982,0.313497,0.444447,192.992996,38.959999,247.710007,12.82
5/18/2018,694.367004,0.319488,0.456841,204.048996,38.419998,245.940002,13
5/21/2018,699.221985,0.318115,0.424356,198.738998,39.470001,244.240005,12.99
5/22/2018,647.741028,0.301084,0.376997,176.272995,39.639999,242.699997,12.98
5/23/2018,583.585022,0.280355,0.34869,171.541,39.650002,247.539993,13.1
5/24/2018,601.755005,0.291338,0.360526,171.485001,39.27,247.690002,13.41
5/25/2018,586.734009,0.288069,0.342848,164.716995,39.299999,249.279999,13.54
5/29/2018,565.388,0.282845,0.351257,157.574997,38.16,248.589996,13.36
5/30/2018,559.590027,0.277747,0.335834,155.231995,38.34,252.990005,13.82
5/31/2018,577.64502,0.296652,0.344773,155.520996,38.700001,252.190002,13.73
6/1/2018,580.04303,0.290022,0.349503,157.537003,39.200001,257.619995,14.4
6/4/2018,592.984985,0.292158,0.340509,160.093994,39.970001,264.850006,14.85
6/5/2018,609.302979,0.294313,0.336191,167.194,39.540001,265.070007,14.85
6/6/2018,607.124023,0.298269,0.329864,164.613998,39.560001,265.149994,15.67
6/7/2018,605.187012,0.294206,0.30677,163.906006,39.52,262.899994,14.89
6/8/2018,601.077026,0.287963,0.293531,158.701004,38.93,262.279999,15.25
6/11/2018,533.283997,0.256482,0.262975,138.042007,38.759998,260.619995,15.73
6/12/2018,496.842987,0.231689,0.228636,125.655998,39.200001,262.579987,15.85
6/13/2018,477.493988,0.221691,0.214526,121.851997,39.049999,262.399994,16.32
6/14/2018,519.742004,0.242426,0.239964,132.940002,38.599998,266.910004,16.25
6/15/2018,491.003998,0.234242,0.223557,122.776001,38.689999,265.26001,16.34
6/18/2018,518.890991,0.234371,0.21008,127.427002,38.25,265.089996,17.110001
6/19/2018,537.95697,0.235309,0.220765,126.220001,37.560001,260.170013,16.690001
6/20/2018,536.268005,0.232188,0.225581,122.546997,38.349998,262.309998,16.52
6/21/2018,527.367004,0.227997,0.212881,123.612999,37.619999,257.109985,15.65
6/22/2018,465.816986,0.203407,0.186089,110.601997,38.119999,250.949997,15.8
6/25/2018,460.309998,0.197753,0.179697,126.761002,36.509998,239.119995,15.11
6/26/2018,432.772003,0.186484,0.170771,120.817001,36.459999,241.990005,15.5
6/27/2018,442.36499,0.189633,0.171995,128.710007,35.509998,235.720001,14.97
6/28/2018,422.36499,0.178951,0.166278,115.810997,35.939999,240.860001,15.31
6/29/2018,436.009003,0.18671,0.181072,126.778,36.560001,236.899994,14.99
7/2/2018,475.346985,0.213151,0.249,140.501007,36.540001,242.240005,15.16
7/3/2018,464.195007,0.206315,0.236518,138.460999,36.389999,236.839996,15
7/5/2018,474.411987,0.202978,0.218494,138.753998,36.59,242.729996,15.5
7/6/2018,474.011993,0.206381,0.229949,134.044998,37.27,247.330002,16.360001
7/9/2018,476.682007,0.207929,0.235216,135.733002,37.830002,249.25,16.610001
7/10/2018,434.424011,0.191889,0.211167,121.478996,37.93,253.25,16.549999
7/11/2018,446.518005,0.189504,0.206735,125.387001,36.970001,247.529999,16.27
7/12/2018,430.074005,0.185719,0.204594,120.238998,37.310001,251.229996,16.559999
7/13/2018,434.027008,0.204272,0.200695,122.529999,37.77,249.320007,16.27
7/16/2018,480.65799,0.237928,0.222559,135.274994,37.790001,248.199997,16.58
7/17/2018,501.002014,0.252967,0.248674,144.070999,38.040001,253.690002,16.870001
7/18/2018,480.513,0.2984,0.23978,139.766006,38.41,251.699997,16.85
7/19/2018,469.618988,0.302513,0.229673,139.533997,39.810001,252.029999,16.709999
7/20/2018,450.697998,0.271492,0.21645,130.171997,40.73,250.889999,16.5
7/23/2018,450.852997,0.284384,0.19705,133.574997,40.740002,249.410004,16.66
7/24/2018,479.372986,0.301456,0.202624,147.399002,40.389999,248.710007,16.190001
7/25/2018,472.493011,0.331706,0.243708,142.735992,40.889999,251.869995,16.049999
7/26/2018,464.036987,0.309552,0.251831,136.813995,40.82,254.839996,18.35
7/27/2018,469.665985,0.316882,0.26684,140.063995,41.450001,252.020004,18.940001
7/30/2018,457.080994,0.295923,0.318274,131.802002,41.09,244.130005,19.42
7/31/2018,433.867004,0.278009,0.293934,122.318001,41.209999,244.860001,18.33
8/1/2018,420.747009,0.276268,0.28728,128.154007,41.709999,246.470001,18.48
8/2/2018,412.621002,0.261192,0.30958,122.792999,41.549999,250.619995,18.790001
8/3/2018,418.261993,0.258956,0.284746,120.018997,41.689999,252.100006,18.49
8/6/2018,406.65799,0.234705,0.236471,113.544998,41.07,254.029999,19.43
8/7/2018,380.214996,0.230672,0.233997,108.039001,41.240002,256.950012,19.559999
8/8/2018,356.613007,0.201351,0.22804,94.534103,41.970001,258.420013,19.58
8/9/2018,365.588013,0.221435,0.276128,100.532997,41.84,256.459991,19.1
8/10/2018,334.175995,0.22543,0.274727,91.721497,41.029999,254.789993,19.059999
8/13/2018,286.494995,0.223559,0.259292,88.237198,40.709999,256.119995,19.73
8/14/2018,278.932007,0.216706,0.27191,84.178703,40.91,261.429993,20.02
8/15/2018,282.364014,0.216954,0.257547,89.5485,40.450001,259.079987,19.700001
8/16/2018,288.04599,0.216032,0.268244,91.078499,40.41,257.440002,19.33
8/17/2018,315.729004,0.23812,0.291827,99.202202,40.130001,244.820007,19.77
8/20/2018,274.315002,0.216457,0.287262,93.374802,40.099998,247.839996,19.98
8/21/2018,281.944,0.214708,0.311927,94.915802,40.889999,253.320007,20.4
8/22/2018,271.341003,0.206896,0.314632,90.080597,40.900002,262.820007,20.9
8/23/2018,277.104004,0.222162,0.321022,90.062897,40.68,266.839996,22.290001
8/24/2018,282.96701,0.219806,0.336927,93.761101,41.240002,272.220001,23.98
8/27/2018,285.602997,0.225437,0.336085,104.528999,41.529999,275.899994,25.26
8/28/2018,296.498993,0.234745,0.335793,107.523003,42.349998,274.380005,25.049999
8/29/2018,289.312012,0.226211,0.30871,103.554001,44.130001,278.48999,25.200001
8/30/2018,284.105011,0.220902,0.30539,102.814003,43.459999,277.809998,24.889999
8/31/2018,283.003998,0.222076,0.328099,116.657997,43.599998,280.679993,25.17
9/4/2018,285.722992,0.231268,0.29972,137.951004,44.110001,283.700012,28.059999
9/5/2018,232.330994,0.207437,0.268699,115.064003,44.220001,278.420013,28.51
9/6/2018,230.214996,0.207484,0.27239,117.489998,44.049999,272.720001,27.84
9/7/2018,217.203003,0.207662,0.260662,111.879997,44.880001,271.859985,27.379999
9/10/2018,197.078995,0.190839,0.247807,105.643997,44.619999,274.730011,29.889999
9/11/2018,185.065994,0.201071,0.260429,105.644997,44.549999,272.799988,30.1
9/12/2018,183.330994,0.198293,0.253495,104.322998,43.939999,268.200012,32.209999
9/13/2018,211.354004,0.207806,0.271776,112.035004,43.43,271.339996,30.48
9/14/2018,211.748993,0.201743,0.268898,116.967003,44.41,276.429993,32.720001
9/17/2018,197.875,0.196827,0.268721,107.193001,43.759998,273.929993,32.43
9/18/2018,209.975006,0.208417,0.291212,112.447998,43.560001,271.019989,31.93
9/19/2018,209.968994,0.206563,0.329173,109.514,44.02,271.980011,31.209999
9/20/2018,224.591003,0.231897,0.358403,116.278,44.169998,266.279999,31.18
9/21/2018,246.584,0.249211,0.353303,123.737999,44.060001,263.450012,31.02
9/24/2018,228.729996,0.259048,0.334657,115.480003,44.889999,265.700012,32.610001
9/25/2018,218.505005,0.252306,0.326493,116.402,44.169998,268.410004,32.57
9/26/2018,215.847,0.244767,0.348924,115.593002,44.27,266.920013,32.189999
9/27/2018,228.494003,0.259216,0.34559,119.254997,44.759998,267.399994,32.59
9/28/2018,222.401993,0.254127,0.334983,117.055,44.16,281.019989,30.889999
10/1/2018,230.768005,0.258404,0.325232,114.521004,44.66,289.359985,31.42
10/2/2018,227.181,0.248286,0.321105,116.828003,43.619999,286.480011,29.02
10/3/2018,220.488998,0.241136,0.310338,114.684998,43.959999,286.730011,28.43
10/4/2018,222.218002,0.244278,0.32094,114.533997,42.43,279.290009,27.780001
10/5/2018,227.600998,0.245192,0.356504,114.876999,41.630001,269.859985,27.35
10/8/2018,229.255005,0.249009,0.343585,114.275002,40.959999,265.769989,26.459999
10/9/2018,227.981995,0.243915,0.339712,113.674004,40.900002,265.540009,27.24
10/10/2018,225.768997,0.241593,0.347861,113.459,39.349998,245.690002,25
10/11/2018,189.498993,0.207037,0.303201,100.384003,38.939999,235.130005,25.299999
10/12/2018,196.727005,0.216032,0.311278,100.709,39.66,246.539993,26.34
10/15/2018,209.703995,0.223001,0.339638,107.109001,38.75,235.380005,26.26
10/16/2018,210.119995,0.227978,0.358845,107.394997,40.009998,245.830002,28.18
10/17/2018,207.082993,0.240403,0.376968,105.362,39.57,243.059998,27.299999
10/18/2018,203.352005,0.239452,0.376913,102.913002,38.540001,239.529999,26.620001
10/19/2018,203.727005,0.242853,0.361977,103.723,38.450001,229.169998,23.66
10/22/2018,204.044006,0.242361,0.390431,105.459999,38.720001,231.220001,25.030001
10/23/2018,204.335999,0.242215,0.437883,108.442001,38,221.059998,25.09
10/24/2018,203.852005,0.23776,0.412075,106.949997,36.48,199.410004,22.790001
10/25/2018,202.718994,0.235646,0.437743,106.321999,37.389999,207.839996,19.27
10/26/2018,203.328995,0.234011,0.432123,105.017998,36.669998,198.289993,17.629999
10/29/2018,197.246994,0.222357,0.418148,101.487999,36.330002,185.619995,16.85
10/30/2018,197.556,0.225093,0.45041,102.553001,37.779999,203,17.200001
10/31/2018,197.380997,0.223471,0.506044,103.834,38.099998,210.830002,18.209999
11/1/2018,198.871994,0.222945,0.514022,103.880997,39.049999,218.110001,20.219999
11/2/2018,200.634995,0.234244,0.500783,105.779999,38.779999,214.919998,20.23
11/5/2018,209.091003,0.246529,0.481368,111.345001,38.48,211.770004,19.9
11/6/2018,218.451996,0.265596,0.484115,112.893997,38.73,211.059998,20.68
11/7/2018,217.182999,0.256718,0.482141,111.513,39.18,213.789993,21.84
11/8/2018,212.231003,0.256043,0.497974,108.427002,38.700001,205.990005,21.200001
11/9/2018,210.074005,0.255542,0.492477,106.892998,38.07,205.669998,21.030001
11/12/2018,210.417999,0.267326,0.562799,105.139,37.060001,189.539993,19.030001
11/13/2018,206.826004,0.257787,0.581442,105.112999,37.400002,199.309998,19.610001
11/14/2018,181.397003,0.233043,0.547843,90.758202,37.84,197.190002,20.809999
11/15/2018,180.806,0.241944,0.541633,88.672501,38.52,202.389999,21.49
11/16/2018,175.177002,0.23885,0.512894,87.055298,36.869999,164.429993,20.66
11/19/2018,149.175003,0.224412,0.41129,72.489998,36.049999,144.699997,19.110001
11/20/2018,130.339005,0.193193,0.341813,66.486,35.639999,149.080002,19.209999
11/21/2018,136.701004,0.203688,0.367507,68.942802,36.169998,144.710007,18.73
11/23/2018,123.295998,0.181211,0.329343,66.6269,35.959999,145,19.379999
11/26/2018,108.334999,0.144795,0.283866,53.216999,36.84,153.050003,20.08
11/27/2018,110.010002,0.144374,0.287584,57.131599,36.799999,153.729996,21.049999
11/28/2018,122.438004,0.162237,0.33146,63.524101,38.009998,160.070007,21.34
11/29/2018,117.542648,0.16508,0.344782,61.195538,37.93,157.360001,21.43
11/30/2018,113.171417,0.15863,0.322242,57.792904,37.59,163.429993,21.299999
12/3/2018,108.925018,0.149536,0.288482,54.837246,38.73,170.039993,23.709999
12/4/2018,110.214188,0.147653,0.287812,56.978962,37.439999,157.110001,21.120001
12/6/2018,91.761055,0.119594,0.222732,46.534531,36.860001,158.289993,21.299999
12/7/2018,93.294563,0.115263,0.216468,46.462021,36.52,147.610001,19.459999
12/10/2018,91.685654,0.118253,0.219072,44.604153,36.43,151.860001,19.99
12/11/2018,88.945305,0.112835,0.223391,42.736801,36.700001,148.190002,19.98
12/12/2018,90.5933,0.11369,0.226759,43.936119,37.380001,148.899994,20.48
12/13/2018,86.539314,0.1058,0.205696,40.962246,37.330002,148.889999,19.860001
12/14/2018,84.308296,0.09774,0.202932,39.282673,36.529999,146.449997,19.9
12/17/2018,95.133827,0.109693,0.233422,43.82275,36.220001,143.580002,18.83
12/18/2018,101.112457,0.11433,0.270225,46.582493,36.759998,146.940002,19.5
12/19/2018,101.268578,0.114245,0.296346,46.312855,36.23,138.509995,18.16
12/20/2018,116.216873,0.12655,0.338506,55.075401,35.880001,135.100006,17.940001
12/21/2018,109.496231,0.119916,0.298483,51.819595,35.709999,129.570007,16.93
12/24/2018,140.238007,0.13252,0.307952,56.335178,35.290001,127.080002,16.65
12/26/2018,131.865631,0.120607,0.307583,49.374691,36.759998,133.100006,17.9
12/27/2018,116.575912,0.110486,0.275171,44.466694,36.779999,131.169998,17.49
12/28/2018,137.647018,0.121383,0.298379,49.770248,37.139999,133.649994,17.82
12/31/2018,133.368256,0.112813,0.289444,46.228168,36.91,133.5,18.459999
1/2/2019,155.047684,0.119331,0.316489,52.252449,36.52,136.220001,18.83
1/3/2019,149.13501,0.113825,0.365974,49.815357,34.360001,127.989998,17.049999
1/4/2019,154.58194,0.115361,0.437175,50.630875,34.970001,136.190002,19
1/7/2019,151.699219,0.12322,0.376474,52.826897,35.23,143.399994,20.57
1/8/2019,150.359634,0.123119,0.424198,53.155445,34.939999,139.830002,20.75
1/9/2019,150.803116,0.123774,0.401805,52.713856,35.610001,142.580002,20.190001
1/10/2019,128.625183,0.109879,0.354604,45.496136,36.419998,145.229996,19.74
1/11/2019,127.548325,0.107332,0.444193,45.804752,36.610001,148.830002,20.27
1/14/2019,129.068726,0.109649,0.48566,45.914585,35.759998,150.440002,20.23
1/15/2019,122.032715,0.105685,0.518795,44.950611,36.040001,149.869995,20.379999
1/16/2019,123.547066,0.106891,0.497374,46.181438,35.639999,148.839996,19.73
1/17/2019,123.74192,0.108461,0.483012,45.653633,36.290001,151.720001,20.25
1/18/2019,121.010262,0.106821,0.500732,45.125832,36.84,156.929993,20.77
1/22/2019,118.747551,0.104103,0.540335,45.920597,36.369999,148.770004,19.76
1/23/2019,117.452606,0.102576,0.509976,44.880501,36.490002,149.289993,19.799999
1/24/2019,117.362885,0.10221,0.504242,45.783047,37.639999,157.839996,20.85
1/25/2019,116.378342,0.101741,0.479549,46.889336,38.139999,160.149994,21.93
1/28/2019,106.589973,0.087904,0.41349,43.589233,37.439999,138.009995,20.18
1/29/2019,105.598213,0.083923,0.455235,43.710106,36.330002,131.600006,19.25
1/30/2019,108.907539,0.085634,0.426929,44.264606,37.380001,137.389999,23.09
1/31/2019,107.061012,0.082631,0.38769,43.664097,37.619999,143.75,24.41
2/1/2019,107.609787,0.08358,0.419263,43.722866,37.57,144.729996,24.51
2/4/2019,107.821602,0.07973,0.394452,42.796654,37.939999,149.179993,24.129999
2/5/2019,107.44352,0.077882,0.421776,43.336124,38.25,149.949997,23.309999
2/6/2019,104.919289,0.074387,0.39962,43.143562,38.740002,153,23.26
2/7/2019,104.535301,0.074688,0.401474,43.212105,38.119999,147.419998,22.67
2/8/2019,119.267746,0.081224,0.436519,48.116745,37.790001,148.169998,23.049999
2/11/2019,121.298393,0.077595,0.429451,48.270901,38.290001,146.449997,22.959999
2/12/2019,122.572289,0.077616,0.425395,49.052044,38.639999,151.169998,22.82
2/13/2019,122.553604,0.07699,0.444044,49.330051,38.130001,152.880005,22.85
2/14/2019,121.390205,0.076635,0.428376,46.862133,38.060001,154.529999,23.129999
2/15/2019,122.100388,0.079276,0.432969,47.438251,38.09,157.339996,23.68
2/19/2019,145.346191,0.089982,0.458156,52.327351,38.459999,156.639999,23.950001
2/20/2019,149.554337,0.091735,0.46611,52.110649,39,158.550003,23.950001
2/21/2019,146.130844,0.089091,0.445463,50.436028,38.98,155.770004,23.92
2/22/2019,149.092453,0.090668,0.452029,52.642246,39.389999,159.190002,24.360001
2/25/2019,139.822861,0.087305,0.470638,50.078457,39.580002,158.690002,24.709999
2/26/2019,138.089676,0.0868,0.437432,49.405342,39.599998,157.100006,24.209999
2/27/2019,136.125961,0.086195,0.431479,49.988094,39.450001,155.410004,23.48
2/28/2019,136.746246,0.085503,0.427421,49.121269,39.049999,154.259995,23.530001
3/1/2019,136.443619,0.085833,0.431785,49.562172,39.389999,156.449997,23.68
3/4/2019,127.774124,0.083539,0.407811,48.493286,39.150002,156.779999,23.370001
3/5/2019,137.822388,0.086299,0.432997,50.548523,39.02,156.520004,23.5
3/6/2019,138.789352,0.085566,0.431821,50.848656,38.790001,152.050003,22.41
3/7/2019,138.0345,0.085541,0.455832,51.028378,38.630001,149.259995,22.08
3/8/2019,135.127075,0.087246,0.466202,50.01823,38.200001,150.639999,22.01
3/11/2019,133.83403,0.102263,0.46749,50.2356,38.639999,161.139999,22.959999
3/12/2019,134.442886,0.104598,0.488552,51.472065,38.900002,162.520004,23.49
3/13/2019,133.263077,0.108199,0.48451,52.040318,39.209999,168.619995,23.379999
3/14/2019,133.711594,0.107272,0.491097,52.354507,38.82,165.559998,22.82
3/15/2019,137.691788,0.107773,0.490087,53.606991,39.650002,169.809998,23.290001
3/18/2019,139.374603,0.115914,0.480714,53.48814,39.849998,168.949997,23.25
3/19/2019,140.519196,0.113248,0.485391,54.750629,39.759998,175.710007,26
3/20/2019,140.686356,0.111403,0.486086,55.880741,39.849998,174.399994,25.700001
3/21/2019,136.636063,0.107947,0.461061,53.852985,41.040001,183.940002,27.889999
3/22/2019,137.181442,0.108693,0.466446,53.923119,40.43,177.5,26.370001
3/25/2019,135.031021,0.102469,0.476395,52.339848,39.919998,173.779999,25.969999
3/26/2019,135.460358,0.103379,0.463601,52.940498,40.400002,176.869995,25.690001
3/27/2019,140.988159,0.108062,0.499871,54.72979,40.200001,176.5,24.889999
3/28/2019,139.416473,0.10744,0.503459,53.898415,40.34,177.25,25.059999
3/29/2019,142.497421,0.107572,0.499502,53.482815,40.959999,179.559998,25.52
4/1/2019,141.830322,0.109615,0.556138,59.97316,41.369999,182.279999,26.360001
4/2/2019,163.961746,0.121901,0.584279,69.059052,41.27,183,26.75
4/3/2019,161.458801,0.121339,0.565453,65.706596,41.790001,188.619995,29.02
4/4/2019,158.052536,0.118788,0.54224,63.926052,42.040001,188.259995,29.09
4/5/2019,165.514847,0.126367,0.577468,69.16214,42.23,190.949997,28.98
4/8/2019,180.25882,0.131996,0.568899,71.093414,42.389999,191.789993,28.530001
4/9/2019,176.114578,0.125384,0.53468,68.372604,42.209999,189.259995,27.24
4/10/2019,177.337479,0.125462,0.520257,70.977356,42.369999,192.100006,27.83
4/11/2019,165.497025,0.116685,0.486123,66.367119,42.099998,191.539993,27.790001
4/12/2019,164.736328,0.114609,0.49535,66.101357,42.580002,190.009995,27.85
4/15/2019,161.574173,0.113629,0.492214,64.35228,42.610001,184.699997,27.33
4/16/2019,167.623444,0.117505,0.503054,68.903076,43.009998,188.210007,27.93
4/17/2019,166.95076,0.116636,0.500259,67.477394,44.389999,187.289993,27.49
4/18/2019,173.814026,0.117363,0.524362,69.16214,45.400002,186.300003,27.68
4/22/2019,171.874664,0.113495,0.496664,68.592636,45.150002,188.470001,28.18
4/23/2019,171.4478,0.111824,0.481483,69.330948,45.419998,190.669998,27.969999
4/24/2019,165.826096,0.103259,0.478313,67.679436,45.41,191.169998,28.459999
4/25/2019,154.459396,0.099075,0.445506,61.301388,44.48,186.910004,27.66
4/26/2019,156.347092,0.09914,0.436926,62.089672,43.939999,178.089996,27.879999
4/29/2019,155.201996,0.096475,0.433501,60.541924,43.830002,179.330002,27.690001
4/30/2019,162.166031,0.099953,0.47317,62.095947,43.82,181,27.629999
5/1/2019,160.818344,0.101351,0.476025,64.959656,43.82,180.470001,26.809999
5/2/2019,162.122787,0.100275,0.463421,64.406868,44.400002,183.190002,28.290001
5/3/2019,167.952408,0.102295,0.512165,67.024811,44.709999,183.009995,28.219999
5/6/2019,172.653214,0.097809,0.57812,66.548279,43.759998,179.850006,27.42
5/7/2019,169.79866,0.094926,0.544724,65.544525,43.759998,173.110001,26.66
5/8/2019,170.948166,0.093697,0.591537,67.329552,43.700001,173.919998,27.09
5/9/2019,170.289307,0.090232,0.639849,64.6866,43.25,170.190002,27.209999
5/10/2019,173.142746,0.092452,0.67146,68.072891,42.830002,168.820007,27.959999
5/13/2019,196.846283,0.100416,0.646697,79.157272,40.990002,158.449997,26.24
5/14/2019,217.148575,0.112994,0.823082,83.074654,41.970001,162.039993,27.32
5/15/2019,247.153061,0.137002,0.845574,94.083717,41.970001,159.580002,27.58
5/16/2019,264.01001,0.137283,0.926125,87.010948,41.529999,160.190002,28.01
5/17/2019,243.764587,0.126562,0.887731,82.008835,40.25,156.529999,27.5
5/20/2019,251.86441,0.135545,1.128938,87.60836,38.66,151.75,26.68
5/21/2019,255.215881,0.134326,1.185923,89.003471,39.299999,155.059998,27.35
5/22/2019,244.698914,0.124257,1.220044,83.505188,38.900002,152.199997,27.41
5/23/2019,245.965668,0.125167,1.344991,84.623131,38.07,147.320007,26.360001
5/24/2019,249.484985,0.125944,1.33696,85.577827,38.200001,145.149994,26.440001
5/28/2019,271.768707,0.13896,1.275389,96.060982,37.650002,143.330002,29.049999
5/29/2019,269.455688,0.136491,1.182788,93.989113,37.689999,140.339996,28.09
5/30/2019,255.858948,0.130067,1.024751,91.964775,38.040001,139.110001,28.030001
5/31/2019,268.113556,0.133664,1.02152,93.216705,38.349998,135.460007,27.41
6/3/2019,252.607925,0.129983,0.910969,89.709602,38.82,133.779999,27.58
6/4/2019,241.338791,0.122077,0.88325,83.34359,39.060001,143,29.57
6/5/2019,247.05101,0.121284,1.077118,84.98568,38.23,141.279999,29.5
6/6/2019,249.474335,0.124382,1.119633,86.935844,38.439999,143.779999,31.82
6/7/2019,250.930359,0.127542,1.177613,88.267052,38.82,145.5,32.41
6/10/2019,247.520126,0.12394,1.191716,86.918793,39.619999,148.429993,33.23
6/11/2019,245.78183,0.122827,1.138305,86.715004,39.959999,150.75,32.41
6/12/2019,260.90329,0.126446,1.142759,90.134514,39.459999,146.199997,32.18
6/13/2019,256.168793,0.124728,1.84792,89.260742,39.450001,148.259995,31.389999
6/14/2019,264.087463,0.12532,1.676558,90.506554,37.84,144.639999,30.360001
6/17/2019,274.351105,0.131035,1.971635,98.349022,37.66,145.029999,29.200001
6/18/2019,265.051849,0.124565,1.818537,96.243507,39.209999,152.880005,30.450001
6/19/2019,269.431793,0.124302,1.838441,100.407219,39.400002,153.119995,30.5
6/20/2019,271.695007,0.121507,1.765551,104.979973,40.509998,154.100006,30.01
6/21/2019,294.910278,0.124048,1.702871,109.234108,40.52,151.759995,29.1
6/24/2019,310.424683,0.127749,1.860334,117.416252,39.98,152.660004,29.26
6/25/2019,318.126312,0.124491,2.189712,112.316864,38.919998,151.479996,28.860001
6/26/2019,336.753174,0.122628,2.26156,103.91806,39.080002,159.259995,29.92
6/27/2019,294.267639,0.107494,2.267606,94.414558,39.59,163.229996,30.74
6/28/2019,311.226105,0.11202,2.961826,101.642365,39.169998,164.229996,30.370001
7/1/2019,293.641113,0.105284,3.591973,88.423225,41.380001,166.169998,31.200001
7/2/2019,291.596436,0.10339,3.645436,86.264908,40.799999,162.229996,31.24
7/3/2019,303.099976,0.106724,3.533164,90.001793,40.330002,162.75,31.190001
7/5/2019,287.997528,0.099891,3.622153,89.129013,39.93,160.229996,31.5
7/8/2019,313.251404,0.105023,3.335758,101.586494,39.32,157.210007,32.040001
7/9/2019,308.881012,0.101834,3.112949,99.418083,39.669998,157.309998,33.150002
7/10/2019,290.002319,0.095057,3.118319,94.937035,40.709999,160.059998,33.790001
7/11/2019,268.704041,0.087008,2.82714,89.114677,40.900002,166.279999,33.060001
7/12/2019,276.276703,0.097963,3.173851,98.250443,41.23,167.610001,33.209999
7/15/2019,229.776001,0.08649,2.728492,89.496063,41.82,167.270004,34.389999
7/16/2019,199.188675,0.078318,2.19765,74.01622,41.77,167.080002,33.849998
7/17/2019,211.48497,0.080627,2.379704,76.458504,41.630001,169.710007,33.599998
7/18/2019,226.566162,0.088882,2.679091,84.121048,43.189999,170.179993,33
7/19/2019,221.33342,0.093768,2.608851,82.296654,43.830002,168.440002,32.509998
7/22/2019,217.560013,0.088876,2.425729,83.181229,44.599998,171.320007,32.849998
7/23/2019,212.728516,0.084468,2.370991,80.862701,44.419998,175.660004,33.490002
7/24/2019,217.046371,0.086002,2.405396,80.488373,44.540001,178.660004,34.110001
7/25/2019,219.617996,0.08569,2.384253,80.682877,43.619999,173.380005,33.669998
7/26/2019,219.629608,0.087965,2.403562,80.2939,43.459999,175.070007,34.02
7/29/2019,211.268051,0.083513,2.140304,77.958351,43.939999,174.820007,33.48
7/30/2019,210.522598,0.083562,2.089139,78.376625,43.110001,175.449997,33.869999
7/31/2019,218.654144,0.083932,2.196838,80.681198,42.630001,168.720001,30.450001
8/1/2019,217.808441,0.083026,2.181257,81.966087,41.869999,164.919998,29.860001
8/2/2019,217.871567,0.081989,2.399795,83.912712,41.650002,161.190002,29.440001
8/5/2019,234.215027,0.082619,2.484375,93.654106,39.869999,150.789993,27.99
8/6/2019,226.020645,0.078212,2.46067,89.743713,41.259998,152.350006,28.860001
8/7/2019,226.391006,0.078641,2.391855,97.485825,41.259998,153.889999,29.190001
8/8/2019,220.941864,0.076857,2.289084,95.154938,41.900002,158.259995,33.919998
8/9/2019,210.488907,0.072203,2.179155,93.362862,41.41,154.179993,34.189999
8/12/2019,211.288071,0.075415,2.379978,91.181992,40.959999,151.449997,32.43
8/13/2019,208.709045,0.074162,2.41308,85.524147,41.84,156.050003,32.110001
8/14/2019,186.607742,0.069183,2.271148,78.484695,40.43,150.070007,30.24
8/15/2019,188.50206,0.070261,2.412745,82.526733,40.860001,148.770004,29.67
8/16/2019,185.440079,0.068921,2.321893,82.498695,41.540001,159.559998,31.18
8/19/2019,203.091934,0.071795,2.505152,90.153481,41.779999,170.779999,31.48
8/20/2019,196.565414,0.0702,2.380463,85.741058,41.939999,167.869995,30.719999
8/21/2019,186.891632,0.067697,2.216314,80.565483,42.580002,171.229996,31.700001
8/22/2019,191.332916,0.066138,2.229581,82.253517,42.130001,171.479996,31.9
8/23/2019,194.706207,0.068925,2.253302,82.168625,40.950001,162.440002,29.540001
8/26/2019,188.929382,0.070189,2.076848,79.70443,41.34,165.449997,30.280001
8/27/2019,187.516663,0.068786,2.107181,78.208336,41.349998,161.800003,30.200001
8/28/2019,173.889969,0.066325,1.900387,72.365707,41.650002,161.220001,30.780001
8/29/2019,169.516739,0.062954,1.783433,67.16037,42.279999,167,31.450001
8/30/2019,168.834869,0.062299,1.80638,67.850594,42.630001,167.509995,31.450001
9/3/2019,179.499329,0.063209,1.854688,74.928619,41.720001,164.169998,30.9
9/4/2019,175.992889,0.062178,1.785245,73.927467,43.150002,168.759995,30.950001
9/5/2019,174.217133,0.060461,1.797884,75.963547,44.240002,179.740005,31.5
9/6/2019,169.956177,0.058645,1.731496,75.603043,43.709999,178.649994,30.559999
9/9/2019,181.14946,0.059846,1.796893,75.146423,43.849998,180.5,30.5
9/10/2019,179.78717,0.058373,1.80213,72.229408,44.099998,183.179993,30.23
9/11/2019,178.725494,0.059784,1.734827,74.361427,44.220001,184.330002,29.76
9/12/2019,181.016098,0.058469,1.707639,75.12957,44.07,184.270004,30.209999
9/13/2019,181.109726,0.05694,1.580933,76.910728,44.740002,181.940002,30.690001
9/16/2019,197.113174,0.058621,1.581435,75.345085,44.599998,180.210007,30.83
9/17/2019,208.608749,0.063745,1.629438,74.283409,45.130001,181.070007,30.99
9/18/2019,211.393036,0.083118,1.809821,81.765289,45.040001,179.979996,30.42
9/19/2019,221.280853,0.081387,1.87587,76.02626,44.900002,176.940002,30.290001
9/20/2019,218.050049,0.073912,1.82775,74.006447,43.869999,172.690002,30.049999
9/23/2019,201.92131,0.062548,1.807347,68.719917,44.07,174.839996,30.639999
9/24/2019,168.110733,0.054504,1.735809,59.216564,44.119999,172.529999,29.52
9/25/2019,170.8927,0.057019,1.760189,59.864143,45.009998,178.229996,29.540001
9/26/2019,166.727127,0.058507,1.658976,57.574059,46.459999,177.339996,29.469999
9/27/2019,174.710999,0.0599,1.670161,58.041927,45.509998,171.759995,28.719999
9/30/2019,179.872208,0.06144,1.763507,56.816639,46.48,174.070007,28.99
10/1/2019,177.340424,0.059103,1.839308,55.842888,47.189999,174,28.76
10/2/2019,180.71051,0.059792,2.01666,56.060883,46.43,173.039993,28.309999
10/3/2019,175.199341,0.058875,1.951038,56.271393,47.130001,181.309998,28.68
10/4/2019,176.985001,0.059095,1.978818,57.66848,47.419998,181.970001,29.01
10/7/2019,181.18634,0.061397,2.401859,56.552586,47.950001,184.330002,28.93
10/8/2019,182.021561,0.061886,2.578111,55.869465,47.860001,177.229996,28.23
10/9/2019,193.293259,0.063355,2.803853,57.446529,48.68,180.710007,28.459999
10/10/2019,191.659668,0.061946,2.635488,55.951084,48.93,183.029999,28.379999
10/11/2019,182.569687,0.060821,2.772361,54.483234,49.419998,185.990005,29.75
10/14/2019,186.960907,0.064925,2.539667,53.021992,49.91,186.529999,30.530001
10/15/2019,181.406067,0.064264,2.394792,52.188267,50.389999,196.369995,30.719999
10/16/2019,176.013504,0.062401,2.391249,55.08812,50.130001,194.210007,30.809999
10/17/2019,178.028351,0.064547,2.424113,56.053265,49.75,194.289993,31.139999
10/18/2019,173.621338,0.063717,2.358567,56.506096,49.279999,190.490005,30.969999
10/21/2019,174.92099,0.063975,2.632044,57.838299,50,196.009995,32.029999
10/22/2019,172.300858,0.062811,2.605548,56.65881,50.639999,195.610001,31.51
10/23/2019,162.402786,0.059984,2.612499,53.00922,50.169998,195.089996,31.360001
10/24/2019,162.168549,0.060612,2.751632,53.552078,50.950001,196.860001,31.719999
10/25/2019,181.523209,0.063761,2.83809,58.971272,51.130001,204.539993,32.709999
10/28/2019,182.662811,0.064778,2.671974,59.548878,51.310001,206.789993,33.689999
10/29/2019,190.342575,0.066185,2.670044,59.864353,51.470001,202.919998,33.029999
10/30/2019,184.692169,0.064568,2.624211,58.620705,51.91,203,33.130001
10/31/2019,183.966919,0.065215,2.73793,59.295704,51.630001,201.020004,33.93
11/1/2019,183.969894,0.069231,2.720022,60.871792,52.099998,202.589996,34.889999
11/4/2019,186.355194,0.07639,2.686752,63.133537,53.490002,210.5,36.290001
11/5/2019,189.304169,0.082164,2.682662,62.984478,53.549999,209.610001,36.150002
11/6/2019,191.593842,0.078435,2.740215,64.208824,53.639999,207.630005,35.93
11/7/2019,187.976547,0.075014,2.690742,63.505329,53.669998,208.339996,36.279999
11/8/2019,184.211472,0.071888,2.716641,60.890732,52.830002,207.779999,36.290001
11/11/2019,185.489639,0.079809,2.750326,61.929924,52.599998,208.179993,36.310001
11/12/2019,186.843414,0.077072,2.817811,62.257629,52.150002,209.610001,36.709999
11/13/2019,188.258743,0.076576,3.01829,65.330238,52.880001,208.570007,37.52
11/14/2019,185.999634,0.07474,3.063036,65.538177,52.48,209.789993,38.349998
11/15/2019,180.521179,0.072335,3.035152,61.958366,53.290001,204.190002,38.560001
11/18/2019,180.559601,0.068304,2.82661,59.375107,53.419998,212.279999,39.880001
11/19/2019,177.455551,0.065751,2.75657,58.964104,53.759998,207.990005,41.290001
11/20/2019,175.698349,0.065502,2.708266,58.251621,53.5,211.179993,40.98
11/21/2019,161.462723,0.061683,2.549667,54.14484,52.98,210.179993,39.52
11/22/2019,150.268173,0.059502,2.351865,51.266617,52.790001,210.889999,39.150002
11/25/2019,146.476532,0.057595,2.275065,50.200909,53.759998,221.210007,39.790001
11/26/2019,148.965073,0.058553,2.276428,51.720078,53.630001,217,38.990002
11/27/2019,153.010559,0.059057,2.229166,55.963017,53.889999,218.240005,39.41
11/29/2019,155.304153,0.059152,2.34262,55.954185,53.09,216.740005,39.150002
12/2/2019,149.059158,0.056078,2.094976,54.031662,52.98,209.25,38.73
12/3/2019,147.956421,0.05598,2.129985,53.426609,52.779999,207.660004,38.900002
12/4/2019,146.747742,0.055419,2.048652,53.051445,53.18,209.419998,39.689999
12/5/2019,149.248993,0.055518,2.025807,54.006493,54.400002,208.740005,39.619999
12/6/2019,149.194443,0.055028,2.092442,54.245892,54.939999,212.169998,39.630001
12/9/2019,148.225174,0.05445,2.091032,54.310909,54.459999,212.169998,38.93
12/10/2019,146.267044,0.053607,2.270657,53.007858,54.52,213.979996,39.439999
12/11/2019,143.608002,0.052692,2.178049,53.06813,55.900002,217.339996,39.470001
12/12/2019,145.604004,0.052721,2.119071,53.306873,58.610001,224.070007,42.59
12/13/2019,144.944748,0.05299,2.07731,52.619671,58.25,223.990005,41.150002
12/16/2019,133.614029,0.048549,1.981583,49.448708,58.540001,225.149994,42.349998
12/17/2019,122.603889,0.044053,1.756352,44.944107,59.23,228.289993,42.77
12/18/2019,133.092194,0.046013,1.880721,47.932434,59.099998,229.509995,42.299999
12/19/2019,129.321136,0.044964,1.820493,47.865131,57.959999,235.460007,42.830002
12/20/2019,129.066055,0.046269,1.923433,47.058422,57.93,239.369995,44.150002
12/23/2019,128.61409,0.044849,1.87685,47.343552,58.220001,238.820007,45.459999
12/24/2019,129.063889,0.045083,1.86312,46.208752,57.759998,238.619995,46.540001
12/26/2019,126.361221,0.045101,1.8618,45.307041,58.25,239.190002,46.630001
12/27/2019,127.214607,0.046086,1.886506,45.344425,58.459999,236.869995,46.18
12/30/2019,132.633484,0.045954,1.838974,46.498085,57.849998,232.320007,45.52
12/31/2019,129.610855,0.045224,1.769471,44.567886,58.099998,235.300003,45.860001
1/2/2020,127.410179,0.044112,1.741144,45.74947,60.040001,239.910004,49.099998
1/3/2020,134.171707,0.045234,1.809708,51.092037,58.060001,236.070007,48.599998
1/6/2020,144.304153,0.049124,1.937466,58.970917,57.389999,237.059998,48.389999
1/7/2020,143.543991,0.049838,2.114098,58.818295,58.32,239.929993,48.25
1/8/2020,141.258133,0.048717,2.183606,59.464172,58.75,240.380005,47.830002
1/9/2020,138.979202,0.046458,2.186049,59.197315,59.23,243.020004,48.970001
1/10/2020,143.963776,0.046402,2.223959,58.574028,58.860001,244.320007,48.169998
1/13/2020,144.226593,0.048122,2.192453,58.005684,60.060001,251.979996,48.75
1/14/2020,165.955353,0.052115,2.389927,62.821903,60.32,247.279999,48.209999
1/15/2020,166.230682,0.054789,2.404977,68.338852,58.389999,245.570007,48.549999
1/16/2020,164.391006,0.053748,2.484479,65.680695,58.75,248.929993,49.77
1/17/2020,170.779953,0.060052,2.724109,69.176346,58.580002,249.279999,50.93
1/21/2020,169.697159,0.06242,2.67355,65.962959,58.240002,247.940002,51.049999
1/22/2020,168.294159,0.059889,2.645582,65.034142,58.349998,250.110001,51.43
1/23/2020,162.928558,0.059238,2.462109,62.533157,57.48,252.860001,51.709999
1/24/2020,163.051178,0.057303,2.50439,61.764793,57.73,250.479996,50.349998
1/27/2020,170.930893,0.059645,2.609652,65.584099,55.259998,240.199997,49.259998
1/28/2020,176.370316,0.060303,2.655339,67.721085,57.09,247.970001,50.529999
1/29/2020,175.050339,0.061739,2.785324,70.040878,57.189999,245.539993,47.509998
1/30/2020,184.690475,0.061207,2.912988,74.977409,55.799999,245.809998,48.779999
1/31/2020,180.160172,0.061554,2.823791,72.08709,53.939999,236.429993,47
2/3/2020,189.865067,0.064061,2.774659,76.824638,54.77,240.330002,48.02
2/4/2020,189.250595,0.066291,2.741121,75.272232,57.52,247.130005,49.450001
2/5/2020,204.23024,0.068733,2.845629,77.994476,57.919998,250.759995,49.84
2/6/2020,212.339081,0.07054,2.884682,78.086693,58.02,254.25,49.32
2/7/2020,222.726059,0.071625,3.308532,79.565422,56.200001,251.589996,49.73
2/10/2020,223.522705,0.070855,3.411484,84.824341,57.02,262.970001,52.259998
2/11/2020,235.851196,0.073741,3.975559,89.821365,58.66,267.890015,53.799999
2/12/2020,265.406128,0.08004,4.025119,95.24086,59.630001,272.540009,53.889999
2/13/2020,268.099243,0.082655,3.874435,92.46109,59.330002,270.779999,54.529999
2/14/2020,284.217499,0.085796,4.414373,94.819801,58.189999,289.790009,55.310001
2/18/2020,281.94458,0.074642,4.543797,86.102165,56.18,296.570007,56.889999
2/19/2020,259.763977,0.07072,4.401326,78.189384,57.639999,314.700012,58.900002
2/20/2020,257.949463,0.071169,4.271369,76.604721,56.48,308.700012,57.27
2/21/2020,265.600616,0.071953,4.292058,80.403488,55.59,294.070007,53.279999
2/24/2020,265.216431,0.06938,3.913673,79.124397,54.119999,273.279999,49.119999
2/25/2020,247.817596,0.065325,3.513104,76.797249,53.860001,262.049988,47.57
2/26/2020,225.680267,0.059303,3.600725,70.88343,55.029999,267.649994,47.490002
2/27/2020,226.753387,0.060011,3.948595,69.822617,53.290001,252.600006,44.009998
2/28/2020,226.760498,0.058305,4.16191,68.146507,53.84,270.070007,45.48
3/2/2020,230.569778,0.059206,4.215007,68.482414,55.98,276.429993,47.459999
3/3/2020,224.47963,0.058352,4.583632,66.028564,54.880001,265.890015,46.75
3/4/2020,224.517975,0.058593,4.644871,65.835876,57.080002,284.51001,50.110001
3/5/2020,229.268188,0.059758,4.721254,68.632385,55.73,273.290009,48.110001
3/6/2020,243.525299,0.061181,4.678498,68.917694,55.07,266.040009,48.59
3/9/2020,201.986328,0.05192,4.063915,55.251534,51.830002,245.440002,43.27
3/10/2020,200.767242,0.051989,4.084932,54.953838,54.509998,261.079987,45.380001
3/11/2020,194.86853,0.050387,3.817517,54.112373,52.240002,246.470001,45.700001
3/12/2020,112.347122,0.033441,2.064779,33.010323,48.689999,216.309998,39.009998
3/13/2020,133.201813,0.039531,2.421135,36.835373,52.23,240.839996,43.900002
3/16/2020,110.605873,0.035161,1.779877,33.816479,44.900002,196.399994,38.709999
3/17/2020,113.942749,0.03682,1.842805,35.36676,48.540001,217.270004,41.880001
3/18/2020,114.84227,0.035979,1.8877,35.922001,44.369999,202.820007,39.119999
3/19/2020,136.593857,0.041494,2.246666,41.103573,43.889999,212.970001,39.82
3/20/2020,132.737167,0.039919,2.2479,40.118107,44.529999,205.75,39.610001
3/23/2020,134.911606,0.03926,2.237793,44.140224,45.259998,212.690002,41.639999
3/24/2020,138.761444,0.040305,2.307897,47.180721,48.869999,249.179993,46.220001
3/25/2020,136.195892,0.040579,2.259675,47.048679,49,245.619995,44.630001
3/26/2020,138.361557,0.042538,2.295138,50.188301,49.869999,257.23999,47.5
3/27/2020,133.937943,0.041172,2.174971,48.448612,46.91,252.729996,46.580002
3/30/2020,132.904541,0.040209,2.15332,46.784622,47.82,265.589996,47.860001
3/31/2020,133.593567,0.040846,2.270344,47.778564,47.790001,263.600006,45.48
4/1/2020,135.634552,0.040816,2.27826,48.511734,46.509998,243.070007,43.66
4/2/2020,142.029144,0.041303,2.301709,50.755833,48.130001,255.470001,44.490002
4/3/2020,142.091309,0.041571,2.305067,52.948505,47.060001,243.910004,42.59
4/6/2020,169.13588,0.049474,2.513414,58.378181,49.970001,268.399994,47.52
4/7/2020,165.101944,0.048317,2.717985,55.929985,49.720001,259.029999,47.560001
4/8/2020,172.641739,0.050983,3.139041,57.550617,50.27,266.950012,48.790001
4/9/2020,170.807144,0.052039,3.321694,58.496025,48.330002,262.950012,48.380001
4/13/2020,156.279556,0.048339,3.369805,52.952171,48.75,269.850006,50.939999
4/14/2020,157.59639,0.048215,3.236892,53.833237,50.630001,283.950012,54.93
4/15/2020,153.286896,0.046409,3.129015,53.15387,49.66,280.839996,54.990002
4/16/2020,172.157379,0.049125,3.468648,56.884686,52.400002,294.700012,56.950001
4/20/2020,172.297165,0.049997,3.458327,55.070011,52.59,287.049988,56.970001
4/21/2020,172.737701,0.051222,3.476279,55.377457,51.369999,269.51001,52.919998
4/22/2020,182.599579,0.054812,3.678815,56.836723,52.950001,286.149994,55.919998
4/23/2020,185.028671,0.061737,3.72501,58.82196,52.639999,284.01001,55.900002
4/24/2020,189.236938,0.061612,3.804795,60.968952,52.73,289.589996,56.18
4/27/2020,197.224716,0.067367,3.641899,62.391323,53.509998,297.079987,56.490002
4/28/2020,198.41539,0.069021,3.675325,62.500546,52.759998,291.359985,55.509998
4/29/2020,216.968231,0.07235,3.906069,66.545959,54.48,298.459991,53.66
4/30/2020,207.602051,0.067697,3.720477,62.479301,53.130001,292.279999,52.389999
5/1/2020,214.219101,0.073222,3.783184,63.768688,51.099998,282.779999,49.880001
5/4/2020,208.174011,0.073738,3.7679,61.251541,52.150002,291.290009,52.560001
5/5/2020,206.774399,0.072445,3.687693,60.37735,51.709999,293.73999,52.189999
5/6/2020,204.055786,0.071195,3.636458,58.536285,52.130001,297.790009,52.16
5/7/2020,212.289413,0.072321,3.754018,64.545692,52.330002,304.869995,51.950001
5/8/2020,212.991577,0.073143,3.822109,63.703495,52.91,312.5,53.189999
5/11/2020,185.912842,0.062793,3.585065,59.560589,52.400002,322.619995,55.740002
5/12/2020,189.3125,0.069905,3.692374,61.434505,51.099998,312.100006,53.759998
5/13/2020,199.193283,0.069796,3.760424,64.866486,50.919998,311.200012,52.18
5/14/2020,202.949097,0.069082,3.799387,65.421814,52.099998,321.220001,54.509998
5/15/2020,195.622665,0.067406,3.674653,62.874229,49.799999,339.630005,54.200001
5/18/2020,214.525055,0.070095,3.885346,67.028381,51.869999,350.01001,54.59
5/19/2020,213.451111,0.069389,3.922476,66.462883,50.810001,352.220001,55.470001
5/20/2020,210.096741,0.070992,4.071049,64.713722,51.84,358.799988,56.389999
5/21/2020,199.883606,0.066699,3.847751,61.787292,50.75,351.01001,54.650002
5/22/2020,207.169189,0.068167,4.070282,63.154388,49.799999,361.049988,55.169998
5/26/2020,201.902313,0.065144,3.836277,61.80938,50.82,348.709991,53.189999
5/27/2020,208.863434,0.066252,3.857703,64.55069,51.740002,341.01001,52.740002
5/28/2020,219.840424,0.068865,4.025351,67.072647,50.279999,339.480011,51.740002
5/29/2020,220.675125,0.067876,3.986594,66.238602,50.330002,355.019989,53.799999
6/1/2020,246.99176,0.075518,4.380642,67.639404,51.029999,352.25,53.630001
6/2/2020,237.219055,0.079284,4.386834,66.489967,52.009998,353.01001,53.540001
6/3/2020,244.179321,0.082632,4.490729,67.132645,53.060001,350.779999,52.73
6/4/2020,244.426392,0.082476,4.43302,68.189545,54.279999,350.660004,52.630001
6/5/2020,241.221985,0.079518,4.377437,67.694962,55.200001,356.799988,53.099998
6/8/2020,246.309906,0.08001,4.45783,68.231392,55.57,352.200012,52.970001
6/9/2020,244.911453,0.078576,4.450149,68.275246,56.610001,361.839996,56.389999
6/10/2020,247.444946,0.078657,4.420301,69.648697,57.549999,374.670013,57.439999
6/11/2020,231.702667,0.071485,3.971212,63.919361,55.040001,351.850006,52.830002
6/12/2020,237.49321,0.073029,4.090942,65.832939,56,357.299988,53.5
6/15/2020,229.928909,0.07111,3.933903,64.695717,56.02,366.950012,54.68
6/16/2020,234.416168,0.071247,4.048714,65.944977,55.799999,362.73999,54.459999
6/17/2020,233.028275,0.071893,4.163669,65.204575,56.599998,369.440002,54.549999
6/18/2020,232.101166,0.070937,4.16898,65.077942,56.150002,368.720001,54.040001
6/19/2020,227.13829,0.069271,4.079962,63.934765,55.310001,370.450012,54.23
