"bitcoin","ethereum","cardano","doge","bcash","stellar","chinlink","biance","lite","monero","bat","tether","tesla","tsmc","nvidia","intel","amd","qualcom"
"1",-19.0595699999994,1.60896300000002,-0.000660000000000008,1e-05,1.01876799999999,-0.000653000000000001,0.338318,-0.0527209999999982,-0.00872499999999832,1.018334,0.014508,0.00511300000000015,1.49200499999998,0.759998000000003,-3.07000699999998,-0.170002000000004,-0.769996000000006,0.220000999999996
"2",-316.047851000001,-8.36969000000002,-0.000366999999999992,-5.40000000000002e-05,-7.65266400000002,-0.00204600000000001,-0.0872349999999997,-0.395809,-1.335453,-2.08019999999999,-0.00872799999999999,-0.00273500000000015,-8.18600499999999,-0.179996000000003,-8.57998700000002,-0.829997999999996,-1.60000299999999,-0.209998999999996
"3",-48.796875,-2.82797199999999,-0.000892000000000004,-1.3e-05,-0.742171999999982,-0.001342,0.0951890000000004,-0.104049000000002,-0.280296,-0.485718000000006,0.020357,-0.000200999999999896,5.02600100000001,0.459998999999996,10.179993,-0.580002,-0.459999000000003,-0.180000000000007
"4",-101.895508,-3.276444,-0.00113000000000001,-5.79999999999999e-05,-2.30592300000001,-0.000733999999999999,-0.133401,-0.173484999999999,0.757255999999998,-0.399623999999996,0.00171900000000003,-0.00114600000000009,-5.24800099999999,-0.709998999999996,-13.399994,-1.009998,-1.830002,-0.940001999999993
"5",27.9365230000003,-1.473175,0.00330900000000001,-4.6e-05,-4.910676,-0.001833,-0.062875,-0.243992,-1.469754,0.203341999999999,-0.00975400000000004,0.00302800000000003,9.92199699999998,0.0599970000000027,1.79998799999998,0.770000000000003,0.180000999999997,0.990004999999996
"6",-52.8613280000009,-1.87986800000002,-0.000754000000000005,7.00000000000006e-06,-3.20533700000001,0.001804,-0.0487410000000006,-0.0916499999999996,-0.383238999999996,-0.648533,-0.010018,-0.00207999999999997,14.092011,0.380001,11.910004,1.560002,2.330002,2.199997
"7",90.3320309999999,4.798417,0.012838,3.40000000000002e-05,1.694748,0.00141999999999999,0.129067,0.415877999999999,0.231451999999997,1.06914999999999,0.00423299999999999,0.00165699999999991,7.963989,0.0499999999999972,1.290008,-1.020001,-0.0299989999999966,-1.42999999999999
"8",-104.915039,-1.72122199999998,-0.001628,6.99999999999963e-06,-1.38265999999999,-8.19999999999987e-05,0.148362000000001,-0.29097,-0.213511999999994,1.287147,-0.010843,0.014157,17.806,1.799999,3.28997799999996,0.32,-0.240001999999997,2.09000399999999
"9",252.064453000001,12.118026,0.010895,0.000255,19.328323,0.003457,0.518434999999999,0.758279999999999,2.47776,-1.01681499999999,0.015401,-0.015482,32.584015,3.260002,9.080017,0.409999999999997,1.060002,1.04999500000001
"10",-123.197265000001,-2.43469199999998,0.012333,0.000474,-4.485366,0.001405,0.347764000000001,0.473456000000002,-0.645243999999998,-0.345139000000003,-0.00611200000000001,-0.00102899999999995,3.65597500000001,-1.170002,1.29998800000004,-1.23,-0.470002000000001,-0.779999000000004
"11",176.055664,7.594482,0.012354,0.00166,6.08348000000001,0.011735,0.762907999999999,0.457431,1.882496,1.717507,0.00925399999999998,0.000653000000000015,-4.79599000000002,1.880001,13.77002,0.299999999999997,0.5,1.39
"12",-150.365234999999,-3.65405200000001,-0.00561499999999999,-0.000353,-4.374359,0.00558500000000001,-0.371414,-0.342788000000002,-0.663287999999994,1.38333900000001,-0.00186500000000001,0.00321499999999997,5.67999300000002,2.189999,11.71997,-0.190002999999997,3.829998,-0.279999000000004
"13",0.839844000000085,-2.03097600000001,-0.005977,-0.000882,-0.935608000000002,-0.001675,0.0341639999999996,0.376382000000003,-0.291340000000005,-0.317551000000009,-0.00761299999999998,-0.0030889999999999,30.074005,-0.930001000000004,-1.18997200000001,1.110001,-1.379997,-0.739998
"14",-35.1933590000008,-1.38040100000001,0.00584,-0.000337,-5.491592,0.00137799999999999,1.043816,1.148312,-0.326321,1.96527900000001,0.00974400000000003,-0.000434000000000045,-9.51800600000001,1.22000199999999,-17.080017,-0.949996999999996,-2.290001,-1.18000000000001
"15",-0.400390999999217,0.606903000000017,0.00780699999999999,0.000116,-2.420761,0.001817,0.921174,-0.326653999999998,-0.116931999999998,-1.35746800000001,-0.00217800000000001,-0.000506000000000006,3.94799799999998,1.889999,12.989991,0.399997999999997,1.130001,1.04999500000001
"16",-50.3769530000009,-1.78796400000002,-0.00159399999999998,-0.000209,-2.73637400000001,0.00193400000000001,0.539657999999999,-0.491694000000003,-0.523910000000001,2.680412,-0.00247400000000003,0.000398000000000009,5.84201100000001,-0.900001000000003,-5.98999100000003,0.0499989999999997,0.619999,0.170006000000001
"17",-60.609375,-4.78263899999999,-0.00444700000000001,-9.00000000000002e-05,-3.25567599999999,0.00662699999999999,-0.305416999999998,-0.447371999999998,-1.243515,-2.956917,-0.000236999999999987,0.000535999999999981,-9.074005,0.529998000000006,-3.69998099999998,0.110000000000007,-0.420002000000004,-1.35000600000001
"18",19.1650390000013,-0.867796999999996,-0.00343600000000001,6.60000000000001e-05,-1.20808400000001,0.00325,-0.0573130000000006,-0.0588690000000014,-0.122623999999995,-0.0380019999999917,0.00639699999999999,-0.000364000000000031,0.0400080000000003,-0.189993999999999,2.669983,0.860000999999997,0.120002999999997,1.030006
"19",12.8388669999986,3.38008099999999,-0.004562,0.000178,-0.053436999999974,-0.00924,-1.00741,0.399735,0.0629959999999983,1.705788,-0.00707599999999997,0.000986000000000042,28.432007,0.489997000000002,12.369995,1.150002,2.41999800000001,0.93999500000001
"20",210.65625,8.86355600000002,0.005041,6.60000000000001e-05,6.807739,0.001545,0.00859400000000043,0.230699000000001,1.640339,0.272864999999996,0.00150899999999998,-0.00170800000000004,-14.928009,0.91999899999999,-7.28997800000002,-0.450001,-0.459999000000003,-0.860000000000014
"21",150.475586,17.173919,0.000957,-2.00000000000001e-05,9.132981,0.001,0.185397999999999,0.3765,1.319965,1.875473,0.002664,0.00198300000000007,4.79400600000002,0.720001000000011,4.40997299999998,0.349997999999999,4.790001,0.290000000000006
"22",55.7089849999993,12.498413,-0.00014900000000001,1e-05,-1.14099100000001,0.000539999999999999,0.407502,0.581388,-0.086036,1.39881200000001,-0.000417000000000001,-0.002691,-15.851989,-1.15999600000001,-12.359986,-0.649996999999999,-2.220001,-2.92999999999999
"23",-44.1796879999984,4.52636799999999,-0.001885,-7.5e-05,-2.03758299999998,-0.00220100000000001,-0.442324,0.479604999999999,-0.667538,-1.281037,-0.00483800000000001,0.000807000000000002,-19.21402,6.529999,2.58999699999998,-9.810002,9.830002,-0.779999000000004
"24",1453.980472,42.298675,0.016883,-6.70000000000002e-05,31.911148,-0.001022,-0.336569999999999,0.467428000000002,8.767486,6.91053799999999,-0.010024,0.00210399999999988,24.520019,9.349998,9.07998600000002,-1.02,-0.430001000000004,3.80999799999999
"25",-78.0498100000004,-4.85684199999997,0.009827,4.40000000000002e-05,21.124482,0.002461,0.127877,0.553218999999999,2.62518,2.81617,0.00396200000000002,-0.000242999999999993,-12.622009,-6.33000199999999,-8.23998999999998,-0.329998000000003,-1.36,-1.25
"26",187.64453,1.53362999999996,-0.008719,-5.00000000000023e-06,-0.177948000000015,-0.00171400000000001,-0.107377,-0.277958000000002,-0.403202,-2.16046899999999,-0.00404900000000002,0.00168600000000008,4.52398700000003,5.75,10,-1.170002,8.479995,1.58000200000001
"27",10.7461000000003,16.395752,0.000708999999999987,3.9e-05,3.82003700000001,0.00135500000000001,0.300909,0.117145000000001,1.471107,1.944061,-0.000106999999999996,-0.000677000000000039,-2.324005,-2.739998,5.94000299999999,-0.0799980000000033,2.110001,14.160003
"28",212.252930000001,10.968018,-0.00178999999999999,-5.99999999999993e-06,8.31033400000001,0.000287999999999997,0.35592,0.655411000000001,1.355026,3.374855,0.00559099999999998,-0.001722,-11.345978,-1.040001,0.0299979999999778,-0.260002,-0.769996999999989,-1.58000100000001
"29",-77.1181699999997,40.740509,-0.00146299999999999,0.000164,-3.969269,0.008128,1.391847,1.386866,0.470765,4.648224,-0.00164300000000001,0.00127300000000008,10.847992,0.0599979999999931,15.820008,0.569999000000003,0.239998,3.979995
"30",-40.4560500000007,3.58032200000002,0.00568299999999999,0.000146,-8.149384,0.004912,0.657076999999999,0.227573,-0.935848999999997,-1.849236,0.01029,-0.00101499999999999,0.399993999999992,1.24000500000001,8.69998099999998,0.830002,7.370003,1.360001
"31",541.12988,11.715088,-0.000323000000000018,-2.19999999999999e-05,6.10076899999996,-0.002036,-0.263062,1.053633,1.477654,3.213936,-0.00374099999999999,0.00268999999999986,-0.395995999999968,1.439995,2.36001600000003,-0.210003,0.269996999999989,0.440002000000007
"32",32.7509800000007,-6.62863099999998,0.00135300000000002,4.69999999999997e-05,14.273682,-0.001503,0.581481,-0.628556999999997,0.153556999999999,5.13327099999999,0.00140400000000002,-0.00291399999999986,0.911986999999954,-1.11,1.95001199999996,-0.349997999999999,1.400001,-0.33000100000001
"33",-178.300780000001,-15.449097,-0.00489300000000001,-2.69999999999997e-05,-5.30172699999997,-0.00331099999999999,-0.0768900000000006,-0.396115000000002,-1.918732,-1.50754599999999,-0.00606500000000004,0.00267099999999987,-7.37399299999998,-0.489998,-5.44000199999999,-0.540001000000004,-1.860001,-2.80999799999999
"34",276.63867,16.374725,0.00470000000000001,-3.40000000000002e-05,-0.873047000000042,0.002873,3.37767,0.302250000000001,1.043312,-0.348373000000009,0.033452,-0.00178699999999998,-6.82800299999997,-0.159996000000007,-1.38000499999998,1.19000200000001,-2.61,-1.889999
"35",-467.585939999999,-15.503509,-0.00641900000000001,-0.000105,-19.639282,-0.00506200000000001,-0.335044999999999,-1.356851,-3.902,-6.29637199999999,-0.024838,0.00263200000000019,-8.83599800000002,-1.93000099999999,-12.600006,-1.030002,-5.360001,2.470001
"36",174.409179999999,10.640106,-3.80000000000102e-05,9.00000000000002e-05,4.66052200000001,0.00124700000000001,3.515554,0.494504999999997,0.581741000000001,2.83583899999999,0.00999500000000003,0.0101,36.074005,1.449997,23.609985,1,5.73000399999999,6.95999900000001
"37",199.20313,37.717621,0.00384700000000002,3.3e-05,11.909607,-4.20000000000004e-05,0.704457999999999,0.324094000000002,2.772732,2.498306,-0.00217700000000004,0.00641899999999995,13.248016,-1.089996,0.11001600000003,-0.629998000000001,-0.770004999999998,-2.379997
"38",-15.2666099999988,8.65603600000003,-0.00290700000000002,4.39999999999998e-05,-6.11834700000003,0.00283499999999999,-0.399570000000001,0.994247999999999,-0.988194,-1.354721,0.00820500000000002,-0.0191860000000001,5.94198599999999,0.110000999999997,4.83999699999998,0.329998000000003,-0.539992999999996,0.329993999999999
"39",485.53125,-7.86657700000001,0.002582,3.00000000000001e-05,23.900726,0.00868200000000001,-0.220886999999998,0.440311000000001,10.274914,1.921043,0.039449,-0.000912999999999942,36.985993,1.77999800000001,30.920013,0.0400009999999966,1.119995,-1.55999799999999
"40",-263.168940000001,-5.86193800000001,-0.003493,-7.69999999999998e-05,-13.123779,-0.004884,-0.464169999999999,-0.442921999999999,-1.50050399999999,0.16095,0.033662,0.00260900000000008,10.290008,-0.779998000000006,-3.05001799999997,-0.279997999999999,-0.759994000000006,-0.150001000000003
"41",-232.950199999999,-17.205536,-0.00815199999999999,-9.00000000000002e-05,-11.47641,-0.00622200000000001,-0.00139000000000067,-0.756785000000001,-3.522907,-2.242645,-0.032939,-0.00031200000000009,-1.71200500000003,-0.870002999999997,-4.88998400000003,-0.32,-0.570008000000001,-0.989998
"42",120.08887,9.97601300000002,0.00436700000000001,3.49999999999999e-05,2.09304800000001,0.00462700000000001,-0.148688,0.782178999999999,0.962128,10.03395,0.042479,-0.00199899999999986,24.660003,-1.73000300000001,0.100006000000008,0.839995999999999,1.680001,-0.379997000000003
"43",-285.882809999999,-27.313446,-0.00988200000000002,-6.59999999999997e-05,-10.493378,-0.00673700000000001,-2.290441,-0.963581000000001,-3.587734,-8.741806,0.01887,0.00413999999999981,9.63000499999998,1.52999800000001,21.699981,0.110000999999997,1.04000099999999,2.339996
"44",182.10644,19.017853,0.000728000000000006,2.49999999999998e-05,7.02771000000001,0.003064,1.382504,0.476858,2.820404,1.370285,0.017819,-0.00257299999999994,-7.15600599999999,0.560006000000001,1.47000200000002,-0.139999999999993,-0.729996,2.910004
"45",-408.460929999999,-24.143158,-0.011196,-0.000113,-14.526764,-0.00538999999999999,-0.966549000000001,-1.130485,-3.618759,-5.111099,-0.049296,0.000388999999999973,1.82800300000002,1.139999,1.19000199999999,0.290000999999997,3.26999600000001,0.0399929999999955
"46",122.228509999999,2.46508699999998,0.00199299999999999,-2.00000000000027e-06,-1.22818000000001,0.000306000000000001,1.034944,0.801939000000001,-0.222493,0.295211999999992,0.00431500000000001,-0.000511999999999846,25.966004,1.709999,0.920012999999983,0.119999,-0.330000999999996,0.0900040000000075
"47",-164.965819999999,-3.83349599999997,-0.008461,-9.99999999999998e-05,-10.986694,-0.004501,-0.754043999999999,0.803447000000002,-2.317157,0.415358999999995,-0.025692,0.000352999999999826,17.115997,-1.150002,-5.790008,-0.149996999999999,-2.219994,-0.0200040000000001
"48",219.10254,13.242035,0.00262899999999999,6.5e-05,4.33038299999998,0.001902,0.658349999999999,0.0530589999999975,1.313388,4.820626,0.024256,-0.000170000000000003,-5.07000699999998,-0.159995999999992,20.7799680000001,1.029998,1.75,2.17999999999999
"49",138.320309999999,39.205078,0.013235,-4.70000000000002e-05,5.62847900000003,0.00149199999999999,0.552427,0.0592380000000006,3.759392,-1.012505,-0.000850999999999991,0.00115500000000002,55.640014,-1.19000200000001,9.07000699999992,0.520001000000001,5.26999699999999,0.900001000000003
"50",289.658210000001,41.972168,0.00272299999999999,3.50000000000003e-05,18.176606,0.002068,0.413004000000001,1.629046,1.768994,3.788376,-0.013287,0.000766000000000044,-23.270019,2.300003,17.860047,-0.160000000000004,1.36000000000001,2.910004
"51",-556.44434,-37.011413,-0.009798,-0.000134,-28.601166,-0.006729,-1.224095,-0.131732999999997,-4.783142,-6.054108,-0.019816,-0.00212900000000005,-27.679993,0.619995000000003,21.0199580000001,1.459999,-1.95999900000001,1.16999800000001
"52",-1168.7373,-54.368561,-0.019459,-0.00032,-48.056214,-0.013203,-2.880719,-4.070477,-10.325535,-13.100608,-0.061975,0.00366700000000009,-40.369995,-0.989998,-53.23999,-1.860001,-7.67999999999999,-6.75
"53",266.516600000001,2.56921399999999,0.00629099999999999,9.70000000000003e-05,15.812195,0.00200499999999999,0.476187999999999,0.436221,2.837864,4.366996,0.012469,-0.00180899999999995,11.320007,-2.26999600000001,-15.720001,-0.309997000000003,-0.529999000000004,-0.45999900000001
"54",-380.29688,-50.639038,-0.011434,-0.000143,-9.337616,-0.003915,-0.707834,2.134141,-3.228176,1.55409299999999,-0.015974,-0.00266100000000002,-88.110016,-1.59000400000001,-28.380005,-1.170002,-3.31999999999999,-6.20000399999999
"55",110.831059999999,13.507904,0.00233800000000001,2.29999999999996e-05,2.13996899999998,0.00108900000000001,0.592261000000001,1.340043,0.513896000000003,0.478584000000012,0.00632700000000003,0.00107699999999999,36.070008,2.08000200000001,32.080017,0.709999000000003,3.22000199999999,4.25
"56",120.791010000001,16.991882,0.003807,2.60000000000004e-05,3.03653,0.00269799999999999,0.174020000000001,0.029598,0.819156999999997,-0.918716000000003,0.00789499999999999,-0.000645000000000007,5.05999700000001,-0.5,-16.130005,-0.659999999999997,-2.930001,-1.579995
"57",37.7763699999996,6.59368899999998,-0.000167,9.99999999999699e-07,-2.17576599999998,0.002484,-0.0498159999999999,0.891525000000001,0.372897999999999,4.926704,-0.00138500000000003,5.9999999999949e-05,1.38000500000004,-0.0800020000000075,-5.89001400000001,0.319999999999993,-2.640007,0.979996
"58",279.922850000001,2.57327300000003,-0.000220000000000012,-2.99999999999996e-06,0.726516000000004,-0.003356,-0.381918000000001,5.727228,0.000370000000003756,4.26256599999999,-0.00778000000000001,-0.000227999999999895,46.899994,1.68000000000001,28.3100279999999,0.130001,1.560006,0.0400009999999895
"59",116.11328,-12.429657,-0.003273,2.89999999999999e-05,9.36514299999999,-0.00219599999999999,-1.141425,-3.976251,-0.700023000000002,-1.52810699999999,-0.00986499999999998,0.00119799999999981,30.140015,5.349998,4.75,0.590000000000003,1.02999800000001,3.120003
"60",177.954099999999,0.973082999999974,-0.001846,-5.99999999999993e-06,-3.85786400000001,0.001943,-0.216338,0.762203000000003,-0.456665000000001,-4.51738800000001,0.00556100000000001,0.000957000000000097,-8,-2.720001,-19.0600279999999,0.369999,-2.26999600000001,-2.020004
"61",-25.9150399999999,23.20694,0.002567,-1.19999999999999e-05,1.39595,0.000224999999999989,0.227064,-0.971464000000001,0.943634000000003,5.82105300000001,-0.001558,-0.00156599999999996,-18.330017,-1.219993,-2.03997800000002,-0.0499989999999997,-0.110000999999997,0.31999900000001
"62",-4.40428999999858,-4.65469400000001,-0.003136,-1e-05,1.041168,-0.00196299999999999,-0.907238,0.406351000000001,-0.414254,-0.12764,-0.00686200000000001,-0.00237600000000004,18.720001,-1.680001,-10.970002,-0.430000999999997,-1.620003,-4.189995
"63",-482.32617,-42.57846,-0.010653,-0.000174,-20.692977,-0.007758,-1.321701,-4.131602,-5.072593,-3.34680900000001,-0.028809,0.00376100000000001,7.24002100000001,0.359993000000003,13.119995,-0.169998,3.010002,1.229996
"64",76.2001899999996,2.71710200000001,0.00132599999999999,2.6e-05,6.51856899999999,0.00128399999999999,0.00424399999999991,0.832860999999998,1.154827,4.002205,0.013531,-0.00181900000000002,-25.160004,-0.109993000000003,4.82000800000003,0.229999999999997,-0.240005000000011,1.90000199999999
"65",-312.5957,-23.917633,-0.004924,-9.20000000000001e-05,-11.869094,-0.00420899999999999,-1.078365,-1.228061,-1.502991,-5.147705,-0.014978,0.0012080000000001,-43.870026,-2.56000499999999,-20.559998,-1.130001,-2.969994,-3.25
"66",519.684569999999,28.771118,0.006065,8.00000000000002e-05,8.52873199999999,0.00285299999999999,2.147431,1.749355,1.918949,4.96509500000001,0.013204,-0.000271000000000132,7.430024,0.459998999999996,8.97000099999997,0.339999999999996,1.089997,1.62000200000001
"67",-43.2587899999999,2.805206,0.014014,6.2e-05,-0.0341489999999851,0.004037,0.882194,0.0563450000000003,1.04773,-2.017692,0.00576399999999999,0.000263000000000124,19.549987,0.5,21.029999,0.779999000000004,2.239998,2.30999799999999
"68",19.0371099999993,2.788635,0.003787,-4.79999999999999e-05,9.69129899999999,-0.000962000000000005,-0.397857,2.306315,-0.738064000000001,1.906463,0.002302,5.09999999998012e-05,13.860016,0.890000000000001,6.45001200000002,1.490001,1.420005,3.970001
"69",127.502930000001,5.01290900000004,0.00044000000000001,2.29999999999996e-05,2.88493400000002,0.000719000000000011,-0.206391,1.868131,0.427387000000003,5.526512,0.002335,-0.00150199999999989,-2.13000500000004,0.740004999999996,7.63000499999998,-0.240000999999999,2.28999400000001,-1.09000399999999
"70",-61.2119199999997,0.0589600000000132,9.99999999999612e-06,-3.9e-05,-1.13502500000001,0.00054499999999999,-0.253526000000001,0.478156999999999,0.585979999999999,8.232788,0.00201400000000002,0.00137600000000004,9.94000300000005,0.559997999999993,12.189942,0.589999999999996,0.220000999999996,0.300003000000004
"71",-164.28808,-6.79107600000003,-0.00326799999999999,-2.69999999999997e-05,0.0569450000000131,-0.001566,-0.210222,-1.860227,-0.000892999999997812,-4.111671,-0.00860100000000003,-0.00260700000000003,19.149994,1.550003,3.36004600000001,0.460003,2.870003,1.839997
"72",-38.1660200000006,-6.69863900000001,-0.00496500000000001,-3.10000000000002e-05,-7.96963500000001,-0.002135,-0.414329,-0.149775000000002,-1.30343300000001,-1.974045,-0.00608799999999998,0.00199100000000008,-33.070008,-1.81999999999999,-22.090027,-1.23000399999999,-3.05999799999999,-4.04999600000001
"73",218.836920000002,7.74444600000004,0.004774,4.30000000000001e-05,2.19761700000001,0.002287,0.413089000000001,1.337818,1.399674,10.363159,-0.00259500000000001,-0.000534000000000034,10.589997,3.739998,23.210022,0.680000999999997,4.349999,5.04999600000001
"74",-182.336920000002,-13.255951,-0.00477799999999999,-1.70000000000001e-05,-1.942093,-0.000910999999999995,-0.865629,-0.891560999999999,-0.355606000000002,-3.889427,-0.010893,0.000415999999999972,-11.699982,-1.41999800000001,3.76000999999997,-0.32,-1.669999,-0.979996
"75",57.4726600000013,1.09863200000001,0.001027,-1e-05,3.11209099999999,-4.90000000000074e-05,0.201461999999999,-0.00834100000000149,0.650928,3.96312,0.00431199999999998,-0.00093399999999999,11.319977,3.79999500000001,9.09997599999997,1.299999,2.20999900000001,3.489998
"76",244.49121,9.33587700000004,0.00230599999999999,2.99999999999996e-06,10.388825,0.000724000000000002,0.565549000000001,-0.00959999999999894,0.563693999999998,0.452453000000006,0.002472,0.000731000000000037,0.620024999999998,0.880004999999997,-5.01000999999997,0.700001,-0.180000000000007,-0.690003000000004
"77",505.878909999999,28.028381,0.011055,3.40000000000002e-05,25.188812,0.000963000000000006,1.401518,3.162823,2.608086,17.478012,-0.00225799999999998,-0.000625000000000098,35.379975,0.799994999999996,10.26001,0.18,-2.300003,7.54000900000001
"78",65.8427699999993,-2.04220600000002,-0.00066200000000001,-4.40000000000002e-05,2.25125099999997,-0.000242000000000006,-0.211357,0.383745000000001,-0.356116999999998,1.12988299999998,-0.002057,-0.000210999999999961,-12.419983,-0.449995999999999,-5.01000999999997,0.299999,-1.08000199999999,-1.300003
"79",-173.226559999999,-11.212829,-0.00257099999999999,1.90000000000004e-05,-11.059326,0.004661,-0.118202,-1.300964,-1.797497,-9.64272299999999,-0.00608800000000001,0.000251000000000001,-9.209992,-1.450005,-6.339966,0.310001999999997,0.0400010000000037,0.449996999999996
"80",419.914059999999,13.706604,0.00461299999999999,-2.20000000000003e-05,0.384383999999983,0.00654700000000001,0.266733,-0.0698320000000017,0.406039999999997,5.215279,0.00714600000000001,-0.000194000000000027,-8.84002599999997,0.860000999999997,-12.5500489999999,0.420002000000004,-1.16999800000001,-0.610001000000011
"81",174.297850000001,-10.798706,-0.00618299999999999,1.10000000000002e-05,-7.86424199999999,-0.004343,-1.00769,-1.121624,-1.047886,-7.45873999999999,-0.00560099999999999,0.000132000000000021,-8.88998500000002,0.700004000000007,5.910034,-1.150002,-0.440002000000007,-0.119994999999989
"82",907.35449,23.05307,0.003693,2.89999999999999e-05,15.669036,0.00287399999999999,0.926014,0.968910000000001,5.994301,3.807273,0.006185,0.000848999999999878,0.700013000000013,-0.620002999999997,-4.830017,0.0700000000000003,-2.360001,0.25
"83",142.202150000001,21.583008,0.004385,2.49999999999998e-05,7.95803899999999,0.0015,1.134728,0.885838,1.221947,5.31504100000001,0.00653999999999999,-0.000742999999999938,3.14999399999999,0.569999999999993,-6.54998799999998,0.400002000000001,0.220001000000011,-0.169997999999993
"84",-34.3525400000017,-4.00628700000004,-0.00248900000000001,-7.99999999999976e-06,3.84204099999999,-0.001485,0.224460000000001,-0.0242310000000003,0.971412000000001,0.22827199999999,-0.00151499999999999,-0.000434000000000045,-5.16000400000001,0.0999989999999968,9.169983,-5.700001,2.54000099999999,0.5
"85",143.708990000001,-15.878387,-0.004986,3.19999999999999e-05,-10.532074,-0.00288799999999999,-0.415893000000001,0.520599000000001,1.507088,4.72576900000001,-0.00670000000000001,0.000301000000000107,-0.350006000000008,-1.579995,-17.959961,-1.48,0.270004,-2.68000800000002
"86",578.9707,10.108734,-0.000269999999999992,-1.99999999999983e-06,4.75683599999996,0.000902,0.225935,0.484161,1.070274,1.706298,0.000555,-0.00073499999999993,4.39999400000005,-0.0200040000000001,10.219971,-1.080002,-3.35000599999999,-0.289992999999996
"87",-382.933590000001,-15.346283,-0.00385000000000001,-8.2e-05,3.950287,-0.00321700000000001,-0.512095,-1.275215,-2.073539,-7.37772300000002,-0.018668,0.000116999999999923,-18.660004,-2.860001,-30.790008,-1.389999,-2.479995,-4.33000200000001
"88",166.59765,-1.92065400000001,-0.00360099999999999,-1.40000000000001e-05,-1.43365499999999,-0.001139,-0.196600999999999,-0.521028000000001,-0.976658,-2.06765799999999,-0.00583600000000001,8.99999999992573e-06,4.80999800000001,1.040001,15.880035,-0.139999000000003,1.619995,4.86000000000001
"89",108.639650000001,-3.91012599999999,-0.00200700000000001,1.70000000000001e-05,-5.227936,-0.000689999999999996,-0.166584,-1.334067,-0.930820999999995,-1.33184800000001,-0.00101300000000001,0.000555000000000083,-22.789978,-1.01999600000001,-19.600037,0.169998,-2.729996,-3.08000100000001
"90",3.96680000000015,0.336761000000024,-0.00122599999999999,-8.09999999999999e-05,-4.62841800000001,-0.00110299999999999,-0.300977999999999,-0.624480999999999,-0.0175510000000045,-4.216438,-0.00611799999999998,-0.000380999999999965,12.470001,1.839996,1.870026,0.180000000000007,-0.590004000000008,0.609999999999999
"91",399.811519999999,4.44543499999997,0.001291,1.09999999999997e-05,-13.052872,-0.000349000000000002,-0.410577,-1.02688,0.00214000000000425,1.998878,-0.00200900000000001,2.90000000000568e-05,23.389984,1.98000300000001,17.550018,0.389998999999996,1.880005,1.479996
"92",183.40625,14.539825,0.00193499999999999,5.00000000000023e-06,-3.016739,-0.000717999999999996,0.085585,0.074465,0.679482,-4.777458,0.004745,0.000526999999999944,-2.919983,1.75999499999999,30.989991,0.850003000000001,4.76999600000001,3.520004
"93",1446.1416,11.925354,0.001625,8.39999999999999e-05,8.41722199999998,0.00558199999999999,0.518082,0.744343999999998,4.179393,3.85662099999999,0.00645400000000002,-0.000658999999999965,17.109985,0.980003000000011,14.630004,-0.0200010000000006,1.650002,16.440003
"94",-13.9677700000011,40.651947,0.012111,0.000143,8.17286600000003,0.00369900000000001,1.127403,1.342141,4.452614,-0.331245999999993,0.012253,-0.000124000000000013,-8.13998399999997,0.980003999999994,16.0799559999999,-0.290000999999997,2.879997,-0.400008999999983
"95",-233.565429999999,-10.556244,-0.00377999999999999,-8.99999999999998e-05,6.26113899999996,-0.00419700000000001,0.402663,-0.999979,-3.767227,-3.82127300000001,-0.010054,0.000356999999999941,-8.69000199999999,-2.380005,-37.25,0.209998999999996,-2.75999400000001,-2.39999399999999
"96",-41.41309,5.516571,0.000479999999999994,8.29999999999997e-05,-6.62951599999997,0.000150999999999998,0.482728,0.175321,-1.126541,-0.32499,0.00826199999999999,0.000474000000000085,-10.900025,-1.369995,-34.429992,-0.159998999999999,-5.130005,-2.5
"97",410.4375,13.280915,0.000160000000000007,1.60000000000004e-05,-0.230317000000014,0.000864000000000004,-0.195925000000001,-0.237163000000002,1.277687,-1.969185,-0.00209300000000001,-0.000142000000000087,6.77001999999999,3.219993,25.919983,0.909998999999999,3.290001,7.58000099999998
"98",575.003909999999,-1.95526099999995,-0.00144,9.99999999999959e-06,2.70004299999999,-2.59999999999982e-05,-0.384314999999999,-0.341372,0.850348999999994,-1.318771,-0.00447400000000001,-0.000475999999999921,-5.36999499999996,-1.05999700000001,1.55004900000006,-1.399997,0.559996999999996,-3.77999800000001
"99",41.4648400000005,13.621154,0.00186599999999999,4.20000000000004e-05,-0.649749999999983,0.001652,0.464755,0.567366,5.09182000000001,2.06571199999999,0.00753900000000002,-0.000164000000000053,-3.26001000000002,3.400001,-6.39001500000006,0.509998000000003,-0.409995999999992,0.349991000000017
"100",398.302739999999,-14.686126,-0.002383,6.5e-05,-9.03248600000001,-0.000422000000000006,-0.297188,-0.118062999999999,5.869049,3.86975100000001,-0.00467400000000001,6.70000000000393e-05,-0.410004000000015,6.04999600000001,8.72998000000007,0.729999999999997,2.30000299999999,4.810012
"101",929.29492,20.419769,0.005592,4.99999999999997e-05,5.14923100000001,0.004179,0.653922,0.466471000000002,4.52609299999999,7.447929,0.007161,0.000427999999999873,33.519989,-3.55999800000001,-3.7199700000001,-0.660000000000004,-0.370001999999999,-0.330002000000007
"102",158.599610000001,-0.876007000000016,-0.00319700000000001,-2.69999999999997e-05,-8.162475,-0.00246,0.348284,-0.454419000000001,-2.15740199999999,-1.78840600000001,-0.00472,-0.000440999999999914,45.03003,1.22000100000001,0.260009000000082,-0.469997999999997,-0.819999999999993,-1.69000199999999
"103",13.0839799999994,-7.85363799999999,-0.000536999999999996,1.99999999999983e-06,-0.855972000000008,0.000291,0.028886,0.0179429999999989,7.988731,-5.2565,-0.00289899999999998,0.000381999999999882,12.629974,-0.31999900000001,0.459961000000021,0.559998,3,0.479996
"104",804.224610000001,38.114136,0.01236,7.30000000000001e-05,12.584808,0.004401,0.456391,0.797891,0.899482999999989,2.559318,0.00411999999999998,-0.000353999999999965,-9.66000400000001,-1.279999,-14.0999750000001,-0.229999999999997,-0.900002000000001,-1.5
"105",-257.193360000001,98.7094729999999,0.035284,0.000664,64.170929,0.042292,1.192571,2.073372,6.45616100000001,8.94420699999999,0.046438,-0.000334999999999974,32.239991,2.79999500000001,2.089966,0.670001999999997,0.66999899999999,-2.209992
"106",743.34375,-4.55627499999991,0.012813,0.000556,22.579315,0.064881,0.349821,2.837782,0.166061999999997,5.31134,0.01268,-0.000283999999999951,33.530029,-1.489998,-7.28997800000002,0.949997000000003,-0.239998,2.10998599999999
"107",-375.34375,-33.2111200000001,-0.011161,-0.000477,-32.827576,-0.000278,-1.3597,-2.46019,-7.325249,-6.054474,-0.00434899999999999,0.000245000000000051,18.619995,0.849998999999997,11.080017,0.0400009999999966,1.639999,-1.84999099999999
"108",-1623.71875,-53.192933,-0.014134,-0.000452,-47.822235,0.011207,-1.770706,-2.867773,-12.756256,-11.832664,-0.03228,0.00114700000000001,11.76001,1.25,1.05999700000007,0.400002000000001,0.480003000000011,-0.25
"109",2517.4336,97.3488160000001,0.03028,0.000276,51.4648749999999,-0.00431600000000001,1.73538,2.917599,18.45076,12.401054,0.018223,-0.000823000000000018,-18.160034,-1.720001,5.60998599999994,0.899996999999999,5.47000199999999,3.33999599999999
"110",-822.837890000003,-27.518371,-0.015325,-0.000216,-28.284363,-0.017668,-0.836103999999999,-1.284483,-2.138863,-3.78543899999998,-0.00830899999999998,0.000945999999999891,17.160034,3.84000399999999,-0.460021999999981,1.210003,-0.0300069999999977,4.08999700000001
"111",398.09375,11.028198,0.00257399999999999,3.9e-05,6.11523399999999,0.000726000000000004,0.597830999999999,0.189057999999999,3.42074600000001,1.96989499999999,0.00663800000000001,-0.000651999999999875,-15.9400029999999,-1.31999999999999,6.18005300000004,0.340001000000001,1.110001,-1.279999
"112",244.306640000003,18.356384,0.00565499999999999,5.40000000000002e-05,-1.95571899999999,-0.000847000000000014,-0.0126449999999991,0.407069,0.242454999999993,5.118629,0.000139,0.000168999999999864,24.559998,-0.0400010000000037,-5.94000200000005,1.09,-1.43000000000001,-0.0699920000000134
"113",-745.632809999999,-47.354553,-0.015971,-0.00013,-11.58728,-0.021449,-1.233476,-1.632222,-9.08189399999999,-5.999405,-0.011299,-0.000602999999999909,5.65997300000004,4.230003,6.48999000000003,1,1.73000300000001,7.709991
"114",491.865229999999,22.489197,0.00588899999999998,4.39999999999998e-05,3.186645,0.005605,0.339704000000001,0.305928000000002,3.60698699999999,11.906693,0.00606199999999998,0.000334000000000056,42.7200319999999,2.65999600000001,1.94000300000005,-1.790001,0.0299989999999895,0.400009000000011
"115",-870.48633,-37.015625,-0.013202,-0.000163,-16.346252,-0.015657,-0.935235,-1.741829,-6.875405,-3.212647,-0.015963,-0.000865000000000116,8.11999500000002,-0.75,-10.27002,0.489998,-1.15000199999999,0.779999000000004
"116",232.771489999999,18.6513669999999,0.00723699999999999,-2.09999999999998e-05,1.16149900000005,0.019421,0.487676,0.492998,0.662323000000001,-3.083755,-6.19999999999787e-05,0.000677999999999956,-45.400025,-1.220001,-16.77002,-0.619999,-3.08999600000001,-2.779999
"117",-288.92383,-13.8005979999999,-0.00617099999999998,-5.30000000000001e-05,-2.72927900000002,-0.011122,-0.711190999999999,-0.433114999999997,-2.58142099999999,1.26779200000001,-0.01005,-0.000130999999999881,22.5900270000001,-0.18999500000001,1.66003499999999,0.189998000000003,1.83000200000001,-0.270004
"118",-206.087890000003,-13.881165,-0.00254500000000002,-2.6e-05,-6.64965799999999,-0.00992199999999999,-0.262093,-0.335186,-2.742225,7.66011,-0.00655500000000001,0.000205000000000011,-17.080017,-0.200003999999993,1.64001400000006,-0.529998000000006,-0.0100020000000001,-11.470001
"119",1187.74023,40.213806,0.018543,0.000152,17.222077,0.018582,1.167447,2.668573,10.275825,11.12703,0.01454,-0.000526000000000026,29.840027,-0.470001000000011,11.819947,0.740001000000007,3.129997,2.00999400000001
"120",170.431639999999,3.34442200000001,-0.003687,-2.49999999999998e-05,11.841278,-0.00320499999999999,-0.122082000000001,-0.482294,-0.962485999999998,-1.68748500000001,0.00126400000000002,0.000985000000000014,-6.580017,1.52999800000001,2.07000700000003,0.199996999999996,2.34000399999999,2.070008
"121",1893.52149,46.826233,0.013284,0.00021,23.024658,0.024844,0.745616,0.942910999999999,11.389015,7.70890800000001,0.013295,-0.000938000000000105,-10.47998,0.110000999999997,-4.71997099999999,0.450001,-0.270004999999998,1.38000399999999
"122",1494.56445,6.68713400000001,-0.004106,0.000314,-1.11746199999999,-0.005466,0.0160460000000011,-0.306059999999999,8.169884,1.51637300000002,-0.00533299999999998,-0.000140999999999947,33.130004,-1.299995,3.95001200000002,-0.469996999999999,-0.0100020000000001,-0.210005999999993
"123",332.79883,11.942993,0.00150500000000001,0.000128,2.47787399999999,-0.000807999999999975,0.04406,0.754225999999999,8.42493400000001,-5.39984200000001,0.022718,0.00103000000000009,39.099976,0.379997000000003,-2.77001900000005,-3.190003,-0.919997999999993,-2.11000100000001
"124",-334.878909999999,-44.9940800000001,-0.012332,0.000929,1.709473,-0.01877,-1.169198,1.331167,-4.37911200000001,-8.54953,-0.024672,-0.00104100000000007,-45.1400149999999,0.55000299999999,2.40997300000004,-1.09999800000001,-2.68999500000001,-0.619994999999989
"125",979.947269999997,25.0363160000001,0.00352300000000003,-0.000279,9.397583,-0.00417200000000001,0.451937999999998,1.213421,8.67497300000001,9.901535,-0.00687699999999999,-0.000186000000000019,-9.51995800000009,-0.889999999999986,-2.15997300000004,-0.190002999999997,-0.0699989999999957,-0.46000699999999
"126",-541.683599999997,-51.139587,-0.019785,-0.00074,-49.738098,-0.035714,-1.962621,-2.38505,-11.863305,-5.27551199999999,-0.025597,-0.000214999999999965,5.63995299999999,-0.180000000000007,-10.76001,0.400002000000001,-1.610001,0.620010999999977
"127",494.603519999997,27.892578,0.016489,0.000802,22.134552,0.033149,0.744142,1.402693,9.74833699999999,5.85867299999998,0.025785,0.000504999999999978,15.7900400000001,2.209999,-0.619995000000017,0.5,0.259994999999989,1.82998600000002
"128",3348.85937,118.790161,0.023852,2.19999999999995e-05,65.809082,-0.015245,1.052927,3.343968,18.48494,9.73078900000002,-0.007274,-0.001328,1.919982,0.180001000000004,-3.75,0,-0.209999999999994,-1.04998800000001
"129",277.628909999999,1.12280299999998,0.015429,-0.000105999999999999,-9.00140399999998,-0.00556000000000001,-0.857256,3.10827200000001,-1.00953699999999,-5.09385700000001,-0.00518199999999999,-1.30000000000408e-05,2.29998799999998,-0.590004000000008,1.72997999999995,2.319999,-0.979995000000002,0.75
"130",1478.51563,20.0988160000001,-0.00812399999999999,0.00015,5.717377,-0.00690199999999999,-0.51755,-0.816532000000002,0.425277999999992,-2.02072099999998,-0.00401200000000002,0.00168500000000005,28.790039,3.34000400000001,8.10003700000004,-0.639999000000003,1.66999800000001,1.459992
"131",160.76757,-13.815552,-0.00264300000000001,4.6e-05,-15.755371,-0.00354299999999999,0.0169630000000005,-0.760265000000004,-4.775757,-2.80018699999999,-0.00203699999999998,0.000323000000000073,10.889954,0.139999000000003,-3.63000499999998,1.07,-0.580002000000007,2.38999900000002
"132",2970.19336,302.429626,0.043365,0.005085,64.884277,0.03681,2.300525,3.550319,30.117004,-22.969543,0.01821,-0.000470000000000192,24.100037,2.65999599999999,2.339966,-0.150002000000001,0.590004000000008,-3.83999600000001
"133",2020.51563,59.773072,0.033552,0.000153,11.831207,0.029643,0.968805,0.808247000000001,3.78744500000002,3.22232099999999,0.014017,0.00207400000000013,5.33996500000001,1.07000000000001,11.650024,0.940002999999997,0.469994,3.929993
"134",2831.93359,107.106079,0.073584,0.000545,34.716004,0.14597,2.615388,0.431354999999996,10.42215,5.498199,0.018571,-0.000674000000000063,20.8699949999999,2.84000399999999,-31.610015,0.489997000000002,-2.43999500000001,-1.239991
"135",2546.67969,18.565918,-0.031918,-0.000723,-4.91540499999996,-0.024996,-1.123289,1.283535,0.599029999999999,0.780411000000015,0.00630799999999998,-0.00112800000000002,60.0599980000001,5.81999900000001,29.1800229999999,1.090001,4.83000200000001,4.509995
"136",1426.56641,-1.48095699999999,0.00561699999999998,0.000104,-8.51049800000004,-0.012961,-0.743882000000001,-1.054173,3.66392500000001,-0.573822000000007,-0.005743,-0.000354999999999883,63.980042,-2.739998,-2.69000299999993,-0.539997,-0.580002000000007,0.940001999999993
"137",-5230.95313,-134.051758,-0.030131,-0.001011,38.529113,-0.030598,-0.731152,-4.023956,-34.027649,16.05104,-0.0218,0.00054199999999982,-68.830018,3.90999599999999,13.789978,-0.110001000000004,2.66999800000001,-0.529997999999978
"138",-1643.69531,-46.710816,0.011537,-0.000772,-29.307678,0.00950500000000004,-0.641084000000001,-0.259751000000001,-6.61631800000001,-0.803359999999998,0.00164899999999998,-0.000172999999999979,38.25,0.400002000000001,-5.4699700000001,1.700001,-1.889999,-1.66000400000001
"139",3393.39844,87.3048100000001,0.026606,0.000553,45.505097,0.022279,2.014242,2.024323,14.785431,14.024704,0.018489,-0.000396999999999981,4.96997099999999,-3.769997,1.8800050000001,3.709999,-3.58000199999999,2.970001
"140",1870.96875,87.7136230000001,-0.00321300000000002,0.000781,30.544769,-0.00140200000000001,1.896159,1.657749,4.66323799999998,-8.688964,-0.00370200000000001,-0.00105299999999997,-9.40997300000004,7.219994,-13.2600100000001,2.299999,-0.989998,3.43000800000002
"141",-2361.96094,-46.618408,-0.00786599999999998,-2.80000000000002e-05,-33.739685,-0.017679,2.883476,-0.874701999999999,-7.84702999999999,-5.73092699999998,0.002474,0.000881000000000021,-18.840027,-1.219994,-13.630005,-1.669998,-2.58000200000001,-3.76000999999999
"142",-755.5625,205.461303,0.066607,-0.000271,18.482422,0.014464,0.0443670000000012,1.866554,9.249878,0.161270000000002,0.022067,0.000591000000000119,18.3900149999999,6.07000000000001,6.63000499999998,0.409999999999997,1.239998,6.68000799999999
"143",-522.054689999997,4.97814999999991,0.00625700000000001,-3.79999999999998e-05,-11.747773,-0.005054,1.092684,-0.178635,-3.55599999999998,-4.517425,0.00880000000000003,0.000249999999999861,5.90002400000003,-0.660004000000015,13.619995,0.679996000000003,-0.699996999999996,0.830002000000007
"144",-4722.05078,-260.703125,-0.065185,-0.000894000000000001,-79.739349,-0.041748,-3.422504,-3.961059,-19.797928,-22.836838,-0.034259,-0.000989999999999935,-5.46002199999998,3.520005,20.070007,3.790001,2.779999,0.149993999999992
"145",2180.0625,114.941284,0.039368,0.000358000000000001,21.941345,0.017898,3.205225,2.211731,7.13795500000001,5.512665,0.069739,0.00165399999999993,1.65002499999991,-5.020005,-6.20001200000002,-5.79999900000001,1.260002,-2.33000200000001
"146",-639.369140000003,87.9025879999999,-0.005691,-0.000141,-7.72399900000005,-0.008322,1.910623,0.766131999999999,0.172744999999992,1.49516299999999,-0.012942,-0.00137899999999991,34.159973,1.38000500000001,-2.36999500000002,-1.220001,1.339996,1.979996
"147",203.457030000001,32.6433100000002,0.000347999999999959,-0.000128,-5.75814800000001,-0.000612000000000001,-0.514257000000001,0.0710329999999999,-2.68893499999999,0.915999999999997,-0.00265299999999996,0.00111000000000006,2.29003899999998,-3.870002,-8.72003199999995,-0.229999999999997,0.580001999999993,-1.84999099999999
"148",-2137.30273,-103.870971,-0.031154,-0.000773,-50.014191,-0.022497,-1.955416,-0.699858999999996,-11.805793,-12.097443,0.00628800000000002,0.000682999999999989,-18.9300539999999,-4.910004,-20.6999510000001,-1.619999,-5.870003,-8.88000500000001
"149",1217.05859,44.914673,0.020223,0.005073,13.768158,0.016353,2.593779,1.558193,7.64220400000001,4.07046500000001,0.00345399999999996,-0.000685000000000047,-28.7299800000001,4.09000399999999,5.32995600000004,2.48,-1.319999,1.88000500000001
"150",2666.78125,84.42102,0.014828,0.034607,15.704987,0.039251,-0.890784,0.299278000000001,4.42089799999999,10.379166,0.000502000000000002,-0.000593000000000066,-41.899964,-4.31000499999999,-2.44995100000006,-0.560001999999997,-1.879998,0.729996
"151",-779.210940000004,-13.4822999999999,0.0539019999999999,-0.012287,6.51715100000001,0.027161,0.066199000000001,8.755349,-3.06063800000001,3.26960800000001,0.00596000000000002,0.00015900000000002,46.2799689999999,5.140007,9.88995299999999,1.180001,2.020005,5.300003
"152",1973.11328000001,146.153199,0.024214,-0.003355,16.130981,0.014785,0.873971999999998,-0.551293000000001,10.555038,7.81227099999998,0.00199099999999997,0.00078200000000006,32.9799800000001,1.77999799999999,12.7900400000001,1.310001,1.199997,3.199997
"153",1961.80078,145.71582,0.015153,0.0056,14.694641,0.00553100000000001,1.35942,1.186234,13.105057,3.419128,0.004774,-0.000414000000000136,-18.099976,-0.940001999999993,-1.05004900000006,-0.32,-0.970001999999994,-2.479996
"154",-546.023430000001,-66.1468510000002,-0.000348999999999988,0.016169,-24.026428,-0.016922,-0.574072000000001,3.682487,-10.463837,-6.38021799999999,-0.00913799999999998,-0.000208999999999904,-4.70001200000002,0.649993999999992,5.35003600000005,1.110001,-0.0500030000000038,-14.330002
"155",1218.24218,123.888184,0.0968229999999999,-0.00635400000000001,25.639252,0.024378,1.864363,11.920441,9.704026,6.69018499999999,0.057934,-0.000672999999999924,2.23998999999992,-0.369994999999989,-2.92999200000008,-0.610000999999997,0.0600060000000013,-2.13000499999998
"156",8052.15625,27.965942,0.144637,0.03189,37.245239,0.045999,-0.907222999999998,11.985977,12.366836,7.46907100000001,0.047811,0.000912999999999942,11.190003,4.770004,33.909973,0.979999999999997,3.569999,1.540009
"157",284.640630000002,21.4182129999999,0.0210050000000001,-0.00875500000000001,29.828583,0.00113099999999999,2.138113,28.067734,14.895416,6.88609299999999,0.015279,0.000187999999999855,-13.959961,0.129989999999992,-7.01995899999997,-0.380001,-0.559996999999996,-1.270004
"158",-1562.92188,-23.791626,0.226802,0.00282600000000001,-18.564942,0.015682,-0.734618999999999,21.837875,0.0599220000000003,6.08605900000001,0.00817899999999999,-0.00051000000000001,-44.6400149999999,1.010009,20.039978,0.0800020000000004,1.439994,-0.610001000000011
"159",2991.14844,39.554566,-0.00257699999999994,-0.00322,34.7695929999999,0.040493,1.014643,-5.30289400000001,2.321609,14.658997,0.151267,-0.000354999999999883,6.839966,5.47000199999999,19.460022,1.799999,0.310006000000001,0.0599980000000073
"160",-404.480469999995,59.7346189999998,-0.00215399999999999,0.000393000000000004,47.866943,0.074931,2.7665,12.514137,12.735703,11.034088,0.034926,0.00132500000000002,4.46002199999998,-1.10000599999998,-11.580017,1.150001,1.109993,2.41999799999999
"161",1695.01953,-62.4650879999999,-0.054636,-0.016549,129.687195,-0.041233,1.332741,-6.891739,13.314865,19.870407,-0.072931,-0.0012890000000001,-19.900024,1.990005,14.76001,0.660000000000004,-2.30999800000001,-0.819992000000013
"162",2949.13672,67.3907469999999,0.019969,-0.00414399999999999,9.40673800000002,0.010392,0.283318000000005,34.613449,26.426956,49.714646,0.020181,-3.29999999999497e-05,1.93005300000004,-3.779999,-16.9700319999999,-0.620003000000004,-1.51999699999999,-2.41000399999999
"163",-469.210930000001,88.9909670000002,0.023199,0.010165,-10.709778,0.000506000000000006,0.184695999999995,31.262527,-10.103973,-8.80548099999999,0.058395,-0.00035099999999999,-10.770019,-1.63999899999999,-3.080017,-0.239997000000002,-1.300003,-0.839996000000014
"164",4208.33593,22.7155759999998,0.0135299999999999,-0.004402,14.833435,0.016094,2.273716,136.683396,9.80645699999999,21.291107,-0.021168,0.000181999999999904,-6.080017,2.02999899999998,3.90002499999991,1.39999700000001,0.94000299999999,1.02999800000001
"165",-1680.8125,-178.171875,0.171502,-0.001414,-90.472045,-0.046645,-3.184404,-65.106232,-28.569214,-58.454712,-0.072909,-8.99999999999235e-05,-66.799988,-3.08999699999998,-22.830018,-2.299999,-4.209999,-5.479995
"166",-5382.89453000001,-211.788941,-0.144442,-0.00633300000000001,-117.162476,-0.080427,-5.730463,-36.515549,-31.171875,-5.49559000000002,-0.0674980000000001,-7.89999999999402e-05,-15.659973,-4.470001,-8.54998699999999,0.409999999999997,-0.630004999999997,-2.340012
"167",880.90625,56.371705,0.096948,0.009163,13.854004,0.02071,2.286377,23.364884,4.44357299999999,-13.781922,0.0427380000000001,0.000724999999999865,43.1799930000001,3.199997,14.280029,2.07,2.20000400000001,3.98001100000002
"168",-2611.48046999999,-150.871949,0.0274589999999999,-0.006388,-30.128723,-0.025971,-3.418673,-20.473175,-2.476654,-8.201019,-0.033407,-0.000607999999999942,-59.8000490000001,-6.300003,-47.660034,-2.789997,-4.520004,-5.570007
"169",-754.089840000001,-29.670044,0.161989,0.000312999999999994,-12.400421,0.019409,0.519265999999998,-12.205521,-8.503692,6.55638099999999,0.044685,-0.000154999999999905,-6.71997099999999,-0.0599979999999931,16.280029,0.379996999999996,2.09000399999999,0.660002999999989
"170",3291.48046999999,118.673951,0.0512830000000002,0.000119000000000001,16.439147,0.02964,2.419748,32.949494,4.839752,26.120972,0.055982,0.000415000000000054,42.929993,3.190003,5.089966,2.100002,1.879997,3.300003
"171",-1252.25391,-72.0988770000001,-0.0668060000000001,-0.000336999999999997,16.0627749999999,-0.010753,0.904121999999997,-15.107392,2.63453699999999,-9.27005,0.0198849999999999,0.000612999999999975,-31.9899909999999,-3.13000500000001,-17.419983,-1.639999,-2.260002,-2.45001199999999
"172",2159.25391,83.2443840000001,-0.00898899999999991,0.000329999999999997,6.56451400000003,0.00253999999999999,1.478845,1.56883300000001,10.653228,-1.129975,0.165137,-0.000605000000000189,-33.23999,-3.110001,-24.059998,-1.34,-3.26999600000001,-5.37998900000002
"173",-1977.07421999999,-33.938842,-0.101725,-0.000543999999999996,-16.705414,-0.00888300000000003,-2.271289,-11.146302,-7.44702100000001,-2.45216299999998,-0.073462,-0.000342999999999982,-31.76001,-7.300003,-17.380004,-1.57,-3.110001,-3.86000099999998
"174",366.136719999995,-8.63928299999998,0.053655,-0.000439000000000002,-7.88345300000003,-0.007052,0.156675,-3.572509,-0.313033999999988,-11.009369,-0.0119360000000001,0.000744999999999996,-23.48999,5.210007,3.64999299999999,2.41,0.769997000000004,1.949997
"175",3319.21875,301.452881,-0.05047,0.01234,30.00708,0.011362,3.822746,13.946106,11.162079,14.64328,0.0571,-0.000386999999999915,-34.950012,-6.870003,-34.72998,-0.890003999999998,-4.55999800000001,-6.550003
"176",2577.59375,33.320923,0.077108,-0.003951,16.0291139999999,0.015118,-0.198908000000003,53.144561,11.710174,4.24769600000002,0.00670300000000001,0.000235999999999903,110.580017,2.449997,37.079987,2.82,4.57000000000001,5.91000400000001
"177",1184.43359,-68.882568,-0.0601579999999999,-0.001994,1.81359900000007,-0.021881,-1.552536,-14.105194,-3.121002,-4.59224,0.073226,-0.000141999999999864,-5.52001900000005,-2.54999500000001,-2.07998700000002,-0.419998,-1.010002,-1.23999800000001
"178",1796.57031,27.0286860000001,-0.010213,-8.59999999999958e-05,2.94360299999994,-0.00486900000000001,0.128458000000002,10.43277,0.733474999999999,0.61139,-0.0164040000000001,5.69999999999737e-05,31.539978,6.75,21.009979,1.060001,3.71000599999999,3.870002
"179",-473.03125,-54.092529,-0.0856459999999999,-0.000569,-10.5667109999999,-0.018029,-1.613651,-26.10498,19.579071,2.08987400000001,-0.0465779999999999,-0.000240000000000018,-5.86999600000001,-2.27999899999999,-5.5,-0.409998999999999,-0.179999999999993,-1.760009
"180",-1424.89062,19.5998540000001,-0.00560500000000008,0.001739,-15.281739,-0.00237200000000004,-0.969760999999998,-9.02499399999996,-19.564789,-1.07827800000001,0.00516799999999995,3.10000000001143e-05,14.2100220000001,0.779998999999989,13.410034,0.889998999999996,1.449997,1.66000299999999
"181",897.703119999998,15.2695309999999,0.209414,0.001519,4.22924799999998,0.010248,0.425656999999998,3.43984900000001,-0.223984000000002,7.15149,0.268056,-0.000316000000000205,-31.0599970000001,0.269996000000006,4,0.989998000000007,0.25,2.009995
"182",2065.99219,16.477539,0.13572,-0.000953999999999997,12.681519,0.00899699999999998,3.092341,11.754181,5.027298,6.58544900000001,0.201888,-0.000974999999999837,24.929993,-0.589995999999999,2,1,-0.120002999999997,0.270004
"183",-1011.97265,-40.5942379999999,-0.139667,-0.000269999999999999,-11.088135,-0.007135,-1.504948,-8.15005499999995,-5.53062400000002,-4.69313099999999,-0.0135670000000001,0.00184200000000001,-48.6500249999999,-4.260002,-24.75003,-2.04999900000001,-4.50999400000001,-4.16999799999999
"184",487.730459999999,34.769043,0.063164,0.000944999999999994,5.38385000000005,0.000719000000000025,0.405063999999999,2.35263099999997,0.526412999999991,1.48805299999998,-0.0279559999999999,0.0017069999999999,1.71002199999998,-0.870002999999997,4.93002300000001,0.0299980000000062,0.939994999999996,1.270004
"185",-3817.50781,-126.290162,-0.192296,-0.003366,-21.802002,-0.00158800000000003,-2.511763,-8.157242,-13.985886,-13.027359,-0.0958050000000001,-0.000820999999999961,15.130005,3.550003,13.619995,1.869999,1.24000500000001,3.06999200000001
"186",209.800780000005,-12.6838380000002,0.0116780000000001,-0.001406,2.91394099999991,0.00334600000000002,-0.483055,-0.210525000000018,0.31613200000001,-0.970032000000003,-0.0327679999999999,-0.00061599999999995,-7.84002699999996,-2.290001,-4.61999500000002,-2.14999700000001,-1.920006,-1.56999200000001
"187",-1964.67968,-85.2366939999999,-0.0465500000000001,-0.001854,-36.129852,-0.031447,-1.861173,-5.83828799999998,-9.739014,-7.114395,-0.067739,0.000105999999999939,-31.889953,-5.93000000000001,-17.110016,-1.439999,-1.89999400000001,-5.34000399999999
"188",-1070.10547,1.94580100000007,0.026572,-0.000253999999999997,-1.83111599999995,-0.00273899999999999,0.642402000000001,-14.965942,-4.59376500000002,2.08421300000001,-0.018342,-0.000285000000000091,10.1199949999999,1.489998,-4.30999700000001,-0.0200009999999935,-0.260002,0.0999989999999968
"189",3433.15234,107.482788,0.112395,0.002504,30.723083,0.021605,1.70528,20.219131,11.217483,8.71769699999999,0.0999,0.000206000000000151,-21.679993,6.110001,12.160003,2.85000299999999,1.190003,5.71000599999999
"190",2612.88672,116.842896,-0.011428,0.000100000000000003,11.620514,0.020378,0.651001000000001,20.110062,10.196106,12.297485,0.0646439999999999,-0.0014630000000001,-7.42004399999996,-2.16999899999999,4.35998599999994,-0.370002999999997,-0.270004999999998,-1.720001
"191",1167.49219,26.3487540000001,0.0107759999999999,-0.000151999999999999,7.06243900000004,-0.001942,-0.148519,36.211853,2.20732100000001,10.665665,0.035744,0.00113700000000005,24.330017,0.68000099999999,-3.05999799999995,-0.729999999999997,-1.139999,-1.16000299999999
"192",1.14061999999831,72.3283699999999,-0.0200529999999999,-0.000243,15.5396119999999,0.00495699999999999,1.447088,-9.36303700000002,0.817002000000002,0.679778999999996,-0.0327759999999999,-0.000876000000000099,32.309998,3.20999900000001,19.059998,0.229999999999997,2.5,2.479995
"193",176.976560000003,58.914794,-0.00402000000000013,0.008329,18.4204100000001,0.021614,0.882081999999997,33.149445,6.613418,6.34527600000001,0.0212079999999999,0.000444000000000111,-6.17999299999997,6.520004,18.539978,0.550003000000004,2.589996,5.199997
"194",-37.9296800000011,130.610352,0.025056,-0.00229,86.90271,0.103855,2.163437,32.5596,16.956528,11.426849,0.122187,-0.000210000000000043,29.299988,-0.300003000000004,7.03002900000001,1.989998,0.340004000000008,2.540009
"195",-865.519529999998,10.4916989999997,0.0410540000000001,0.004762,19.187622,0.00637699999999997,2.401222,35.818268,16.595856,7.12042300000002,0.0512380000000001,0.00142599999999993,0.570007000000032,-2.05999799999999,-5.03997800000002,-0.980003000000011,0.0100020000000001,-2.270004
"196",-2143.42188,-147.301635,-0.0802050000000001,-0.00543,-49.151062,-0.069464,-3.622694,-28.931946,-18.241226,-13.300232,-0.149025,0.000175000000000036,-20.650024,-2.550003,11.2799680000001,0.690002000000007,0.759994999999989,1.36999499999999
"197",2275.01563,117.496459,0.044287,0.002436,28.966553,0.0335360000000001,1.569716,43.379578,7.57934499999999,12.253387,0.105792,-0.00168799999999991,12.830017,3.540001,6.94000299999993,0.800003000000004,1.150001,0.910003000000017
"198",-78.9492200000022,-16.4648430000002,-0.0158959999999999,0.000220000000000005,-11.857361,-0.020429,-1.112433,35.140076,-5.14065499999998,3.84130900000002,0.239901,0.000931000000000015,-6.77996799999994,-0.629997000000003,3.32000700000003,1.209999,-0.589995999999999,0.23001099999999
"199",1648.44922,67.2443840000001,0.112587,0.00908299999999999,39.079529,0.104205,1.47296,145.544189,22.632004,41.701508,-0.111544,-0.00116100000000008,24.9599599999999,-1.900001,32.3599850000001,-2.849998,-4.18000000000001,-3.13000500000001
"200",3610.0039,159.834473,0.0956589999999999,0.022678,72.079101,0.064764,2.351208,-49.136108,22.487106,11.678588,0.077626,-0.00066199999999994,60.3400270000001,0.369995000000003,18.8200079999999,-0.190003000000004,1.61000000000001,-0.139998999999989
"201",-393.761719999995,135.917236,0.043634,0.028072,71.838074,-0.018621,5.967075,0.00531000000000859,12.766937,-5.55758600000001,-0.0332479999999999,0.00231499999999996,-30.0900270000001,-0.430001000000004,-16.099976,-1.02999899999999,-1.639999,-2.550003
"202",204.316409999999,84.011231,0.026168,0.06069,49.452088,0.004305,1.329452,-6.95977800000003,6.84219399999995,22.584411,0.0561809999999998,-0.000712999999999964,6.61999600000001,-2.489998,34.409973,0.829994999999997,4.459999,3.08999600000001
"203",-1741.22266,-87.1696780000002,-0.0646389999999999,0.183663,242.498779,-0.0277770000000001,-0.651607000000006,-32.411896,24.022125,-2.50412,0.00523899999999999,0.00146800000000002,0.930053000000044,0.489998,-8.98999000000003,-0.269997000000004,-0.859999999999999,0.370010999999977
"204",-5848.52343,-265.757812,-0.21899,0.041448,-216.525574,-0.112029,-6.222172,-5.12725800000004,-48.693512,13.892548,-0.203127,-0.00248000000000004,-25.150024,-3.439994,-22.030029,-1.119999,-1.040001,-2.96000699999999
"205",748.765619999998,164.022217,0.0679749999999999,-0.087818,46.858215,0.0267160000000001,3.071251,81.9361880000001,-0.977874999999983,45.574982,-0.051274,7.29999999999897e-05,4.35998500000005,-0.450005000000004,-7.61999500000002,-0.93,-1.84000399999999,-1.85000600000001
"206",-2566.94141,34.5407709999999,-0.059199,-0.012575,-27.081176,-0.035862,-2.514275,-41.0055540000001,-2.13574199999999,-21.426911,-0.0435099999999999,-5.99999999995049e-06,25.130005,2.450005,7.57000700000003,1,2.34000399999999,2.790008
"207",-2143.8164,38.7834469999998,-0.0597179999999999,-0.045958,-59.82782,-0.041742,-1.202953,-40.01056,-5.72724900000003,-31.740997,-0.127481,0.00015799999999988,-24.429993,-2.08000200000001,-20.409973,-1.130001,-2.550003,-3.220001
"208",-668.621099999997,-39.9489739999999,0.00868500000000005,-0.012458,-15.230713,0.000545999999999991,-0.174927000000004,20.552247,-11.719574,6.84344499999997,0.082476,7.2000000000072e-05,9.71002199999998,3.31999900000001,16.5999750000001,-3.329998,3.70000400000001,2.459992
"209",2928.10157,170.895507,0.078317,0.022165,10.622864,0.034718,0.0775070000000042,8.01245100000006,6.04715000000002,47.526153,0.0109350000000001,-0.000119999999999898,8.79998799999998,2.879998,8.51000999999997,-0.480003999999994,2.650002,3.53001399999999
"210",1011.36328,128.383545,0.072908,0.00151399999999996,38.3924559999999,0.023869,1.672081,33.8928219999999,12.246353,0.35635400000001,0.0601149999999999,1.9999999999909e-05,-33.460022,-0.25,-3.84997499999997,-0.789997,-0.200005000000004,-0.950011999999987
"211",-208.414059999996,83.514893,0.0287390000000001,0.051494,21.983276,-0.01213,-0.587229999999998,-5.83795199999997,-1.14712600000001,11.714569,-0.056548,-1.00000000000655e-05,-10.339966,-1.609993,-4.20001300000001,-0.350002000000003,-1.19000199999999,-1.439988
"212",-1269.59375,10.4968260000001,-0.027652,-0.018513,-29.180481,-0.005552,0.224181999999999,37.073975,-2.91989100000001,-7.12039199999998,-0.0106069999999998,-8.59999999999195e-05,-17.400024,-0.560006000000001,1.919983,0.659999999999997,-0.109993000000003,6.10998599999999
"213",4195.0664,16.330078,0.044435,0.032392,112.760315,0.0377290000000001,1.683487,24.374023,15.581818,14.530732,0.0743379999999998,4.29999999999042e-05,32.440002,-2.36,-12.6099850000001,-0.75,-2.290001,-3.87998999999999
"214",-549.882809999996,657.879151,0.00958100000000006,0.104146,23.874329,0.022616,3.931301,51.603516,23.536926,-10.0501410000001,0.0291060000000001,0.000156000000000045,-24.539978,-0.799995999999993,-6.910034,-0.270000999999993,-3.06999999999999,-1.37001000000001
"215",-3866.75391,-177.456787,-0.0879190000000001,0.099627,-62.117554,-0.0488190000000001,3.626331,-64.4837649999999,11.530487,-31.634216,-0.120423,-0.000213999999999936,-11.3000480000001,-0.58000100000001,-19.419983,-0.359996000000002,0.0599979999999931,-3.30999800000001
"216",4090.46875,269.153808,0.201418,0.116299,499.752625,0.100106,3.743157,40.462403,49.802582,37.00238,0.194373,-7.6000000000076e-05,-2.65997399999992,0.0199960000000061,4.29003899999998,-0.0500040000000013,-0.779999000000004,0.529999000000004
"217",-1027.49218,-31.9028319999998,0.174595,-0.076829,50.830688,0.0476030000000001,-2.301892,-18.382324,-2.52673400000003,5.30853300000001,0.0343230000000001,0.000294000000000127,-7.40002400000003,1.620003,2.57995600000004,0.340001000000001,0.0599970000000098,1.35000600000001
"218",959.886709999999,-6.15136700000039,0.00332900000000014,0.103973,-162.51831,-0.0206550000000001,2.183796,-8.71710299999995,-7.25677399999995,34.627594,0.00741499999999995,-2.99999999997524e-06,8.830017,-0.169998000000007,11.570007,0.479998999999999,0.91999899999999,1.85000600000001
"219",-1496.60546,467.564941,-0.00875700000000013,-0.234813,-21.8463139999999,0.0292020000000001,-2.842502,6.78869699999996,13.075744,-15.507629,-0.092622,-2.90000000000568e-05,-43.330017,-4.520004,-21.8599850000001,-1.699997,-2.81999999999999,-8.91000400000001
"220",844.777340000001,216.407227,0.119381,0.045267,221.023926,0.070417,2.286068,40.981933,18.059479,11.893768,0.0784590000000001,-0.000170000000000003,-11.839966,0.540000000000006,1.61999500000002,-0.930000000000007,0.840003999999993,-0.570007000000004
"221",-7554.03906,-382.852539,-0.211302,-0.109855,-332.618164,-0.141291,-7.721055,-84.1487420000001,-74.303925,-61.148193,-0.2155,2.59999999999705e-05,-27.3099970000001,-4.639999,-21.909973,-1.420002,-2.19000299999999,-3.74999199999999
"222",565.65625,-70.7001949999999,0.380893,0.104998,41.885254,0.055446,2.056122,-16.7506719999999,13.824463,9.97454800000003,0.0138860000000001,-0.000125000000000042,-18.2000129999999,0.540001000000004,-3.73004199999991,0.389999000000003,-1.550003,2.489998
"223",164.34375,363.908935,0.0711279999999999,0.06923,46.9726559999999,0.023891,3.45707,31.6937869999999,9.324524,10.182922,0.0267629999999999,9.70000000000137e-05,18.049988,3.709999,23.1099859999999,1.34,1.5,3.039993
"224",-6343.02344,-796.659668,0.0274300000000003,-0.071712,-230.007935,-0.022441,-9.352463,-91.16391,-44.464538,-72.658569,-0.156051,-0.000163000000000024,-12.909973,-2.65999599999999,-3.09997599999997,-0.019995999999999,0.0600060000000013,-0.349990999999989
"225",-628.109380000002,97.6723630000001,-0.0285640000000003,-0.011777,22.893311,0.00151400000000002,5.350876,-3.94207799999998,12.850006,1.37976099999997,0.0438540000000001,0.000878000000000045,1.03997800000002,1.039993,-5.98999000000003,-0.490001999999997,-0.209999999999994,-0.889999000000017
"226",-5906.96093,-919.390869,-0.521141,-0.142992,-384.754334,-0.196688,-15.843355,-168.996826,-105.099152,-141.234406,-0.345166,0.000936000000000048,-14.409973,1.560006,2,0.520000999999993,1.79000099999999,1.75
"227",3780.29687,323.61499,0.327948,0.067071,114.804688,0.047163,4.079269,54.58728,22.755966,82.396179,0.115965,0.000235999999999903,23.320007,0.879997000000003,21.869995,0.590000000000003,1.829995,1.979995
"228",-3478.04687,-353.672851,-0.258192,-0.040812,-133.643372,-0.078235,-5.203651,-67.316436,-32.079101,-25.656952,-0.117198,3.5999999999925e-05,-5.90002400000003,-1.430001,15.169983,0.130001,-0.889999999999986,-1.179992
"229",1401.28906,212.969726,-0.00279199999999991,0.00678000000000001,60.4645390000001,0.020347,0.785381000000001,19.013305,3.797088,-1.39872699999998,-0.035494,-0.000415999999999972,25.5599970000001,1.779999,24.809997,0.879997000000003,0.270004,1.449997
"230",-303.757810000003,63.0378419999997,0.005884,-0.01986,-28.473877,-0.010889,1.26688,-1.19564800000001,-0.496230999999995,-8.25466900000001,0.012768,-0.000322999999999851,-1.75,0.650002000000001,1.42999300000008,-0.0900000000000034,0.41999899999999,0.839996000000014
"231",891.976560000003,182.069824,0.227333,0.00739099999999998,45.101013,0.015861,6.355036,35.740326,15.726441,21.465317,0.149726,0.000616999999999868,14.4400029999999,1.720001,2.09002699999996,0.0499989999999997,0.479995000000002,-0.660003999999986
"232",-857.230470000002,-152.210205,-0.136742,-0.020748,-19.09375,-0.026083,-2.470162,-12.198517,-6.103241,-17.908753,-0.044795,-0.00077499999999997,11.719971,-0.230002999999996,-8.47997999999995,0.810001999999997,0.0800020000000075,0.550002999999975
"233",-2739.36328,-316.582275,-0.133973,-0.02174,-56.007202,-0.019799,-3.56302,-37.775879,-15.800431,12.15094,-0.0947359999999999,-0.00051000000000001,-5.63000499999998,1.59000399999999,30.260009,-0.610000999999997,1.66000399999999,0.899994000000021
"234",987.320309999996,213.612061,0.222766,0.058872,1.45599400000003,0.018918,2.74732,32.914734,5.66003499999999,2.95431500000001,-0.000357999999999969,-0.000372000000000039,-1.31994699999996,1.150001,0.799987999999985,-0.229999999999997,0.729996,-0.599991000000017
"235",890.253909999999,72.6066890000002,0.0180709999999999,0.053297,6.509094,0.00129999999999997,-0.0427120000000016,38.467682,4.28327900000002,28.317231,0.0503779999999999,0.000441000000000136,-18.780029,0.439994999999996,20.549988,0.590000999999994,1.160003,-0.119994999999989
"236",1633.58594,149.001465,0.087647,-0.023411,20.535217,0.00633300000000003,1.534258,26.545593,5.822205,14.09671,0.031987,2.10000000000488e-05,-32.2799680000001,-2.129997,7.65997300000004,-1.239998,-1.69000199999999,-2.040008
"237",-2314.35938,-166.931397,-0.129563,-0.02364,-47.309021,-0.040304,-3.314806,-36.412597,-14.214173,-20.725067,-0.0680839999999999,0.000466999999999995,26.209961,2.69000200000001,24.340027,1.129997,1.30000299999999,2.55999700000001
"238",-3333.69922,-97.9318840000001,-0.146802,-0.045273,-75.0612789999999,-0.038807,-4.348543,-34.085114,-17.139206,-38.53035,-0.061408,-0.000249000000000166,6.080017,-1.290001,1.63000499999998,-0.279998999999997,-0.230003999999994,-1.01998900000001
"239",-88.074219999995,-72.8244629999999,0.0239240000000001,-0.003363,1.0144039999999,0.00433500000000003,-0.352312000000001,-3.30883799999998,-0.571731,5.94206199999999,-0.027931,0.000401000000000096,-1.53997800000002,-2.30000299999999,-6.47998099999995,-0.0900000000000034,-0.459998999999996,0.879989999999992
"240",3872.48828,90.8283689999998,0.0367960000000001,0.015644,36.0512090000001,0.013724,1.394444,21.733307,10.977585,19.456238,0.0289430000000001,-0.000618000000000007,-4.80999799999995,1.209999,-3.95001200000002,0,-0.930000000000007,-1.30999800000001
"241",-642.523430000001,-136.748535,-0.0929690000000001,-0.01698,-30.297364,-0.025081,-2.468663,-23.551483,-3.93559299999998,-18.975769,-0.036427,0.000165999999999888,11.339966,1.110001,2.669983,0.380001,1.599999,1.33000200000001
"242",631.800779999998,-117.749756,-0.0954790000000001,-0.006992,-24.5745850000001,-0.020549,-1.621711,-6.24951199999998,-5.32254,-12.374298,-0.017279,-0.000226999999999977,-0.229980000000069,0.0100020000000001,16.01001,0.469996999999999,-0.25,0.399993999999992
"243",2884.07812000001,184.122314,0.138732,0.012726,47.0979620000001,0.029641,2.381931,22.85907,10.068573,26.953888,0.00781100000000001,0.000115000000000087,7.7999870000001,2.739998,7.73999000000003,0.340001000000001,0.240005000000011,2.69000300000002
"244",187.792969999995,73.0456549999999,0.0226459999999999,-0.00370400000000004,13.8350830000001,-0.00448799999999999,2.223328,4.77340700000002,5.71032700000001,9.56021099999998,0.057989,-0.000248999999999944,-18.330017,-1.540001,-9.21002199999998,-0.199997000000003,-1.08000200000001,-1.729996
"245",-2059.20703,-243.273194,-0.115183,-0.02062,-46.157959,-0.026441,-3.069149,-26.532715,-12.200485,-17.277069,-0.055523,-0.000353999999999965,5.51000999999997,-1.42999999999999,0.869995000000017,-0.770000999999993,-0.359999999999999,-0.630005000000011
"246",-293.558590000001,4.3383789999998,-0.000378999999999907,-0.00126500000000002,6.3112789999999,0.000187999999999966,0.341713000000002,5.70507799999996,0.596755999999999,14.890411,0.000719000000000025,0.000721999999999889,11.729981,1.10000599999999,33.880005,-0.0400010000000037,4.449997,0.400009000000011
"247",-2266.25782,-140.268799,-0.0667979999999999,-0.013024,-36.071106,-0.019905,-2.14564,-15.928833,-10.700058,-12.264526,-0.046611,0.001004,6.71002199999998,-3.33000199999999,-0.739990000000034,-1.510002,0.0900040000000075,-2.35000600000001
